Department,Department Name,Division,Gender,Base Salary,2025 Overtime Pay,2025 Longevity Pay,Grade
ABS,Alcohol Beverage Services,ABS 85 IT Administration,M,174641.65,0,0,M3
CUS,Community Use of Public Facilities,CUS 70 Finance and Administrative Support Team,F,146133.24,0,0,M3
DGS,Department of General Services,DGS 36 Fleet Management Services,F,90149,651.7,2884.02,16
CEX,Offices of the County Executive,CEX 15 Chief Administrative Officer's Office,F,207000,0,0,EX2
HHS,Department of Health and Human Services,HHS 60 Office of Eligibility and Support Services,F,94134,0,8843.8,N17
OAG,Office of Agriculture,OAG 78 Agricultural Services,F,112166,0,3588.34,N21
COR,Correction and Rehabilitation,COR 42 MSD Fiscal Services,F,170580.09,0,0,M3
HHS,Department of Health and Human Services,HHS 60 Public Health Services Division,F,134086,0,8718.54,N25
HHS,Department of Health and Human Services,HHS 60 Office of Eligibility and Support Services,F,107323,0,3433.42,20
DGS,Department of General Services,DGS 36 Real Estate Office,F,174641.65,0,0,M3
DOT,Department of Transportation,DOT 50 Transit COS Taxicab Regulation,F,112166,0,8339.57,21
SHF,Sheriff's Office,SHF 48 Administration,F,133946.53,0,0,N25
TBS,Department of Technology and Enterprise Business Solutions,TBS 34 CIO Finance and Human Resources,F,122603,0,0,N23
HHS,Department of Health and Human Services,HHS 60 Chief Operating Officer Division,M,200829,0,0,M2
OHR,Office of Human Resources,OHR 33 Administrative Services Team,F,200829,0,0,M2
HHS,Department of Health and Human Services,HHS 60 Public Health Services Division,F,122603,0,7971.76,N23
HHS,Department of Health and Human Services,HHS 60 Chief Operating Officer Division,F,134086,0,8718.54,N25
HHS,Department of Health and Human Services,HHS 60 Children Youth and Family Services Division,F,98322,0,9618.98,18
IGR,Office of Intergovernmental Relations Department,IGR 20 Office of Intergovernmental Relations,F,112166,7.65,2499.3,N21
DOT,Department of Transportation,DOT 50 Director Management Services,F,122603,0,7971.76,N23
DGS,Department of General Services,DGS 36 Building Design and Construction,F,153585,0,10190.94,28
HHS,Department of Health and Human Services,HHS 60 Chief Operating Officer Division,M,223879.77,0,0,M1
FIN,Department of Finance,FIN 32 Accounts Payable,M,134086,0,4289.54,N25
HHS,Department of Health and Human Services,HHS 60 Services to End and Prevent Homelessness Division,F,140274,0,0,N26
POL,Department of Police,POL 47 HQ Office of the Chief,M,139532,7163.8,13276.92,A1
DOT,Department of Transportation,DOT 50 Highway Services,F,86352,11279.46,3289.15,15
DGS,Department of General Services,DGS 36 Fleet Management Administration,M,200829,0,0,M2
DEP,Department of Environmental Protection,DEP 80 Waste Reduction and Recycling,F,174641.65,0,0,M3
BOA,Board of Appeals Department,BOA 02 Board of Appeals Division,F,98322,0,9237.38,N18
COR,Correction and Rehabilitation,COR 42 MSD Fiscal Services,F,135931.43,0,8668.08,N26
HHS,Department of Health and Human Services,HHS 60 Aging & Disability Services Division,F,112166,0,11118.46,21
HCA,Department of Housing and Community Affairs,HCA 76 Finance and Administration Division,F,122603,0,7971.76,N23
OMB,Office of Management and Budget,OMB 31 Office of Management and Budget,M,217338.65,0,0,M1
DPS,Department of Permitting Services,DPS 75 Customer Support,M,94134,18.14,9330.92,17
PRO,Office of Procurement,PRO 35 Procurement Services Section,M,87523,0,3741.12,16
HHS,Department of Health and Human Services,HHS 60 Chief Operating Officer Division,F,138111.54,0,0,N26
HHS,Department of Health and Human Services,HHS 60 Behavioral Health and Crisis Services Division,F,90149,6038.3,8936.04,16
FIN,Department of Finance,FIN 32 General Accounting,F,134086,0,12597.4,N25
FRS,Fire and Rescue Services,FRS 45 Procurement,F,90149,0,8936.04,16
HHS,Department of Health and Human Services,HHS 60 Aging & Disability Services Division,F,134086,0,2987.7,N25
DGS,Department of General Services,DGS 36 Real Estate Office,F,98322,0,3145.54,18
HHS,Department of Health and Human Services,HHS 60 Chief Operating Officer Division,F,94134,538.31,2668.44,N17
LIB,Department of Public Libraries,LIB 71 Director's Office,F,90149,0,5861.66,16
POL,Department of Police,POL 47 MSB Budget and Capital Management Division Financial and Grants Management Section,F,90149,22844.56,5861.66,16
ABS,Alcohol Beverage Services,ABS 85 Administrative Services,F,112166,0,5213.4,21
REC,Department of Recreation,REC 72 Facilities Division,M,112166,561.88,9522.25,21
DPS,Department of Permitting Services,DPS 75 Customer Support,F,102711,0,9205.8,19
ABS,Alcohol Beverage Services,ABS 85 Administrative Services,M,146770,0,2646,N27
HHS,Department of Health and Human Services,HHS 60 Services to End and Prevent Homelessness Division,F,117252,0,7623.88,22
FRS,Fire and Rescue Services,FRS 45 Budgets and Grants,F,122603,0,7971.76,23
FRS,Fire and Rescue Services,FRS 45 Property and Supply,M,94134,748.58,3375.87,17
HHS,Department of Health and Human Services,HHS 60 Chief Operating Officer Division,M,136188,0,69.26,N26
OMB,Office of Management and Budget,OMB 31 Office of Management and Budget,F,153585,0,0,N28
CEX,Offices of the County Executive,CEX 15 Chief Administrative Officer's Office,F,223879.77,0,0,M1
DPS,Department of Permitting Services,DPS 75 Central Services Unit,F,112166,0,10538.02,N21
HRC,Office of Human Rights,HRC 46 Director's Office,M,90149,6024.16,0,N16
BOA,Board of Appeals Department,BOA 02 Board of Appeals Division,F,90149,0,0,N16
DPS,Department of Permitting Services,DPS 75 Director's Office,M,157238.4,0,0,M3
HHS,Department of Health and Human Services,HHS 60 Children Youth and Family Services Division,F,184949.3,0,0,M2
DOT,Department of Transportation,DOT 50 Transportation Engineering Administration,F,134086,0,12423.93,N25
FRS,Fire and Rescue Services,FRS 45 EMS Billing,F,174642,0,0,M3
FIN,Department of Finance,FIN 32 Division of the Treasury,M,200829,0,0,M2
FIN,Department of Finance,FIN 32 Tax Operations,F,90149,0,5861.66,16
FIN,Department of Finance,FIN 32 Operations and Administration - Risk Management,F,174641.65,0,0,M3
HHS,Department of Health and Human Services,HHS 60 Public Health Services Division,F,87523,0,847.5,16
PRO,Office of Procurement,PRO 35 Procurement Services Section,F,170026.78,0,0,M3
CEC,Community Engagement Cluster,CEC 16 Regional Services Centers,M,208000,0,0,EX3
TBS,Department of Technology and Enterprise Business Solutions,TBS 34 CIO Vendor and Contract Management,F,134086,0,8718.54,25
HHS,Department of Health and Human Services,HHS 60 Chief Operating Officer Division,F,134086,0,8718.54,N25
OIG,Office of the Inspector General,OIG 06 Office of the Inspector General,F,153585,0,9986.28,N28
HHS,Department of Health and Human Services,HHS 60 Public Health Services Division,F,90149,0,7653.11,16
HHS,Department of Health and Human Services,HHS 60 Director's Office Division,F,134086,0,4289.54,N25
HHS,Department of Health and Human Services,HHS 60 Services to End and Prevent Homelessness Division,F,112166,0,3588.34,21
ABS,Alcohol Beverage Services,ABS 85 Administrative Services,F,90149,0,8936.04,16
HHS,Department of Health and Human Services,HHS 60 Office of Eligibility and Support Services,M,122603,0,9115.42,23
TBS,Department of Technology and Enterprise Business Solutions,TBS 34 CIO Finance and Human Resources,F,112166,0,868.9,21
HHS,Department of Health and Human Services,HHS 60 Office of Eligibility and Support Services,F,94134,0,6120.72,N17
DGS,Department of General Services,DGS 36 Administration and Budget,F,134086,23.58,12597.4,N25
HHS,Department of Health and Human Services,HHS 60 Behavioral Health and Crisis Services Division,F,112166,0,3588.34,21
TBS,Department of Technology and Enterprise Business Solutions,TBS 34 ODT Payroll/Comp/BI,F,174641.65,0,0,M3
FIN,Department of Finance,FIN 32 Director's Office,F,223879.77,0,0,M1
DOT,Department of Transportation,DOT 50 Highway Services,F,124757.84,2825.44,242.53,N25
POL,Department of Police,POL 47 MSB Budget & Capital Management Division,F,120866.05,79.32,0,23
HHS,Department of Health and Human Services,HHS 60 Services to End and Prevent Homelessness Division,F,94134,0,8843.8,N17
FIN,Department of Finance,FIN 32 Grants Accounting,M,122603,0,12153,23
FIN,Department of Finance,FIN 32 Accounts Payable,F,90149,0,8936.04,16
OMB,Office of Management and Budget,OMB 31 Office of Management and Budget,F,168264,0,4157.64,N30
DEP,Department of Environmental Protection,DEP 80 Strategic and Administrative Services Division,F,122603,0,11518.52,N23
REC,Department of Recreation,REC 72 Facilities Division,M,134086,0,0,N25
DEP,Department of Environmental Protection,DEP 80 Strategic and Administrative Services Division,M,134086,0,4289.54,25
DOT,Department of Transportation,DOT 50 Highway Services,M,117252,33030.38,11622.56,22
DOT,Department of Transportation,DOT 50 Highway Administration,M,169555,0,0,M3
TBS,Department of Technology and Enterprise Business Solutions,TBS 34 CIO System Center Configuration Management,M,153585,0,9986.28,N28
DEP,Department of Environmental Protection,DEP 80 Materials Management,M,146770,0,9543.1,27
REC,Department of Recreation,REC 72 Countywide Programs,F,90149,0,5861.66,16
DGS,Department of General Services,DGS 36 Central Duplicating,M,72898,0,7226.02,11
DOT,Department of Transportation,DOT 50 Transportation Planning and Design Section,M,167000,0,0,M3
DGS,Department of General Services,DGS 36 Fleet Management Administration,M,104197,0,3551.51,20
DGS,Department of General Services,DGS 36 Facilities Major Programs,M,153585,0,15224,28
REC,Department of Recreation,REC 72 Facilities Division,F,156054.04,0,0,M3
OHR,Office of Human Resources,OHR 33 Recruitment and Selection,F,134086,0,8718.54,N25
FRS,Fire and Rescue Services,FRS 45 Admin Services,F,122603,36202.75,10884.04,N23
PRO,Office of Procurement,PRO 35 Procurement Operations Section,F,146770,0,4695.32,27
LIB,Department of Public Libraries,LIB 71 White Oak Library,F,172137.31,0,0,N25
DOT,Department of Transportation,DOT 50 Parking Management Engineering and Capital Project Management,M,128198,20868.32,11546.58,N24
DOT,Department of Transportation,DOT 50 Transportation Planning and Design Section,M,174641.65,0,0,M3
TBS,Department of Technology and Enterprise Business Solutions,TBS 34 CIO Finance and Human Resources,F,130181,0,4852.54,N25
OMB,Office of Management and Budget,OMB 31 Office of Management and Budget,M,200291.23,0,0,M2
HHS,Department of Health and Human Services,HHS 60 Chief Operating Officer Division,F,122603,0,0,N23
TBS,Department of Technology and Enterprise Business Solutions,TBS 34 OBP Data Center Management,M,153585,0,14429.2,N28
DOT,Department of Transportation,DOT 50 Highway Services,M,140274,0,9120.82,N26
DOT,Department of Transportation,DOT 50 Transportation Management,F,86352,2433.76,8559.6,15
DOT,Department of Transportation,DOT 50 Parking Management Engineering and Capital Project Management,M,153585,0,15224,28
HHS,Department of Health and Human Services,HHS 60 Aging & Disability Services Division,F,67611.75,0,2163.08,16
DEP,Department of Environmental Protection,DEP 80 Recycling and Refuse Services,F,134086,773.58,0,N25
DGS,Department of General Services,DGS 36 Fleet Automotive Heavy Equipment,F,87523,0,2446.07,16
DGS,Department of General Services,DGS 36 Property Management,M,128198,20404.54,4883.08,N24
FIN,Department of Finance,FIN 32 Accounts Receivable,F,174641.65,0,0,M3
TBS,Department of Technology and Enterprise Business Solutions,TBS 34 CIO Finance and Human Resources,F,90149,0,3000.37,16
DOT,Department of Transportation,DOT 50 Transit Management Services,M,134086,0,4289.54,N25
FRS,Fire and Rescue Services,FRS 45 Internal Affairs,F,90149,0,8936.04,16
DOT,Department of Transportation,DOT 50 Transit Management Services,F,134086,0,9611.94,N25
DEP,Department of Environmental Protection,DEP 80 Resource Conversion,F,134086,0,2987.7,N25
HHS,Department of Health and Human Services,HHS 60 Office of Eligibility and Support Services,F,90149,0,5861.66,16
HHS,Department of Health and Human Services,HHS 60 Child Welfare Services,F,140274,0,0,N26
DGS,Department of General Services,DGS 36 Central Duplicating,M,90149,0,8003,16
DGS,Department of General Services,DGS 36 Central Duplicating,M,174641.65,0,0,M3
HHS,Department of Health and Human Services,HHS 60 Chief Operating Officer Division,M,122603,0,3922.18,23
ABS,Alcohol Beverage Services,ABS 85 Administration,M,200829,0,0,M2
HCA,Department of Housing and Community Affairs,HCA 76 Asset Management,F,134086,0,8718.54,25
HHS,Department of Health and Human Services,HHS 60 Behavioral Health and Crisis Services Division,M,122603,0,2434.28,N23
DGS,Department of General Services,DGS 36 Fleet Management Services,F,134086,0,0,N25
DGS,Department of General Services,DGS 36 Contracting and Accounts Payable,M,122603,0,7971.76,23
HHS,Department of Health and Human Services,HHS 60 Child Welfare Services,F,79296,0,7860.22,13
HHS,Department of Health and Human Services,HHS 60 Chief Operating Officer Division,F,122603,0,12153,23
HHS,Department of Health and Human Services,HHS 60 School Health Services,F,79296,0,7860.22,13
HHS,Department of Health and Human Services,HHS 60 Aging & Disability Services Division,F,134086,0,12597.4,N25
DPS,Department of Permitting Services,DPS 75 Customer Support,F,94134,217.65,8601.72,17
POL,Department of Police,POL 47 FSB Traffic Division Vehicle Recovery Section,F,108899,2247.5,1434.09,13
HHS,Department of Health and Human Services,HHS 60 Child Welfare Services,F,112166,0,3043.82,21
HHS,Department of Health and Human Services,HHS 60 Aging & Disability Services Division,F,90149,0,1931.79,16
CUS,Community Use of Public Facilities,CUS 70 Finance and Administrative Support Team,M,153585,0,9986.28,N28
FIN,Department of Finance,FIN 32 Tax Operations,F,174642,0,0,M3
HHS,Department of Health and Human Services,HHS 60 Office of Eligibility and Support Services,M,90149,0,112.69,16
HHS,Department of Health and Human Services,HHS 60 Services to End and Prevent Homelessness Division,F,122603,0,3922.18,23
FIN,Department of Finance,FIN 32 Tax Operations,F,112166,0,0,N21
FRS,Fire and Rescue Services,FRS 45 Length of Service Awards Program,F,112166,8974.62,7293.28,21
OHR,Office of Human Resources,OHR 33 Director's Office,F,253000,0,0,EX1
HHS,Department of Health and Human Services,HHS 60 Aging & Disability Services Division,M,107323,0,8972.2,20
OMB,Office of Management and Budget,OMB 31 Office of Management and Budget,F,168264,0,10940.7,N30
DGS,Department of General Services,DGS 36 Property Management,M,128198,36746.14,12044.16,N24
HHS,Department of Health and Human Services,HHS 60 Aging & Disability Services Division,M,134086,257.86,0,N25
FRS,Fire and Rescue Services,FRS 45 Procurement,F,90149,0,5861.69,16
DPS,Department of Permitting Services,DPS 75 Zoning Review,M,128198,0,8335.6,24
DGS,Department of General Services,DGS 36 Property Management,M,128198,71513.87,7070.72,N24
REC,Department of Recreation,REC 72 Business Services,F,90149,403.74,5815.85,16
FIN,Department of Finance,FIN 32 Tax Operations,F,90149,807.45,5861.66,16
HHS,Department of Health and Human Services,HHS 60 Chief Operating Officer Division,F,134086,1066.27,4289.54,N25
HHS,Department of Health and Human Services,HHS 60 Aging & Disability Services Division,F,112166,0,0,N21
DPS,Department of Permitting Services,DPS 75 Central Services Unit,F,151906.95,0,3086.89,M3
HHS,Department of Health and Human Services,HHS 60 Behavioral Health and Crisis Services Division,F,90149,0,8352.89,16
CEX,Offices of the County Executive,CEX 15 Chief Administrative Officer's Office,F,98322,0,0,N18
DGS,Department of General Services,DGS 36 Building Design and Construction,F,90149,0,8936.04,16
FIN,Department of Finance,FIN 32 Grants Accounting,M,136188,0,0,N26
HHS,Department of Health and Human Services,HHS 60 Behavioral Health and Crisis Services Division,F,112166,0,11118.46,21
HHS,Department of Health and Human Services,HHS 60 Behavioral Health and Crisis Services Division,M,61301.48,0,6272.89,23
HHS,Department of Health and Human Services,HHS 60 Public Health Services Division,F,134086,0,0,N25
FIN,Department of Finance,FIN 32 Treasury Operations,F,94134,0,6120.72,N17
ABS,Alcohol Beverage Services,ABS 85 Wholesale Operations,F,112166,0,11118.46,21
CUS,Community Use of Public Facilities,CUS 70 Director,F,223879.77,0,0,M1
DOT,Department of Transportation,DOT 50 Parking Management Administration,M,112166,0,7293.28,21
DGS,Department of General Services,DGS 36 Central Services,F,187607.39,0,0,M2
DOT,Department of Transportation,DOT 50 Highway Services,M,140274,0,9120.82,N26
FIN,Department of Finance,FIN 32 Timekeeping and Payroll,F,200829,0,0,M2
HHS,Department of Health and Human Services,HHS 60 Office of Eligibility and Support Services,F,90149,0,5234.84,16
OLR,Office of Labor Relations,OLR 26 Labor Relations Division,F,140274,0,1143.99,N26
PRO,Office of Procurement,"PRO 35 MFD (Minority, Female, and Disabled Persons Program)",M,122603,0,12153,23
DOT,Department of Transportation,DOT 50 Transportation Engineering Administration,M,140274,0,13904.58,26
OMB,Office of Management and Budget,OMB 31 Office of Management and Budget,F,255000,0,0,EX1
DOT,Department of Transportation,DOT 50 Commuter Services,F,90149,0,4732.06,16
POL,Department of Police,POL 47 FSB Traffic Division Automated Traffic Enforcement Section,M,122603,0,0,N23
FRS,Fire and Rescue Services,FRS 45 Procurement,F,112166,0,11118.46,21
HHS,Department of Health and Human Services,HHS 60 Aging & Disability Services Division,F,107323,0,8408.46,20
ABS,Alcohol Beverage Services,ABS 85 Administrative Services,F,112166,0,7442.75,21
TBS,Department of Technology and Enterprise Business Solutions,TBS 34 OSP Infrastructure and Cloud Services,M,191708,0,12465.04,N34
DGS,Department of General Services,DGS 36 Fleet Management Administration,F,94134,0,6120.72,N17
OHR,Office of Human Resources,OHR 33 Administrative Services Team,F,122603,0,3922.18,N23
HHS,Department of Health and Human Services,HHS 60 Public Health Services Division,F,107323,0,6978.26,20
DOT,Department of Transportation,DOT 50 Transportation Management,M,86352,4368.77,5614.68,15
DPS,Department of Permitting Services,DPS 75 Customer Support,F,102711,0,10181.2,19
DPS,Department of Permitting Services,DPS 75 Customer Support,M,94134,0,9330.92,17
OCP,Office of Consumer Protection,OCP 39 Investigations,M,134086,0,9433.26,25
DGS,Department of General Services,DGS 36 Building Design and Construction,F,174641.65,0,0,M3
OHR,Office of Human Resources,OHR 33 Administrative Services Team,F,140274,0,4487.56,N26
DOT,Department of Transportation,DOT 50 Parking Management Engineering and Capital Project Management,M,153585,0,1919.9,28
OHR,Office of Human Resources,OHR 33 Health and Employee Welfare,F,134086,0,4289.54,N25
HHS,Department of Health and Human Services,HHS 60 Chief Operating Officer Division,F,134086,0,2317.26,N25
DPS,Department of Permitting Services,DPS 75 Customer Support,M,94134,3407.16,9330.92,17
DGS,Department of General Services,DGS 36 Director,M,256000,0,0,EX1
FIN,Department of Finance,FIN 32 Director's Office,F,200829,0,0,M2
HHS,Department of Health and Human Services,HHS 60 Behavioral Health and Crisis Services Division,F,134086,0,12597.4,N25
DOT,Department of Transportation,DOT 50 Transportation Engineering Administration,F,122603,2591.25,11441.82,N23
PRO,Office of Procurement,PRO 35 Procurement Services Section,F,79296,0,6629.14,13
FIN,Department of Finance,FIN 32 Management and Operations - Director,F,153585,0,8446.68,N28
DGS,Department of General Services,DGS 36 Real Estate Office,F,90149,0,8936.04,16
FIN,Department of Finance,FIN 32 Tax Operations,F,90149,716.62,5861.66,16
FRS,Fire and Rescue Services,FRS 45 Facilities,M,174641.65,0,0,M3
HHS,Department of Health and Human Services,HHS 60 Children Youth and Family Services Division,F,134086,0,0,N25
DGS,Department of General Services,DGS 36 Building Design and Construction,M,153585,0,8254.23,28
HHS,Department of Health and Human Services,HHS 60 Aging & Disability Services Division,F,162663.15,0,0,M3
DGS,Department of General Services,DGS 36 Building Design and Construction,F,165780.51,0,0,M3
OAS,Office of Animal Services,OAS 38 Animal Services Division,F,90149,1414.54,8936.04,16
DEP,Department of Environmental Protection,DEP 80 Strategic and Administrative Services Division,M,140274,0,13178.66,N26
FRS,Fire and Rescue Services,FRS 45 Volunteer Services Division,F,90149,0,5861.66,16
HHS,Department of Health and Human Services,HHS 60 Office of Eligibility and Support Services,F,90149,0,8936.04,16
HHS,Department of Health and Human Services,HHS 60 Office of Eligibility and Support Services,F,107323,0,2910.2,20
HCA,Department of Housing and Community Affairs,HCA 76 Licensing,F,112166,0,11118.46,21
POL,Department of Police,POL 47 MSB Budget & Capital Management Division,F,134086,560.61,12597.4,N25
TBS,Department of Technology and Enterprise Business Solutions,TBS 34 OMC MC311,F,134086,0,8718.54,N25
OMB,Office of Management and Budget,OMB 31 Office of Management and Budget,F,134086,0,0,N25
DGS,Department of General Services,DGS 36 Building Design and Construction,M,174434.73,0,0,M3
OHR,Office of Human Resources,OHR 33 Professional Learning and Org Development,F,134086,0,4289.54,N25
DOT,Department of Transportation,DOT 50 Commuter Services,F,174641.65,0,0,M3
HHS,Department of Health and Human Services,HHS 60 Chief Operating Officer Division,F,90149,0,8936.04,16
FRS,Fire and Rescue Services,FRS 45 Training,F,123509.32,0,0,N25
REC,Department of Recreation,REC 72 Youth Development,M,122603,0,6459.66,N23
REC,Department of Recreation,REC 72 Countywide Programs,M,112166,0,11118.46,21
DGS,Department of General Services,DGS 36 Facilities Maintenance,M,117252,12563.6,7623.88,22
DEP,Department of Environmental Protection,DEP 80 Strategic and Administrative Services Division,F,134086,0,2987.7,N25
DOT,Department of Transportation,DOT 50 Director Management Services,M,153585,0,9986.28,N28
TBS,Department of Technology and Enterprise Business Solutions,TBS 34 OBP Data Center Management,M,104197,0,80.72,20
DOT,Department of Transportation,DOT 50 Director Management Services,M,200829,0,0,M2
DOT,Department of Transportation,DOT 50 Transportation Planning and Design Section,M,174642,0,0,M3
COR,Correction and Rehabilitation,COR 42 DS Food Services,F,90149,0,5861.66,16
PRO,Office of Procurement,PRO 35 Procurement Operations Section,M,122603,0,7971.76,23
OHR,Office of Human Resources,OHR 33 Equal Employment Opportunity & Diversity,F,191053.8,0,0,M2
DOT,Department of Transportation,DOT 50 Transportation System Engineering,M,174641.65,0,0,M3
PRO,Office of Procurement,PRO 35 Procurement Operations Section,M,134086,0,8718.54,25
HHS,Department of Health and Human Services,HHS 60 Chief Operating Officer Division,M,134086,0,8718.54,N25
DGS,Department of General Services,DGS 36 Building Design and Construction,M,174641.65,0,0,M3
HHS,Department of Health and Human Services,HHS 60 Office of Eligibility and Support Services,F,90149,0,5861.66,16
FIN,Department of Finance,FIN 32 General Accounting,M,140274,0,0,N26
DPS,Department of Permitting Services,DPS 75 Customer Support,F,91392,0,3893.78,17
HHS,Department of Health and Human Services,HHS 60 Office of Eligibility and Support Services,M,134086,0,12597.4,N25
DOT,Department of Transportation,DOT 50 Director's Office,F,174641.65,0,0,M3
DOT,Department of Transportation,DOT 50 Transportation Planning and Design Section,M,174642,0,0,M3
FRS,Fire and Rescue Services,FRS 45 Second Battalion - Administration,F,160741.57,0,16565.92,B3
REC,Department of Recreation,REC 72 Countywide Programs,M,112166,0,11118.46,21
DPS,Department of Permitting Services,DPS 75 Customer Support,M,94134,0,9330.92,17
TBS,Department of Technology and Enterprise Business Solutions,TBS 34 OSP Employee Productivity Services,F,149112,0,2050.29,N28
HHS,Department of Health and Human Services,HHS 60 Public Health Services Division,F,200829,0,0,M2
PRO,Office of Procurement,PRO 35 Office of Procurement,F,154500,0,0,M3
DOT,Department of Transportation,DOT 50 Parking Management Administration,M,174641.65,0,0,M3
HHS,Department of Health and Human Services,HHS 60 Child Welfare Services,F,174641.65,0,0,M3
HHS,Department of Health and Human Services,HHS 60 Behavioral Health and Crisis Services Division,F,90149,0,5861.66,16
DGS,Department of General Services,DGS 36 Fleet Management Administration,F,122603,0,12153,23
DEP,Department of Environmental Protection,DEP 80 Watershed Restoration Division,F,199790.55,0,0,M2
LIB,Department of Public Libraries,LIB 71 Business Office,M,122603,0,3922.18,N23
HRC,Office of Human Rights,HRC 46 Director,M,223577.69,0,0,M1
HHS,Department of Health and Human Services,HHS 60 Children Youth and Family Services Division,M,122603,0,3922.18,23
HHS,Department of Health and Human Services,HHS 60 Aging & Disability Services Division,F,90149,0,3333.01,16
DOT,Department of Transportation,DOT 50 Parking Management Parking Operations,M,134086,0,12597.4,N25
OLO,Office of Legislative Oversight,OLO 03 Legislative Oversight Staff,M,200829,0,0,M2
POL,Department of Police,POL 47 PSB 2nd District Patrol,M,90149,102.96,5861.66,16
HHS,Department of Health and Human Services,HHS 60 Chief Operating Officer Division,F,122603,0,7971.76,N23
HHS,Department of Health and Human Services,HHS 60 Behavioral Health and Crisis Services Division,F,98322,0,6393.02,18
DOT,Department of Transportation,DOT 50 Transit Nicholson Ride On,M,174642,0,0,M3
HHS,Department of Health and Human Services,HHS 60 Aging & Disability Services Division,M,200829,0,0,M2
HHS,Department of Health and Human Services,HHS 60 Office of Eligibility and Support Services,F,90149,0,8936.04,16
HHS,Department of Health and Human Services,HHS 60 Aging & Disability Services Division,F,107323,0,9710.4,20
HHS,Department of Health and Human Services,HHS 60 Public Health Services Division,F,98322,0,9746.18,18
HHS,Department of Health and Human Services,HHS 60 Children Youth and Family Services Division,F,134086,0,11903.52,N25
DOT,Department of Transportation,DOT 50 Director Transportation Policy,M,223879.77,0,0,M1
TBS,Department of Technology and Enterprise Business Solutions,TBS 34 OSP Employee Productivity Services,F,153585,0,7869.33,N28
OHR,Office of Human Resources,OHR 33 Recruitment and Selection,F,134086,0,4289.54,N25
PRO,Office of Procurement,PRO 35 Procurement Operations Section,F,134086,0,13291.28,25
HHS,Department of Health and Human Services,HHS 60 Aging & Disability Services Division,F,90149,2665.09,8936.04,16
HHS,Department of Health and Human Services,HHS 60 Office of Eligibility and Support Services,F,107323,10107.34,10638.4,20
HCA,Department of Housing and Community Affairs,HCA 76 Community Development Neighborhood Revitalization,F,134086,0,13291.28,25
COR,Correction and Rehabilitation,COR 42 PTS Assessment,F,140274,0,12634.22,N26
DEP,Department of Environmental Protection,"DEP 80 Energy, Climate and Compliance Division",M,200829,0,0,M2
TBS,Department of Technology and Enterprise Business Solutions,TBS 34 OBP OBP Digital Equity (GF),F,200829,0,0,M2
DGS,Department of General Services,DGS 36 Facilities Major Programs,M,122603,50367.19,11518.52,N23
HCA,Department of Housing and Community Affairs,HCA 76 Information Technology,F,168264,0,0,N30
DOT,Department of Transportation,DOT 50 Parking Management Engineering and Capital Project Management,M,102711,7670.83,3285.78,19
DOT,Department of Transportation,DOT 50 Traffic Engineering and Operations Management Services,F,169555,0,0,M3
DGS,Department of General Services,DGS 36 Planning and Development,F,200829,0,0,M2
HHS,Department of Health and Human Services,HHS 60 Public Health Services Division,M,198263.51,0,0,M2
HHS,Department of Health and Human Services,HHS 60 Chief Operating Officer Division,F,122603,0,12153,23
DEP,Department of Environmental Protection,DEP 80 Strategic and Administrative Services Division,F,90149,0,6723.18,16
DEP,Department of Environmental Protection,DEP 80 Recycling and Refuse Services,M,134086,16.6,12597.4,N25
HHS,Department of Health and Human Services,HHS 60 Chief Operating Officer Division,M,134086,0,0,N25
HHS,Department of Health and Human Services,HHS 60 Services to End and Prevent Homelessness Division,F,134086,0,8718.54,N25
POL,Department of Police,POL 47 MSB Budget and Capital Management Division Financial and Grants Management Section,F,134086,0,8718.54,25
FIN,Department of Finance,FIN 32 Tax Operations,M,122603,0,11642.75,23
FIN,Department of Finance,FIN 32 Tax Operations,F,134086,0,2987.7,N25
CUS,Community Use of Public Facilities,CUS 70 Core Services Team,F,112166,0,11118.46,21
HHS,Department of Health and Human Services,HHS 60 Chief Operating Officer Division,F,117252,0,7623.88,N22
HHS,Department of Health and Human Services,HHS 60 Public Health Services Division,F,79296,0,7552.45,13
FIN,Department of Finance,FIN 32 Tax Operations,F,90149,0,8702.78,16
ORE,Office of Racial Equity and Social Justice,ORE 25 Director's Office,F,132090.24,0,0,N25
DEP,Department of Environmental Protection,DEP 80 Recycling and Refuse Services,M,170959.31,0,0,M3
DHS,Office of Emergency Management and Homeland Security,DHS 49 Director's Office,F,134086,0,8718.54,N25
HHS,Department of Health and Human Services,HHS 60 Child Welfare Services,F,90149,0,8936.04,16
HHS,Department of Health and Human Services,HHS 60 Behavioral Health and Crisis Services Division,F,134086,0,0,N25
DEP,Department of Environmental Protection,DEP 80 Strategic and Administrative Services Division,F,122603,0,7971.76,23
FRS,Fire and Rescue Services,FRS 45 Training,F,90149,357.8,8936.04,16
HHS,Department of Health and Human Services,HHS 60 Public Health Services Division,F,84124.5,0,10840.46,21
REC,Department of Recreation,REC 72 Business Services,M,174641.65,0,0,M3
FRS,Fire and Rescue Services,FRS 45 Support Services Division,F,90149,0,5861.66,16
HHS,Department of Health and Human Services,HHS 60 Behavioral Health and Crisis Services Division,F,94134,0,6853.06,N17
CEC,Community Engagement Cluster,CEC 16 Business Management,F,98322,0,0,N18
HHS,Department of Health and Human Services,HHS 60 Chief Operating Officer Division,M,159519.12,0,0,M3
FIN,Department of Finance,FIN 32 General Accounting,F,122603,0,3922.18,23
DGS,Department of General Services,DGS 36 Property Management,M,128198,34438.23,0,N24
REC,Department of Recreation,REC 72 Facilities Division,F,122603,0,0,N23
LIB,Department of Public Libraries,LIB 71 Business Office,F,169727.35,0,10520,M3
HCA,Department of Housing and Community Affairs,HCA 76 Grants Management,M,134086,0,8718.54,25
REC,Department of Recreation,REC 72 Business Services,F,122603,10862.35,7971.76,N23
DEP,Department of Environmental Protection,DEP 80 Design and Construction,M,122603,0,12153,23
HHS,Department of Health and Human Services,HHS 60 Chief Operating Officer Division,F,140274,0,13904.58,26
HHS,Department of Health and Human Services,HHS 60 Public Health Services Division,F,90149,0,8936.04,16
FIN,Department of Finance,FIN 32 Tax Operations,F,119032,0,1376.01,23
DGS,Department of General Services,DGS 36 Facilities Major Programs,M,146770,0,9543.1,27
LIB,Department of Public Libraries,LIB 71 Human Resources and Staff Development,M,134086,0,0,N25
OLO,Office of Legislative Oversight,OLO 03 Legislative Oversight Staff,M,200829,0,0,M2
OMB,Office of Management and Budget,OMB 31 Office of Management and Budget,F,153585,0,0,N28
DOT,Department of Transportation,DOT 50 Traffic Engineering Studies Section,M,112166,0,11118.46,21
CEX,Offices of the County Executive,CEX 15 Business Advancement Team,F,122603,0,7971.76,N23
DOT,Department of Transportation,DOT 50 Director Management Services,F,174642,0,0,M3
HHS,Department of Health and Human Services,HHS 60 Office of Eligibility and Support Services,F,79296,0,5156.04,13
HHS,Department of Health and Human Services,HHS 60 Chief Operating Officer Division,F,112166,0,11118.46,21
HHS,Department of Health and Human Services,HHS 60 Public Health Services Division,F,94134,0,6120.72,N17
HHS,Department of Health and Human Services,HHS 60 Services to End and Prevent Homelessness Division,F,134086,4823.74,13291.28,25
HHS,Department of Health and Human Services,HHS 60 Chief Operating Officer Division,M,174641.65,0,0,M3
LIB,Department of Public Libraries,LIB 71 Collection Management,F,45074.78,0,2930.9,16
HHS,Department of Health and Human Services,HHS 60 Aging & Disability Services Division,F,153585,0,14429.2,N28
COR,Correction and Rehabilitation,COR 42 MSD Fiscal Services,F,90149,0,6822.7,16
FRS,Fire and Rescue Services,FRS 45 Property and Supply Section,F,174641.65,0,0,M3
LIB,Department of Public Libraries,LIB 71 Human Resources and Staff Development,F,112166,0,0,N21
TBS,Department of Technology and Enterprise Business Solutions,TBS 34 OSP Employee Productivity Services,M,200829,0,0,M2
PRO,Office of Procurement,PRO 35 Procurement Operations Section,M,174641.65,0,0,M3
HHS,Department of Health and Human Services,HHS 60 Director's Office Division,F,134086,0,8278.55,N25
DOT,Department of Transportation,DOT 50 Transit Management Services,F,200829,0,0,M2
DGS,Department of General Services,DGS 36 Building Design and Construction,F,153585,0,8446.68,N28
DPS,Department of Permitting Services,DPS 75 Zoning Review,M,112166,0,3588.34,21
DGS,Department of General Services,DGS 36 Building Design and Construction,M,146770,0,9543.1,27
HHS,Department of Health and Human Services,HHS 60 Public Health Services Division,M,90149,0,2884.02,16
HCA,Department of Housing and Community Affairs,HCA 76 Multi-Family Housing Program,M,174641.65,0,0,M3
DEP,Department of Environmental Protection,DEP 80 Resource Conversion,M,174641.65,0,0,M3
CEX,Offices of the County Executive,CEX 15 Business Advancement Team,F,133356.27,0,0,N25
DGS,Department of General Services,DGS 36 Building Design and Construction,M,174519.22,0,0,M3
DPS,Department of Permitting Services,DPS 75 Customer Support and Outreach Division,F,200829,0,0,M2
HCA,Department of Housing and Community Affairs,HCA 76 Grants Management,F,174642,0,0,M3
TBS,Department of Technology and Enterprise Business Solutions,TBS 34 OBP Telecommunications Solutions,M,200829,0,0,M2
HHS,Department of Health and Human Services,HHS 60 Services to End and Prevent Homelessness Division,F,170579.66,0,0,M3
POL,Department of Police,POL 47 HQ Office of the Chief,F,98322,0,6393.02,N18
TBS,Department of Technology and Enterprise Business Solutions,TBS 34 OMC MC311 Call Center,F,79296,0,3963.72,13
HHS,Department of Health and Human Services,HHS 60 Aging & Disability Services Division,F,200829,0,0,M2
LIB,Department of Public Libraries,LIB 71 Business Office,F,90149,0,8936.04,16
DGS,Department of General Services,DGS 36 Contracting and Accounts Payable,F,122603,0,3922.18,23
HHS,Department of Health and Human Services,HHS 60 Children Youth and Family Services Division,F,122603,0,3309.14,23
HHS,Department of Health and Human Services,HHS 60 Office of Eligibility and Support Services,F,108899,0,3043.48,N21
DEP,Department of Environmental Protection,DEP 80 Strategic and Administrative Services Division,M,174641.65,0,0,M3
FRS,Fire and Rescue Services,FRS 45 Fiscal Management Division,M,200829,0,0,M2
DGS,Department of General Services,DGS 36 Fleet Management Services,M,90149,15019.54,7653.11,16
TBS,Department of Technology and Enterprise Business Solutions,TBS 34 OBP Voice Services,M,107323,12696.07,8975.64,20
TBS,Department of Technology and Enterprise Business Solutions,TBS 34 ODT Data Innovation Team,F,153585,0,3795,N28
BOE,Board of Elections,BOE 24 Registration Services,F,122603,0,11199.3,23
HHS,Department of Health and Human Services,HHS 60 Chief Operating Officer Division,F,134086,0,8046.46,N25
FIN,Department of Finance,FIN 32 Treasury Operations,F,90149,2047.15,2884.02,16
FIN,Department of Finance,FIN 32 Division of Fiscal Management,M,200829,0,0,M2
LIB,Department of Public Libraries,LIB 71 Gaithersburg Library,M,107323,0,10083,N20
FIN,Department of Finance,FIN 32 Tax Operations,F,90149,0,8936.04,16
LIB,Department of Public Libraries,LIB 71 Marilyn J Praisner Library,F,127456.22,0,0,N25
CEX,Offices of the County Executive,CEX 15 Chief Administrative Officer's Office,M,219000,0,0,EX2
DGS,Department of General Services,DGS 36 Fleet Automotive Heavy Equipment,M,174641.65,0,0,M3
BOE,Board of Elections,BOE 24 Polling Place Management,M,112166,0,7293.28,21
HHS,Department of Health and Human Services,HHS 60 Behavioral Health and Crisis Services Division,F,169014.25,0,0,M3
HHS,Department of Health and Human Services,HHS 60 Chief Operating Officer Division,F,174641.65,0,0,M3
HHS,Department of Health and Human Services,HHS 60 Services to End and Prevent Homelessness Division,F,90149,0,5861.66,16
FRS,Fire and Rescue Services,FRS 45 Fleet Support,F,122603,0,12153,23
POL,Department of Police,POL 47 MSB Training and Education Division,F,112166,0,3588.34,21
OMB,Office of Management and Budget,OMB 31 Office of Management and Budget,F,183287.87,0,3700.26,M2
DGS,Department of General Services,DGS 36 Building Design and Construction,F,146770,0,14548.52,27
POL,Department of Police,POL 47 MSB Personnel Division Administration,F,122603,0,11518.52,N23
DGS,Department of General Services,DGS 36 Administration and Budget,F,122603,1723.58,11101.56,N23
HHS,Department of Health and Human Services,HHS 60 Behavioral Health and Crisis Services Division,F,98322,0,9746.18,18
DGS,Department of General Services,DGS 36 Fleet Automotive Heavy Equipment,F,128693.85,0,0,N25
HHS,Department of Health and Human Services,HHS 60 Public Health Services Division,F,79296,0,3253.25,13
TBS,Department of Technology and Enterprise Business Solutions,TBS 34 ODT Technical Support Team,M,153585,0,9216.48,N28
HHS,Department of Health and Human Services,HHS 60 Office of Eligibility and Support Services,F,87523,0,44.48,16
FIN,Department of Finance,FIN 32 Accounts Receivable,F,112166,0,0,N21
DOT,Department of Transportation,DOT 50 Traffic Engineering and Operations Management Services,F,162348.28,430.32,5860.98,M3
TBS,Department of Technology and Enterprise Business Solutions,TBS 34 ODT Payroll/Comp/BI,F,181336,0,0,N32
DOT,Department of Transportation,DOT 50 Commuter Services,M,122603,0,12153,23
PRO,Office of Procurement,PRO 35 Procurement Operations Section,F,174641.65,0,0,M3
PRO,Office of Procurement,PRO 35 Business Relations and Compliance Division,F,200755.58,0,0,M2
DEP,Department of Environmental Protection,DEP 80 Stewardship Programs,F,134086,0,3097.58,N25
HHS,Department of Health and Human Services,HHS 60 Aging & Disability Services Division,F,98322,0,6393.02,18
CUS,Community Use of Public Facilities,CUS 70 Core Services Team,F,112166,83.73,7152.73,21
DGS,Department of General Services,DGS 36 Fleet Management Services,M,90149,0,2884.02,16
REC,Department of Recreation,REC 72 Facilities Division,M,112166,0,11118.46,21
DGS,Department of General Services,DGS 36 Facilities,M,94134,31187.71,8843.8,N17
TBS,Department of Technology and Enterprise Business Solutions,TBS 34 CIO Vendor and Contract Management,M,174641.65,0,0,M3
TBS,Department of Technology and Enterprise Business Solutions,TBS 34 CIO Integrated Justice Information Systems,F,217901,0,12802.89,N40
DGS,Department of General Services,DGS 36 Energy and Sustainability,M,200784.99,0,0,M2
DOT,Department of Transportation,DOT 50 Director's Office,M,199309.25,0,0,M2
CAT,County Attorney's Office,CAT 30 Administration,F,122603,0,11518.52,N23
DOT,Department of Transportation,DOT 50 Highway Services,M,122603,9715.92,7971.76,N23
DOT,Department of Transportation,DOT 50 Parking Management Parking Operations,F,134086,0,12597.4,N25
CAT,County Attorney's Office,CAT 30 Support Services,F,122603,0,11518.52,N23
HHS,Department of Health and Human Services,HHS 60 Children Youth and Family Services Division,F,112166,0,7293.28,N21
FIN,Department of Finance,FIN 32 Tax Operations,M,90149,0,8936.04,16
DGS,Department of General Services,DGS 36 Building Design and Construction,M,200829,0,0,M2
DGS,Department of General Services,DGS 36 Building Design and Construction,M,169555,0,0,M3
REC,Department of Recreation,REC 72 Office of the Director,F,227000,0,0,EX1
HHS,Department of Health and Human Services,HHS 60 Behavioral Health and Crisis Services Division,F,134086,0,4289.54,N25
HHS,Department of Health and Human Services,HHS 60 Chief Operating Officer Division,M,198733.47,0,0,M2
HCA,Department of Housing and Community Affairs,HCA 76 Community Development Neighborhood Revitalization,M,169555,0,0,M3
HHS,Department of Health and Human Services,HHS 60 Office of Eligibility and Support Services,F,174641.65,0,0,M3
LIB,Department of Public Libraries,LIB 71 Business Office,F,90149,0,8936.04,16
REC,Department of Recreation,REC 72 Business Services,F,127636.83,0,0,N25
OCP,Office of Consumer Protection,OCP 39 Investigations,F,134086,0,4289.54,25
TBS,Department of Technology and Enterprise Business Solutions,TBS 34 OBP Community Technology (GF),F,174641.65,0,0,M3
DOT,Department of Transportation,DOT 50 Transit Gaithersburg Ride On,M,134086,1229.4,2987.7,N25
HHS,Department of Health and Human Services,HHS 60 Aging & Disability Services Division,F,98322,0,9746.18,18
HHS,Department of Health and Human Services,HHS 60 Aging & Disability Services Division,F,98322,0,6393.02,18
CAT,County Attorney's Office,CAT 30 Health and Human Services,F,181336,0,17036.36,N32
HHS,Department of Health and Human Services,HHS 60 Aging & Disability Services Division,F,112166,0,11118.46,21
CAT,County Attorney's Office,CAT 30 Insurance Defense Litigation,F,200829,0,0,M2
HHS,Department of Health and Human Services,HHS 60 Aging & Disability Services Division,F,98322,204.59,9746.18,18
HHS,Department of Health and Human Services,HHS 60 Aging & Disability Services Division,F,98322,0,3145.54,18
COR,Correction and Rehabilitation,COR 42 DO Information Technology and Data Analytics Services,M,140274,0,9120.82,26
NDA,Non-Departmental Account,NDA 99 MCIB,M,214884,0,6874.38,N39
HHS,Department of Health and Human Services,HHS 60 Child Welfare Services,F,128198,0,0,24
PRO,Office of Procurement,PRO 35 Business Relations and Compliance Division,M,134086,0,7710.42,25
DHS,Office of Emergency Management and Homeland Security,DHS 49 Hazmat Permitting,F,98322,0,9736.65,18
ABS,Alcohol Beverage Services,ABS 85 Beer Delivery Operations,M,86352,14336.23,5614.68,15
HHS,Department of Health and Human Services,HHS 60 Chief Operating Officer Division,F,181336,0,0,N32
HHS,Department of Health and Human Services,HHS 60 Children Youth and Family Services Division,F,122603,0,12153,23
HHS,Department of Health and Human Services,HHS 60 Chief Operating Officer Division,M,140274,0,4487.56,26
HHS,Department of Health and Human Services,HHS 60 Public Health Services Division,F,107323,0,3433.42,20
HHS,Department of Health and Human Services,HHS 60 Aging & Disability Services Division,F,115104.89,0,0,N25
HHS,Department of Health and Human Services,HHS 60 Aging & Disability Services Division,M,112166,0,3588.34,21
HHS,Department of Health and Human Services,HHS 60 Public Health Services Division,F,134086,0,0,N25
CAT,County Attorney's Office,CAT 30 Labor Relations and Public Safety,M,172018.09,0,0,N32
HHS,Department of Health and Human Services,HHS 60 Public Health Services Division,F,128198,0,4101.12,24
HHS,Department of Health and Human Services,HHS 60 Aging & Disability Services Division,F,128198,0,9531.41,24
HHS,Department of Health and Human Services,HHS 60 Aging & Disability Services Division,F,128198,0,12707.6,24
HHS,Department of Health and Human Services,HHS 60 Public Health Services Division,F,98322,0,3145.54,18
HHS,Department of Health and Human Services,HHS 60 Aging & Disability Services Division,F,134086,0,4289.54,N25
COR,Correction and Rehabilitation,COR 42 PTS Pre-Trial Services,M,140274,0,0,N26
HHS,Department of Health and Human Services,HHS 60 Behavioral Health and Crisis Services Division,M,140274,23203.21,9120.82,N26
HHS,Department of Health and Human Services,HHS 60 Public Health Services Division,F,95458,75.78,4067.03,18
HHS,Department of Health and Human Services,HHS 60 Aging & Disability Services Division,F,112166,0,7293.28,21
HHS,Department of Health and Human Services,HHS 60 Public Health Services Division,F,128198,0,12707.6,24
HHS,Department of Health and Human Services,HHS 60 Aging & Disability Services Division,F,112166,0,4022.65,21
HHS,Department of Health and Human Services,HHS 60 Behavioral Health and Crisis Services Division,F,134086,0,2987.7,N25
HHS,Department of Health and Human Services,HHS 60 Behavioral Health and Crisis Services Division,F,122603,0,11518.52,N23
HHS,Department of Health and Human Services,HHS 60 Public Health Services Division,F,128198,0,6568.56,24
HHS,Department of Health and Human Services,HHS 60 Behavioral Health and Crisis Services Division,F,220000,0,0,EX3
HHS,Department of Health and Human Services,HHS 60 Aging & Disability Services Division,M,112166,0,3588.34,21
HHS,Department of Health and Human Services,HHS 60 Behavioral Health and Crisis Services Division,F,128198,0,12707.6,24
HHS,Department of Health and Human Services,HHS 60 Aging & Disability Services Division,F,61301.5,0,6298.42,N23
HHS,Department of Health and Human Services,HHS 60 Office of Eligibility and Support Services,F,79296,0,7843.26,13
HHS,Department of Health and Human Services,HHS 60 Public Health Services Division,F,128198,0,12707.6,24
HHS,Department of Health and Human Services,HHS 60 Aging & Disability Services Division,F,112166,0,2082.75,21
HHS,Department of Health and Human Services,HHS 60 Aging & Disability Services Division,F,112166,0,7293.28,21
HHS,Department of Health and Human Services,HHS 60 Aging & Disability Services Division,F,112166,0,11118.46,21
SHF,Sheriff's Office,SHF 48 Court and Transport,M,116404,55583.38,10175.28,G4
HHS,Department of Health and Human Services,HHS 60 Public Health Services Division,F,98322,0,6393.02,18
HHS,Department of Health and Human Services,HHS 60 Behavioral Health and Crisis Services Division,M,90149,0,2884.02,16
HHS,Department of Health and Human Services,HHS 60 Aging & Disability Services Division,F,165101.91,0,0,M3
HHS,Department of Health and Human Services,HHS 60 Public Health Services Division,F,98322,0,6393.02,18
HHS,Department of Health and Human Services,HHS 60 Children Youth and Family Services Division,F,112166,0,3588.34,21
OCP,Office of Consumer Protection,OCP 39 Investigations,F,174641.65,0,0,M3
CCL,County Council,CCL 01 Council Central Staff,M,200829,0,0,M2
CCL,County Council,CCL 01 Council Members and Staff,F,226164.9,0,0,LB3
FIN,Department of Finance,FIN 32 Information Technology,M,200829,0,0,M2
DOT,Department of Transportation,DOT 50 Sign and Marking Shop,M,90149,23086.17,2884.02,16
CEC,Community Engagement Cluster,CEC 16 Wheaton Urban District,M,67088,7729.47,2146.2,9
DOT,Department of Transportation,DOT 50 Sign and Marking Shop,M,76018,7716.89,0,12
HHS,Department of Health and Human Services,HHS 60 Aging & Disability Services Division,F,128198,1212.27,12210.02,24
HHS,Department of Health and Human Services,HHS 60 Aging & Disability Services Division,F,128198,0,8335.6,24
HHS,Department of Health and Human Services,HHS 60 Aging & Disability Services Division,F,140274,9241.07,9120.82,N26
CAT,County Attorney's Office,CAT 30 County Attorney's Office,F,174641.65,0,0,M3
CAT,County Attorney's Office,CAT 30 Labor Relations and Public Safety,F,200829,0,0,M2
CAT,County Attorney's Office,CAT 30 Administration,M,223879.77,0,0,M1
CEC,Community Engagement Cluster,CEC 16 Wheaton Urban District,M,90149,0,0,N16
IGR,Office of Intergovernmental Relations Department,IGR 20 Office of Intergovernmental Relations,F,153585,0,4913.34,N28
CCL,County Council,CCL 01 Council Central Staff,F,174641.65,0,0,M3
HHS,Department of Health and Human Services,HHS 60 Child Welfare Services,F,140274,0,13178.66,N26
HHS,Department of Health and Human Services,HHS 60 Aging & Disability Services Division,F,128198,0,12707.6,24
IGR,Office of Intergovernmental Relations Department,IGR 20 Director,F,232000,0,0,EX1
CAT,County Attorney's Office,CAT 30 Labor Relations and Public Safety,F,176401.8,0,0,N32
CAT,County Attorney's Office,CAT 30 Labor Relations and Public Safety,M,181336,0,4260.53,N32
HHS,Department of Health and Human Services,HHS 60 Aging & Disability Services Division,M,90149,0,8936.04,16
HHS,Department of Health and Human Services,HHS 60 Aging & Disability Services Division,F,128198,0,4101.12,24
HHS,Department of Health and Human Services,HHS 60 Children Youth and Family Services Division,F,112630.7,0,0,N25
HHS,Department of Health and Human Services,HHS 60 Behavioral Health and Crisis Services Division,F,140274,18357.08,0,N26
POL,Department of Police,POL 47 MSB Information Mgmt and Tech Division Records Management Section,F,112166,55198.69,3588.34,21
DGS,Department of General Services,DGS 36 Facilities Major Programs,M,146770,0,14548.52,27
POL,Department of Police,POL 47 PSB Duty Commander,M,212580,6582.28,0,A3
POL,Department of Police,POL 47 PSB 1st District Station,M,102711,21590.07,0,N19
POL,Department of Police,POL 47 PSB 2nd District Patrol,M,126852,56866.14,8641.58,P5
POL,Department of Police,POL 47 PSB 1st District Station,M,174813.48,567.31,0,A2
POL,Department of Police,POL 47 FSB Traffic Division Automated Traffic Enforcement Section,F,86352,5192.84,6765.38,15
HHS,Department of Health and Human Services,HHS 60 Aging & Disability Services Division,F,128198,0,4101.12,24
POL,Department of Police,POL 47 MSB Communications Division,F,102711,3752.39,3284.04,19
BOE,Board of Elections,BOE 24 Election Judge Recruitment,F,98322,0,3145.54,N18
CEX,Offices of the County Executive,CEX 15 Chief Administrative Officer's Office,F,112166,0,0,N21
DPS,Department of Permitting Services,DPS 75 Commercial Building Construction Division,F,140274,0,4487.56,26
POL,Department of Police,POL 47 MSB Communications Division,F,102711,12714.66,5520.12,19
POL,Department of Police,POL 47 MSB Communications Division,M,102711,65336.9,6678.42,19
DGS,Department of General Services,DGS 36 Facilities Maintenance,M,102711,15822.04,6653.09,19
DGS,Department of General Services,DGS 36 Facilities Maintenance,M,102711,15848.42,3816.06,19
POL,Department of Police,POL 47 MSB Communications Division,F,134086,7711.38,0,N25
DGS,Department of General Services,DGS 36 Property Management,M,128198,2493.18,11834.56,N24
BOE,Board of Elections,BOE 24 Information Technology Division,F,153585,0,0,N28
POL,Department of Police,POL 47 PSB 2nd District Community Operations,F,120811,9103.53,12641.09,P4
POL,Department of Police,POL 47 MSB  Professional Accountability Division,F,122603,0,7971.76,23
DGS,Department of General Services,DGS 36 Facilities Major Programs,M,107323,25470.65,10638.4,20
POL,Department of Police,POL 47 MSB Communications Division,F,102711,4074.14,4446.96,19
POL,Department of Police,POL 47 FSB Traffic Division Collision Reconstruction,F,120811,30059.22,8390.62,P4
BOE,Board of Elections,BOE 24 Election Judge Recruitment,M,128198,36.87,8213.07,24
POL,Department of Police,POL 47 FSB Traffic Division Central Traffic Enforcement,M,126852,50151.5,13447.62,P5
POL,Department of Police,POL 47 MSB Information Management and Technology Division,M,102711,4803.27,3285.78,19
COR,Correction and Rehabilitation,COR 42 DS Facility Operations Management,M,79296,0,7860.22,13
HHS,Department of Health and Human Services,HHS 60 Children Youth and Family Services Division,M,133476.38,0,0,N25
DEP,Department of Environmental Protection,DEP 80 Design and Construction,M,146770,0,9543.1,27
HHS,Department of Health and Human Services,HHS 60 Public Health Services Division,F,107323,0,10638.4,20
HHS,Department of Health and Human Services,HHS 60 Aging & Disability Services Division,F,140274,3991.33,4487.56,N26
COR,Correction and Rehabilitation,COR 42 PTS Supervision,M,128198,49.28,8335.6,24
HHS,Department of Health and Human Services,HHS 60 Children Youth and Family Services Division,F,133981.63,0,0,N25
COR,Correction and Rehabilitation,COR 42 DS Intake Classification and Re-Entry Services,F,140274,0,0,N26
HHS,Department of Health and Human Services,HHS 60 Public Health Services Division,F,112166,0,11118.46,21
HHS,Department of Health and Human Services,HHS 60 Public Health Services Division,M,112166,0,11118.46,21
HHS,Department of Health and Human Services,HHS 60 Public Health Services Division,M,98322,0,4414.44,18
CAT,County Attorney's Office,CAT 30 Finance and Procurement,F,181336,0,5801.02,N32
HHS,Department of Health and Human Services,HHS 60 Aging & Disability Services Division,M,128198,0,10043.9,24
DOT,Department of Transportation,DOT 50 Highway Services,M,90149,23744.05,2884.02,16
SHF,Sheriff's Office,SHF 48 Court and Transport,M,116404,12919.27,4782.83,G4
SHF,Sheriff's Office,SHF 48 Court and Transport,M,116404,128573.41,10175.28,G4
HHS,Department of Health and Human Services,HHS 60 Office of Eligibility and Support Services,F,126522.4,456.23,0,N24
COR,Correction and Rehabilitation,COR 42 DS MCDC Custody and Security,M,109539,26468.41,7677.09,C5
ABS,Alcohol Beverage Services,ABS 85 Beer Warehouse Operations,M,76018,6475.89,4942.82,12
HHS,Department of Health and Human Services,HHS 60 Services to End and Prevent Homelessness Division,F,124464,0,96.42,24
POL,Department of Police,POL 47 MSB Information Management and Technology Division,M,140274,0,9120.82,26
HHS,Department of Health and Human Services,HHS 60 Public Health Services Division,F,128198,0,8335.6,24
HHS,Department of Health and Human Services,HHS 60 Public Health Services Division,F,134086,0,9761.74,N25
HHS,Department of Health and Human Services,HHS 60 Aging & Disability Services Division,F,122603,0,0,N23
DEP,Department of Environmental Protection,DEP 80 Stormwater BMP Inspection and Maintenance,M,122603,5229.26,3922.18,23
DGS,Department of General Services,DGS 36 Facilities Maintenance,M,102711,6723.11,7362.72,19
HHS,Department of Health and Human Services,HHS 60 Public Health Services Division,F,128198,0,12707.6,24
HHS,Department of Health and Human Services,HHS 60 Public Health Services Division,F,128198,9464.92,4101.12,24
FRS,Fire and Rescue Services,FRS 45 Fire and Explosive Investigations,M,125207,19987.25,13454.08,B1
COR,Correction and Rehabilitation,COR 42 DS MCCF Facilities Maintenance,M,98322,20262.25,6393.02,18
HHS,Department of Health and Human Services,HHS 60 School Health Services,F,128198,0,8335.6,24
HHS,Department of Health and Human Services,HHS 60 Public Health Services Division,F,164811.01,0,0,M3
FRS,Fire and Rescue Services,FRS 45 Community Emergency Response Team (CERT),M,112166,0,3588.34,21
COR,Correction and Rehabilitation,COR 42 DO Director,M,247000,0,0,EX1
SHF,Sheriff's Office,SHF 48 Warrant Section,M,139417,18575.75,9774.36,D2
TBS,Department of Technology and Enterprise Business Solutions,TBS 34 OMC MC311,M,134086,0,4051.33,N25
LIB,Department of Public Libraries,LIB 71 Little Falls Library,M,79296,0,7860.22,13
TBS,Department of Technology and Enterprise Business Solutions,TBS 34 OMC MC311,F,174641.65,0,0,M3
LIB,Department of Public Libraries,LIB 71 Quince Orchard Library,F,39648,0,3930.24,13
HHS,Department of Health and Human Services,HHS 60 Child Welfare Services,F,87523,0,273.53,16
BOE,Board of Elections,BOE 24 Director's Office,F,108274.2,0,0,N21
COR,Correction and Rehabilitation,COR 42 DS MCCF Unit 1 Security,F,144116,0,10103.8,C2
POL,Department of Police,POL 47 MSB Communications Division,F,82575.76,6003.95,0,19
FRS,Fire and Rescue Services,FRS 45 Technology Services,M,134086,333.61,8718.54,25
HHS,Department of Health and Human Services,HHS 60 Aging & Disability Services Division,F,134086,0,0,N25
FRS,Fire and Rescue Services,FRS 45 Station 6,M,103472,0,7245.08,F3
REC,Department of Recreation,REC 72 Facilities Division,M,112166,0,6731.08,21
POL,Department of Police,POL 47 FSB Traffic Division Automated Traffic Enforcement Section,F,86352,0,2762.48,15
PIO,Office of Public Information,PIO 23 Director's Office,F,220000,0,0,EX1
POL,Department of Police,POL 47 PSB 2nd District Patrol,F,90149,11536.09,2884.02,16
LIB,Department of Public Libraries,LIB 71 Collection Management,F,128198,0,3930.45,24
HHS,Department of Health and Human Services,HHS 60 Aging & Disability Services Division,F,140274,3495.17,3125.64,N26
SHF,Sheriff's Office,SHF 48 Courthouse Security,M,135356,0,74.16,D2
POL,Department of Police,POL 47 MSB Communications Division,F,102711,12008.91,6678.42,19
HHS,Department of Health and Human Services,HHS 60 Behavioral Health and Crisis Services Division,F,122603,0,0,N23
OHR,Office of Human Resources,OHR 33 Police Stress Management,F,108899,0,830.04,N21
POL,Department of Police,POL 47 MSB Communications Division,F,102711,17201.17,10181.2,19
REC,Department of Recreation,REC 72 Facilities Division,M,112166,258.71,5747.23,21
POL,Department of Police,POL 47 MSB  Professional Accountability Division,F,139532,584.45,14791.84,A1
POL,Department of Police,POL 47 PSB 6th District Station,M,184161,17892.37,0,A2
HHS,Department of Health and Human Services,HHS 60 Services to End and Prevent Homelessness Division,F,128198,0,8335.6,N24
HHS,Department of Health and Human Services,HHS 60 Aging & Disability Services Division,F,128198,0,7853.68,24
POL,Department of Police,POL 47 PSB 5th District Station,F,102711,4619.78,9649.64,N19
SHF,Sheriff's Office,SHF 48 Court and Transport,M,127357,6107.06,13628.9,D1
HHS,Department of Health and Human Services,HHS 60 Behavioral Health and Crisis Services Division,F,128198,0,8335.6,24
POL,Department of Police,POL 47 HQ Police Chief,M,266000,0,0,EX1
CEX,Offices of the County Executive,CEX 15 County Executive,M,245008.23,0,0,
HHS,Department of Health and Human Services,HHS 60 Office of Community Affairs Division,F,194980,0,0,M2
REC,Department of Recreation,REC 72 Senior Programs,F,112166,0,3588.34,21
COR,Correction and Rehabilitation,COR 42 DS MCCF Unit 3 Security,M,94208,0,155.84,C4
COR,Correction and Rehabilitation,COR 42 PTS Supervision,M,109539,4193,7679.72,C5
COR,Correction and Rehabilitation,COR 42 DO Information Technology and Data Analytics Services,M,153585,0,9986.28,N28
COR,Correction and Rehabilitation,COR 42 DS MCCF Unit 3 Security,M,109539,34894.78,3764.95,C5
COR,Correction and Rehabilitation,COR 42 DS MCCF Custody and Security,M,174641.65,0,0,M3
DGS,Department of General Services,DGS 36 ADA Compliance,M,122603,0,7971.76,23
HHS,Department of Health and Human Services,HHS 60 Child Welfare Services,F,122603,0,3922.18,23
HHS,Department of Health and Human Services,HHS 60 Aging & Disability Services Division,F,112166,0,11118.46,21
HHS,Department of Health and Human Services,HHS 60 Child Welfare Services,F,122603,0,11994.38,23
ABS,Alcohol Beverage Services,ABS 85 Beer Delivery Operations,M,86352,2213.77,0,15
HHS,Department of Health and Human Services,HHS 60 Child Welfare Services,F,128198,0,12707.6,24
HHS,Department of Health and Human Services,HHS 60 Services to End and Prevent Homelessness Division,F,128198,0,8335.6,24
DOT,Department of Transportation,DOT 50 Highway Services,M,86352,16360.89,2604.65,15
HHS,Department of Health and Human Services,HHS 60 Child Welfare Services,F,140274,0,9120.82,N26
HRC,Office of Human Rights,HRC 46 Compliance,F,134086,0,12945.84,25
HHS,Department of Health and Human Services,HHS 60 Child Welfare Services,F,140274,0,0,N26
HHS,Department of Health and Human Services,HHS 60 Services to End and Prevent Homelessness Division,M,128198,0,4101.12,24
HHS,Department of Health and Human Services,HHS 60 Child Welfare Services,F,104583.69,9816.07,0,23
HHS,Department of Health and Human Services,HHS 60 Child Welfare Services,F,140274,18915.24,0,N26
HHS,Department of Health and Human Services,HHS 60 Child Welfare Services,F,140274,11525.34,0,N26
HHS,Department of Health and Human Services,HHS 60 Child Welfare Services,F,122603,0,2880.65,23
HHS,Department of Health and Human Services,HHS 60 Child Welfare Services,F,128198,0,4101.12,24
HHS,Department of Health and Human Services,HHS 60 Aging & Disability Services Division,M,128198,0,8335.6,24
HHS,Department of Health and Human Services,HHS 60 Child Welfare Services,F,64099,0,1009.61,24
POL,Department of Police,POL 47 MSB  Professional Accountability Division,F,119032,0,4057.15,23
LIB,Department of Public Libraries,LIB 71 Collection Management,M,191947.45,0,0,M2
HHS,Department of Health and Human Services,HHS 60 Office of Eligibility and Support Services,F,107323,0,3433.42,20
FRS,Fire and Rescue Services,FRS 45 Station 4,M,141187,0,13470.63,B2
ABS,Alcohol Beverage Services,ABS 85 Liquor and Wine Delivery Operations,M,69930,8398.99,2225.73,10
FRS,Fire and Rescue Services,FRS 45 Station 34,M,141187,80035.68,14497.93,B2
FRS,Fire and Rescue Services,FRS 45 Safety,M,141187,209492.35,15089.5,B2
LIB,Department of Public Libraries,LIB 71 Chevy Chase Library,F,108899,0,126.54,21
IGR,Office of Intergovernmental Relations Department,IGR 20 Office of Intergovernmental Relations Department,F,223879.77,0,0,M1
HHS,Department of Health and Human Services,HHS 60 Aging & Disability Services Division,F,61301.5,0,0,N23
CAT,County Attorney's Office,CAT 30 Finance and Procurement,F,181336,0,5801.02,N32
POL,Department of Police,POL 47 CRB Community Engagement Division Community Engagement Section,F,120811,1888.66,12807.24,P4
HHS,Department of Health and Human Services,HHS 60 Behavioral Health and Crisis Services Division,F,140274,0,13178.66,N26
HHS,Department of Health and Human Services,HHS 60 Office of Eligibility and Support Services,F,79296,0,7860.22,13
CEX,Offices of the County Executive,CEX 15 County Executive's Office,F,112166,0,3588.34,N21
HHS,Department of Health and Human Services,HHS 60 Behavioral Health and Crisis Services Division,M,266438,0,0,MD4
HHS,Department of Health and Human Services,HHS 60 Office of Eligibility and Support Services,F,128198,0,8335.6,N24
HHS,Department of Health and Human Services,HHS 60 Behavioral Health and Crisis Services Division,F,98322,0,9491.78,18
COR,Correction and Rehabilitation,COR 42 DS MCDC Custody and Security,M,109539,41846.89,3773.9,C5
CEX,Offices of the County Executive,CEX 15 Chief Administrative Officer's Office,F,45074.5,0,2930.9,N16
HHS,Department of Health and Human Services,HHS 60 Aging & Disability Services Division,M,128198,14000.16,8335.6,24
HHS,Department of Health and Human Services,HHS 60 Behavioral Health and Crisis Services Division,F,128198,0,4470.58,24
HHS,Department of Health and Human Services,HHS 60 Behavioral Health and Crisis Services Division,F,128198,0,12707.6,24
DGS,Department of General Services,DGS 36 Fleet Automotive Heavy Equipment,M,116936.47,18721.78,0,N22
HHS,Department of Health and Human Services,HHS 60 Behavioral Health and Crisis Services Division,M,134086,0,12597.4,N25
HHS,Department of Health and Human Services,HHS 60 Behavioral Health and Crisis Services Division,M,133219,0,0,MD4
FRS,Fire and Rescue Services,FRS 45 Station 29,M,113815,9746.4,7969.2,F4
DGS,Department of General Services,DGS 36 Fleet Management Fleet Services,M,102711,6427.44,10181.2,19
DOT,Department of Transportation,DOT 50 Transit Silver Spring Ride On,F,107358,2029.56,0,T2
POL,Department of Police,POL 47 PSB 5th District Community Operations,M,115223,184.26,5299.8,P4
FRS,Fire and Rescue Services,FRS 45 Fire and Explosive Investigations,M,125207,13121.48,10465.06,B1
FRS,Fire and Rescue Services,FRS 45 Station 12,M,136743,0,0,B2
FRS,Fire and Rescue Services,FRS 45 Field Relief Personnel,M,162548,0,16691.42,B3
POL,Department of Police,POL 47 PSB 3rd District Patrol,M,120984,0,2213.27,P5
POL,Department of Police,POL 47 PSB 2nd District Patrol,M,120811,19682.63,8390.62,P4
BOE,Board of Elections,BOE 24 Registration Services,M,90149,0,2555.79,16
FRS,Fire and Rescue Services,FRS 45 Emergency Communications Center (ECC),M,113815,61180.77,11614.76,F4
ABS,Alcohol Beverage Services,ABS 85 Potomac,M,112166,325.99,0,N21
FRS,Fire and Rescue Services,FRS 45 Station 35,M,113815,22735.47,7969.2,F4
POL,Department of Police,POL 47 PSB 1st District Patrol,M,120811,32890.18,12807.24,P4
FRS,Fire and Rescue Services,FRS 45 Station 17,M,141187,40272.78,14946.55,B2
DPS,Department of Permitting Services,DPS 75 Commercial Building Construction Division,M,194980,0,0,M2
DPS,Department of Permitting Services,"DPS 75 Commercial Sustainability, Energy, and Mechanical",M,140274,0,13904.58,26
POL,Department of Police,POL 47 PSB 1st District Patrol,M,139532,19977.87,14791.84,A1
SHF,Sheriff's Office,SHF 48 Sheriff Domestic Violence,M,139417,4372.55,4645.5,D2
HHS,Department of Health and Human Services,HHS 60 School Health Services,F,174641.65,0,0,M3
DOT,Department of Transportation,DOT 50 Highway Administration,M,117252,25609.75,439.71,22
FRS,Fire and Rescue Services,FRS 45 Second Battalion - Administration,M,125207,2990.57,4330.34,B1
HHS,Department of Health and Human Services,HHS 60 Behavioral Health and Crisis Services Division,F,134086,0,3801.35,25
CEC,Community Engagement Cluster,CEC 16 Wheaton Urban District,M,69930,3258.19,2237.22,10
HHS,Department of Health and Human Services,HHS 60 School Health Services,F,78880.38,0,2543.25,16
HHS,Department of Health and Human Services,HHS 60 Services to End and Prevent Homelessness Division,F,128198,680.18,4101.12,24
COR,Correction and Rehabilitation,COR 42 DS Food Services,M,98322,19774.13,1952.24,18
COR,Correction and Rehabilitation,COR 42 PRRS Facility and Security,M,107323,73301.26,3433.42,20
POL,Department of Police,POL 47 PSB 1st District Patrol,M,120811,37918.97,8230.08,P4
POL,Department of Police,POL 47 PSB 4th District Patrol,M,139532,150853.61,14791.84,A1
HHS,Department of Health and Human Services,HHS 60 Behavioral Health and Crisis Services Division,F,140274,24143.46,9120.82,N26
FRS,Fire and Rescue Services,FRS 45 Fire and Explosive Investigations,M,125207,50681.66,13309.21,B1
SHF,Sheriff's Office,SHF 48 Court and Transport,M,139417,7344.87,4629.74,D2
POL,Department of Police,POL 47 PSB 6th District Patrol,M,126852,62738.79,11179.64,P5
POL,Department of Police,POL 47 FSB Traffic Division Automated Traffic Enforcement Section,M,86352,0,2762.48,15
FRS,Fire and Rescue Services,FRS 45 Operations Division,M,202720,0,21665.9,B6
FRS,Fire and Rescue Services,FRS 45 Station 10,M,125207,57354.54,4308.1,B1
HHS,Department of Health and Human Services,HHS 60 Public Health Services Division,F,128198,0,4101.12,24
POL,Department of Police,POL 47 PSB 4th District Station,M,184161,1406.47,0,A2
FRS,Fire and Rescue Services,FRS 45 Station 21,M,141187,22945.67,4857.88,B2
HHS,Department of Health and Human Services,HHS 60 School Health Services,M,79296,0,7860.22,13
COR,Correction and Rehabilitation,COR 42 DS Food Services,F,98322,8673.14,6393.02,18
HHS,Department of Health and Human Services,HHS 60 Aging & Disability Services Division,F,128198,0,5921.18,24
FRS,Fire and Rescue Services,FRS 45 Station 14,M,141187,56862.22,8171.08,B2
FRS,Fire and Rescue Services,FRS 45 Station 15,M,103472,20154.85,3560.21,F3
FRS,Fire and Rescue Services,FRS 45 Training,M,178789,0,19108.18,B4
POL,Department of Police,POL 47 PSB 2nd District Patrol,M,139532,68712.71,14791.84,A1
FRS,Fire and Rescue Services,FRS 45 Station 5,M,103472,8654.29,6965.82,F3
FRS,Fire and Rescue Services,FRS 45 Station 10,M,113815,93567.25,1378.95,F4
POL,Department of Police,POL 47 PSB 6th District Patrol,M,126852,4321.79,6618.86,P5
COR,Correction and Rehabilitation,COR 42 DS MCCF Unit 2 Security,F,120293,3624.66,7393.24,C6
FRS,Fire and Rescue Services,FRS 45 Station 28,M,141187,23625.82,9792.07,B2
LIB,Department of Public Libraries,LIB 71 Aspen Hill Library,F,49161,0,1572.9,18
POL,Department of Police,POL 47 MSB Information Mgmt and Tech Division Records Management Section,F,122603,107.31,0,N23
FRS,Fire and Rescue Services,FRS 45 Station 16,M,141187,13698.56,15089.5,B2
DOT,Department of Transportation,DOT 50 Transit Gaithersburg Ride On,M,95939.35,9067.34,0,T1
DOT,Department of Transportation,DOT 50 Transit Central Communication,M,98322,2650.95,3145.54,18
FRS,Fire and Rescue Services,FRS 45 Fire and Explosive Investigations,M,113815,20149.05,12028.19,F4
FRS,Fire and Rescue Services,FRS 45 Emergency Communications Center (ECC),M,103472,7160.76,11058.72,F3
COR,Correction and Rehabilitation,COR 42 DS MCCF Case Managers Unit 3,F,134086,0,8718.54,N25
POL,Department of Police,POL 47 FSB Special Operations Division,M,184161,17606.38,0,A2
FRS,Fire and Rescue Services,FRS 45 First Battalion - Administration,M,141187,1972.26,3891.42,B2
DOT,Department of Transportation,DOT 50 Transit Silver Spring Ride On,M,93655.37,15752.21,0,T1
HHS,Department of Health and Human Services,HHS 60 Office of Eligibility and Support Services,F,107323,7677.74,3433.42,20
DEP,Department of Environmental Protection,DEP 80 Climate Programs,M,134086,0,8718.54,25
BOE,Board of Elections,BOE 24 Absentee Voting,F,119333.6,0,242.53,23
SHF,Sheriff's Office,SHF 48 Administration,F,186037.69,0,0,
POL,Department of Police,POL 47 PSB 2nd District Patrol,M,139532,3301.16,14791.84,A1
TBS,Department of Technology and Enterprise Business Solutions,TBS 34 OBP Data Center Management,M,153585,0,14429.2,N28
FRS,Fire and Rescue Services,FRS 45 Station 4,M,103472,16731.23,3560.22,F3
FRS,Fire and Rescue Services,FRS 45 Station 7,M,106504,0,0,F4
FRS,Fire and Rescue Services,FRS 45 Admin Services,F,89890.6,1199.29,0,N18
POL,Department of Police,POL 47 PSB 4th District Patrol,F,139532,71479.1,14791.84,A1
HHS,Department of Health and Human Services,HHS 60 Behavioral Health and Crisis Services Division,F,128198,0,6568.56,24
SHF,Sheriff's Office,SHF 48 Sheriff Domestic Violence,M,123648,369.17,749.03,16
TBS,Department of Technology and Enterprise Business Solutions,TBS 34 CIO System Center Configuration Management,M,153585,0,4913.34,N28
HHS,Department of Health and Human Services,HHS 60 Behavioral Health and Crisis Services Division,F,98322,0,3145.54,18
DOT,Department of Transportation,DOT 50 Transit Gaithersburg Ride On,M,91371,3163.8,0,T1
POL,Department of Police,POL 47 PSB 1st District Patrol,F,90149,44214.11,5861.66,16
COR,Correction and Rehabilitation,COR 42 PRRS Reentry Services and Programs,M,128198,0,12707.6,24
FRS,Fire and Rescue Services,FRS 45 Second Battalion - Administration,M,125207,0,8766.8,B1
COR,Correction and Rehabilitation,COR 42 DS MCCF Unit 2 Security,M,131637,23684.44,14087.02,C1
TBS,Department of Technology and Enterprise Business Solutions,TBS 34 CIO Device Client Management,M,122603,0,12153,23
POL,Department of Police,POL 47 PSB 4th District Patrol,M,139532,10878.88,14791.84,A1
CAT,County Attorney's Office,CAT 30 Government Operations,F,200829,0,0,M2
HHS,Department of Health and Human Services,HHS 60 Behavioral Health and Crisis Services Division,F,64099,8633.02,7324.58,24
POL,Department of Police,POL 47 PSB 5th District Patrol,M,126852,59138.73,13447.62,P5
COR,Correction and Rehabilitation,COR 42 DS MCDC Custody and Security,M,109539,48089.72,11722.28,C5
FRS,Fire and Rescue Services,FRS 45 Station 12,M,141187,51205.53,9885.72,B2
TBS,Department of Technology and Enterprise Business Solutions,TBS 34 OSP Infrastructure and Cloud Services,F,153585,0,14429.2,N28
DOT,Department of Transportation,DOT 50 Highway Services,M,90149,21666.43,8837.83,16
REC,Department of Recreation,REC 72 Administration Division,F,111072.96,0,0,21
DOT,Department of Transportation,DOT 50 Transit Silver Spring Ride On,M,94797.08,24347.24,0,T1
LIB,Department of Public Libraries,LIB 71 Davis Library,F,98322,0,9746.18,18
FRS,Fire and Rescue Services,FRS 45 Station 11,M,141187,39441.76,9792.07,B2
POL,Department of Police,POL 47 PSB 6th District Community Operations,M,120811,7909.62,12807.24,P4
FRS,Fire and Rescue Services,FRS 45 Station 1,M,98543,18908.97,5768.45,F2
FRS,Fire and Rescue Services,FRS 45 Fourth Battalion - Administration,M,162548,0,5597.71,B3
CAT,County Attorney's Office,CAT 30 County Attorney,M,274000,0,0,EX1
HHS,Department of Health and Human Services,HHS 60 Office of Eligibility and Support Services,F,117252,17145.49,5567,22
TBS,Department of Technology and Enterprise Business Solutions,TBS 34 CIO One Face Forward Initiative,M,200829,0,0,M2
CCL,County Council,CCL 01 Council Central Staff,F,110509.24,149.52,0,N23
DOT,Department of Transportation,DOT 50 Transit Gaithersburg Ride On,M,95939.38,26330.06,0,T1
DOT,Department of Transportation,DOT 50 Transit Silver Spring Ride On,M,103932.36,295.46,0,T2
TBS,Department of Technology and Enterprise Business Solutions,TBS 34 CIO Enterprise Information Security Office,M,181336,0,11790.58,N32
FRS,Fire and Rescue Services,FRS 45 Emergency Medical And Integrated Healthcare Services,M,162548,522.72,17254.9,B3
POL,Department of Police,POL 47 FSB Traffic Division Vehicle Recovery Section,M,126852,29739.71,13273.16,P5
POL,Department of Police,POL 47 PSB 4th District Patrol,M,126852,101122.19,13447.62,P5
COR,Correction and Rehabilitation,COR 42 DS Inmate Records,M,94134,12498.31,9295.53,17
OAS,Office of Animal Services,OAS 38 Animal Services Division,M,112166,0,0,N21
HHS,Department of Health and Human Services,HHS 60 School Health Services,F,78880.38,0,4747.92,16
HHS,Department of Health and Human Services,HHS 60 Chief Operating Officer Division,F,110654.34,0,685.44,21
FRS,Fire and Rescue Services,FRS 45 Station 33,M,103472,29719.62,3559.8,F3
CCL,County Council,CCL 01 Council Central Staff,M,110456.17,0,0,M2
POL,Department of Police,POL 47 PSB 1st District Patrol,M,120811,78156.26,12807.24,P4
DGS,Department of General Services,DGS 36 Fleet Management Services,M,90149,643.91,5403.58,16
DOT,Department of Transportation,DOT 50 Transit Gaithersburg Ride On,M,93655.37,11458.23,0,T1
REC,Department of Recreation,REC 72 Senior Programs,F,112166,0,7293.28,21
FRS,Fire and Rescue Services,FRS 45 Station 24,M,125207,22760.82,13381.58,B1
DOT,Department of Transportation,DOT 50 Highway Services,M,95396.1,33188.63,0,N18
ABS,Alcohol Beverage Services,ABS 85 Liquor and Wine Loading,M,94134,16846.54,0,N17
ABS,Alcohol Beverage Services,ABS 85 Burtonsville,M,82745,1548.45,8202.2,14
FRS,Fire and Rescue Services,FRS 45 Station 34,M,136743,0,0,B2
POL,Department of Police,POL 47 PSB 1st District Patrol,M,126852,53796.14,13447.62,P5
FRS,Fire and Rescue Services,FRS 45 Station 13,M,103472,9871.85,2885.67,F3
POL,Department of Police,POL 47 PSB 2nd District Patrol,M,139532,8685.31,14791.84,A1
POL,Department of Police,POL 47 PSB 5th District Patrol,M,120811,21179.59,8390.62,P4
FRS,Fire and Rescue Services,FRS 45 Station 28,M,141187,63839.81,9885.72,B2
SHF,Sheriff's Office,SHF 48 Sheriff Domestic Violence,F,107323,2002.24,9249.9,20
FRS,Fire and Rescue Services,FRS 45 Station 25,M,113815,11708.28,12164.2,F4
HHS,Department of Health and Human Services,HHS 60 Office of Eligibility and Support Services,F,128198,8158.18,0,N24
POL,Department of Police,POL 47 PSB 5th District Patrol,F,90149,13788.03,2884.02,16
COR,Correction and Rehabilitation,COR 42 PTS Supervision,F,128198,10722.84,8335.6,24
FRS,Fire and Rescue Services,FRS 45 Station 14,M,100215,0,0,F3
FRS,Fire and Rescue Services,FRS 45 Station 10,M,141187,48475.78,9885.76,B2
HHS,Department of Health and Human Services,HHS 60 Office of Eligibility and Support Services,M,107323,124.07,10638.4,20
DEP,Department of Environmental Protection,DEP 80 Stormwater BMP Inspection and Maintenance,M,122603,17192.38,7971.76,23
POL,Department of Police,POL 47 PSB 3rd District Special Assignment Team,M,120811,32174.81,12807.24,P4
DOT,Department of Transportation,DOT 50 Transit Gaithersburg Ride On,F,103932,824.52,0,T2
HHS,Department of Health and Human Services,HHS 60 Office of Eligibility and Support Services,F,117252,1542.16,11622.56,22
POL,Department of Police,POL 47 MSB Training and Education Division,M,120811,10158.79,12807.24,P4
DOT,Department of Transportation,DOT 50 Transportation Management,M,102711,17560.03,6678.42,19
POL,Department of Police,POL 47 PSB 1st District Patrol,M,120811,138.21,12807.24,P4
COR,Correction and Rehabilitation,COR 42 DS MCCF Unit 1 Security,F,120293,37086.69,8426.32,C6
FRS,Fire and Rescue Services,FRS 45 Station 10,M,113815,0,4695.41,F4
POL,Department of Police,POL 47 PSB 4th District Station,M,184161,1909.46,0,A2
FRS,Fire and Rescue Services,FRS 45 Emergency Communications Center (ECC),M,125207,6979.3,3468.55,B1
POL,Department of Police,POL 47 FSB Traffic Division School Safety Section,M,120811,21790.45,12807.24,P4
POL,Department of Police,POL 47 PSB 5th District Patrol,M,126852,6774.13,13447.62,P5
POL,Department of Police,POL 47 PSB 4th District Patrol,M,120811,7342.99,12807.24,P4
POL,Department of Police,POL 47 PSB 3rd District Patrol,M,120811,4473.03,12807.24,P4
FRS,Fire and Rescue Services,FRS 45 Station 10,M,125207,29481.45,10474.83,B1
POL,Department of Police,POL 47 PSB 1st District Patrol,M,120811,41324.02,8390.62,P4
POL,Department of Police,POL 47 PSB 5th District Patrol,F,120811,5160.11,12807.24,P4
FRS,Fire and Rescue Services,FRS 45 Station 24,M,141187,23750.74,4811.86,B2
FRS,Fire and Rescue Services,FRS 45 Emergency Communications Center (ECC),M,125207,113248.41,4225.32,B1
FRS,Fire and Rescue Services,FRS 45 Station 8,M,125207,24861.66,4308.1,B1
CAT,County Attorney's Office,CAT 30 Support Services,F,90149,0,2884.02,N16
POL,Department of Police,POL 47 FSB Special Operations Division Tactical Operations Section,M,120811,25964.5,12641.09,P4
FRS,Fire and Rescue Services,FRS 45 Station 15,M,113815,33299.59,9521.83,F4
FRS,Fire and Rescue Services,FRS 45 Technology Services,M,141187,111437.32,9885.76,B2
FIN,Department of Finance,FIN 32 Director's Office,M,200829,0,0,M2
SHF,Sheriff's Office,SHF 48 Court and Transport,M,116404,1913.73,8160.96,G4
FRS,Fire and Rescue Services,FRS 45 Station 17,M,141187,67220.84,14547.23,B2
COR,Correction and Rehabilitation,COR 42 DS Food Services,M,117252,23928.02,0,N22
FRS,Fire and Rescue Services,FRS 45 Station 2,M,113815,12794.52,8044.69,F4
DEP,Department of Environmental Protection,DEP 80 Stewardship Programs,M,122603,0,306.52,23
POL,Department of Police,POL 47 PSB 3rd District Community Operations,M,139532,5657.87,14791.84,A1
DOT,Department of Transportation,DOT 50 Traffic Engineering Design and Operations,F,134086,0,8718.54,25
POL,Department of Police,POL 47 PSB 5th District Patrol,M,139532,40686.62,14791.84,A1
FRS,Fire and Rescue Services,FRS 45 Station 29,M,141187,110322.61,11811.71,B2
SHF,Sheriff's Office,SHF 48 Evictions,M,116404,0,4010.36,G4
FRS,Fire and Rescue Services,FRS 45 Station 31,M,141187,89855.28,15089.5,B2
FRS,Fire and Rescue Services,FRS 45 Special Operations,M,160741.76,0,5567.24,B3
DPS,Department of Permitting Services,DPS 75 Well and Septic Review and Inspections,M,128198,18683.03,8335.6,24
POL,Department of Police,POL 47 FSB Traffic Division School Safety Section,M,35806.28,0,807.11,10
FRS,Fire and Rescue Services,FRS 45 Station 29,M,103472,3210.28,3560.22,F3
FRS,Fire and Rescue Services,FRS 45 Station 34,M,125207,41492.1,4308.1,B1
FRS,Fire and Rescue Services,FRS 45 Fire and Explosive Investigations,M,113815,38854.4,7969.2,F4
POL,Department of Police,POL 47 PSB 4th District Station,M,184161,8862.12,0,A2
POL,Department of Police,POL 47 PSB 1st District Patrol,F,60406,653.31,4195.38,P4P
COR,Correction and Rehabilitation,COR 42 DS MCCF Unit 1 Security,M,120293,27549.07,8433.64,C6
FRS,Fire and Rescue Services,FRS 45 Station 3,M,141187,1973.59,12580.43,B2
LIB,Department of Public Libraries,LIB 71 Damascus Library,F,128198,0,12707.6,24
POL,Department of Police,POL 47 MSB Training and Education Division,M,120811,11353.74,12807.24,P4
POL,Department of Police,POL 47 Patrol Services Bureau,M,248000,0,0,EX2
LIB,Department of Public Libraries,LIB 71 Germantown Library,F,59472,0,5895.16,13
POL,Department of Police,POL 47 PSB 3rd District Station,M,182925.35,11618.92,0,A2
HHS,Department of Health and Human Services,HHS 60 Public Health Services Division,F,90149,14150.22,5748.7,16
COR,Correction and Rehabilitation,COR 42 MBHS Medical and Behavioral Health Services,F,124464,47.85,2126.58,24
PIO,Office of Public Information,PIO 23 Information,M,194980,0,0,M2
FRS,Fire and Rescue Services,FRS 45 Station 35,M,100215,0,2794.47,F3
FIN,Department of Finance,FIN 32 Director,M,255000,0,0,EX1
HHS,Department of Health and Human Services,HHS 60 Public Health Services Division,F,200829,0,0,M2
LIB,Department of Public Libraries,LIB 71 Chevy Chase Library,F,128198,0,4101.12,24
HCA,Department of Housing and Community Affairs,HCA 76 Multi-Family Housing Program,M,134086,0,4289.54,25
POL,Department of Police,POL 47 MSB Personnel Division Administration,M,112166,1922.45,3588.34,N21
COR,Correction and Rehabilitation,COR 42 MBHS Medical and Behavioral Health Services,F,128198,60410.26,8335.6,24
POL,Department of Police,POL 47 PSB 6th District Patrol,M,115223,0,3013.73,P4
HHS,Department of Health and Human Services,HHS 60 Office of Eligibility and Support Services,M,107323,0,10621.4,20
HHS,Department of Health and Human Services,HHS 60 Aging & Disability Services Division,F,122603,0,12153,23
POL,Department of Police,POL 47 PSB 1st District Patrol,M,126852,12729.09,13447.62,P5
POL,Department of Police,POL 47 MSB Information Management and Technology Division Crime Analysis Section,F,107323,0,6978.26,20
POL,Department of Police,POL 47 MSB  Professional Accountability Division,M,212580,4449.52,0,A3
HHS,Department of Health and Human Services,HHS 60 Aging & Disability Services Division,F,128198,20648.27,4101.12,24
POL,Department of Police,POL 47 PSB 5th District Station,M,212580,21866.47,0,A3
DOT,Department of Transportation,DOT 50 Transportation Planning and Design Section,F,153585,0,12839.6,28
POL,Department of Police,POL 47 PSB 5th District Patrol,M,139532,55.79,14791.84,A1
DOT,Department of Transportation,DOT 50 Transit Gaithersburg Ride On,M,97081,7226.48,0,T1
FRS,Fire and Rescue Services,FRS 45 Support Services Division,M,136188,0,69.21,26
POL,Department of Police,POL 47 FSB Security Services Division,M,102634.64,54056.92,3800.3,21
FRS,Fire and Rescue Services,FRS 45 Scheduling,M,113815,56824.83,7969.2,F4
FRS,Fire and Rescue Services,FRS 45 Station 13,M,113815,0,4904.66,F4
FRS,Fire and Rescue Services,FRS 45 Station 23,M,141187,65480.87,9885.76,B2
POL,Department of Police,POL 47 MSB Training and Education Division,M,120811,3062.27,8230.08,P4
POL,Department of Police,POL 47 PSB 4th District Patrol,M,120811,0,12807.24,P4
POL,Department of Police,POL 47 FSB Special Operations Division,M,120811,86296.12,8390.62,P4
HHS,Department of Health and Human Services,HHS 60 Child Welfare Services,F,140274,3950.16,13178.66,N26
POL,Department of Police,POL 47 PSB 6th District Community Action Team,M,139532,4191.11,9690.72,A1
POL,Department of Police,POL 47 FSB Traffic Division School Safety Section,M,126852,24472.3,13447.62,P5
POL,Department of Police,POL 47 PSB 6th District Patrol,M,120811,222.54,8390.62,P4
ABS,Alcohol Beverage Services,ABS 85 Silver Spring,M,112166,0,0,N21
FRS,Fire and Rescue Services,FRS 45 Third Battalion - Administration,M,160741.57,782.1,4482.83,B3
DOT,Department of Transportation,DOT 50 Transportation Planning and Design Section,M,134086,0,4289.54,25
POL,Department of Police,POL 47 MSB Budget and Capital Management Division Financial and Grants Management Section,F,112166,0,10538.02,N21
POL,Department of Police,POL 47 PSB 1st District Patrol,M,120811,23605.46,12807.24,P4
OCP,Office of Consumer Protection,OCP 39 Director,M,220000,0,0,EX1
POL,Department of Police,POL 47 PSB 3rd District Patrol,M,120811,67954.62,12807.24,P4
COR,Correction and Rehabilitation,COR 42 DS MCCF Unit 2 Security,F,120293,36538.91,12751.69,C6
HHS,Department of Health and Human Services,HHS 60 Office of Eligibility and Support Services,M,171079.6,0,0,M3
ABS,Alcohol Beverage Services,ABS 85 Beer Delivery Operations,M,69930,7082.64,4547.04,10
DOT,Department of Transportation,DOT 50 Transit Silver Spring Ride On,M,95939.38,10262.61,0,T1
COR,Correction and Rehabilitation,COR 42 DS Intake Classification and Re-Entry Services,F,116935.58,0,7554.49,22
HHS,Department of Health and Human Services,HHS 60 School Health Services,F,128198,0,4101.12,24
DEP,Department of Environmental Protection,DEP 80 Resource Conversion,M,107323,1448.56,10638.4,20
POL,Department of Police,POL 47 PSB 5th District Patrol,M,120811,57302.57,12807.24,P4
FRS,Fire and Rescue Services,FRS 45 Station 2,M,103472,22735.92,11058.7,F3
POL,Department of Police,POL 47 PSB 3rd District Community Operations,F,120811,2303.25,12807.24,P4
POL,Department of Police,POL 47 PSB 5th District Patrol,M,139532,44378.09,14791.84,A1
POL,Department of Police,POL 47 PSB 1st District Patrol,M,90149,32354.41,2884.02,16
COR,Correction and Rehabilitation,COR 42 DS Inmate Records,M,91392,0,23.25,17
HRC,Office of Human Rights,HRC 46 Compliance,M,130181,0,810.34,25
DEP,Department of Environmental Protection,DEP 80 Waste Reduction and Recycling,M,112166,0,11118.46,21
FRS,Fire and Rescue Services,FRS 45 Fleet Operations,M,169197.29,0,0,M3
POL,Department of Police,POL 47 Field Services Bureau,M,184161,0,0,A2
FRS,Fire and Rescue Services,FRS 45 Station 9,M,141187,3069.08,4954.4,B2
FRS,Fire and Rescue Services,FRS 45 Station 34,M,103472,26248.57,11058.74,F3
POL,Department of Police,POL 47 PSB 5th District Special Assignment Team,M,120811,22202.46,12807.24,P4
FRS,Fire and Rescue Services,FRS 45 Station 31,M,113815,26785.32,1378.95,F4
DEP,Department of Environmental Protection,DEP 80 Stewardship Programs,F,134086,0,8718.54,N25
HHS,Department of Health and Human Services,HHS 60 Office of Eligibility and Support Services,F,107323,0,10638.4,20
DGS,Department of General Services,DGS 36 Facilities Maintenance,M,98322,146.78,6393.02,18
HHS,Department of Health and Human Services,HHS 60 Behavioral Health and Crisis Services Division,F,166018.31,0,0,M3
FRS,Fire and Rescue Services,FRS 45 Emergency Communications Center (ECC),M,113815,92978.61,3758.14,F4
FRS,Fire and Rescue Services,FRS 45 Fire Chief's Executive Office,M,125207,68552.92,8766.8,B1
HHS,Department of Health and Human Services,HHS 60 Behavioral Health and Crisis Services Division,F,122603,23248.11,12153,23
HHS,Department of Health and Human Services,HHS 60 School Health Services,F,78880.38,0,2521.28,16
FRS,Fire and Rescue Services,FRS 45 Station 22,M,141187,10967.92,11811.72,B2
FRS,Fire and Rescue Services,FRS 45 Duty Operations Chief's Office,M,178789,0,19108.18,B4
FRS,Fire and Rescue Services,FRS 45 Station 31,M,113815,2057.99,7969.2,F4
DGS,Department of General Services,DGS 36 Facilities Maintenance,M,102711,11312.77,6678.42,19
FRS,Fire and Rescue Services,FRS 45 Station 6,M,125207,2513.64,4267.33,B1
DOT,Department of Transportation,DOT 50 Highway Services,M,122603,9039.5,3922.18,N23
DOT,Department of Transportation,DOT 50 Highway Services,M,55517,5625.33,0,15
LIB,Department of Public Libraries,LIB 71 Collection Management,F,79296,0,7860.22,13
POL,Department of Police,POL 47 PSB 6th District Patrol,F,120811,9290.6,12807.24,P4
DEP,Department of Environmental Protection,DEP 80 Communications and Public Engagement,F,122603,0,3922.18,23
HHS,Department of Health and Human Services,HHS 60 Office of Eligibility and Support Services,F,107323,0,6978.26,20
CUS,Community Use of Public Facilities,CUS 70 Core Services Team,M,171729.1,0,0,M3
DOT,Department of Transportation,DOT 50 Transit Gaithersburg Ride On,F,112166,5542.19,2907.69,N21
COR,Correction and Rehabilitation,COR 42 DS MCDC Custody and Security,M,109539,41627.26,6494.36,C5
DGS,Department of General Services,DGS 36 Fleet Automotive Heavy Equipment,M,128198,7846.42,8335.6,N24
DGS,Department of General Services,DGS 36 Fleet Automotive Heavy Equipment,M,117252,19365.59,7623.88,N22
DOT,Department of Transportation,DOT 50 Transit Silver Spring Ride On,M,97081,20591.48,0,T1
DOT,Department of Transportation,DOT 50 Transit Gaithersburg Ride On,M,97081,26458.19,0,T1
FRS,Fire and Rescue Services,FRS 45 Duty Operations Chief's Office,M,178789,0,18921.28,B4
FRS,Fire and Rescue Services,FRS 45 Emergency Communications Center (ECC),M,103472,24712.65,0,F3
FRS,Fire and Rescue Services,FRS 45 Station 17,M,125207,21613.68,13381.58,B1
OHR,Office of Human Resources,OHR 33 Professional Learning and Org Development,M,134086,0,8718.54,N25
POL,Department of Police,POL 47 PSB 5th District Station,F,90149,6193.01,0,16
FRS,Fire and Rescue Services,FRS 45 Emergency Communications Center (ECC),M,103472,87884.78,3173.6,F3
POL,Department of Police,POL 47 PSB 3rd District Patrol,M,120811,178210.65,2106.79,P4
POL,Department of Police,POL 47 PSB 1st District Patrol,F,60406,0,6403.82,P4P
SHF,Sheriff's Office,SHF 48 Court and Transport,M,116404,49749.17,8160.96,G4
FRS,Fire and Rescue Services,FRS 45 Station 16,M,113815,40693.37,3953.2,F4
FRS,Fire and Rescue Services,FRS 45 Field Operations Administration,M,141187,77969.64,9664.87,B2
POL,Department of Police,POL 47 MSB Communications Division,M,108899,0,0,21
LIB,Department of Public Libraries,LIB 71 Germantown Library,F,90149,0,8936.04,16
POL,Department of Police,POL 47 PSB 4th District Patrol,M,120811,1991.68,12807.24,P4
POL,Department of Police,POL 47 CRB Community Engagement Division Community Engagement Section,M,120811,1720.05,12807.24,P4
SHF,Sheriff's Office,SHF 48 Sheriff Domestic Violence,F,90149,3195.97,8617.69,16
CAT,County Attorney's Office,CAT 30 Support Services,F,90149,0,2884.02,N16
POL,Department of Police,POL 47 FSB Traffic Division Automated Traffic Enforcement Section,F,86352,0,3431.18,15
POL,Department of Police,POL 47 PSB 1st District Community Operations,M,120811,373.32,8390.62,P4
FRS,Fire and Rescue Services,FRS 45 Station 7,M,113815,129528.95,12279.43,F4
HHS,Department of Health and Human Services,HHS 60 Behavioral Health and Crisis Services Division,F,90149,1711.7,2884.02,16
ABS,Alcohol Beverage Services,ABS 85 Muddy Branch,M,112166,0,0,N21
COR,Correction and Rehabilitation,COR 42 PTS Alternative Community Services,F,117252,0,3751.04,22
POL,Department of Police,POL 47 PSB 3rd District Patrol,M,139532,7227.59,14791.84,A1
POL,Department of Police,POL 47 FSB Special Operations Division,M,184161,16407.69,0,A2
HHS,Department of Health and Human Services,HHS 60 Public Health Services Division,F,86352,0,2690.13,15
FRS,Fire and Rescue Services,FRS 45 Station 25,M,125207,26200.9,4308.13,B1
POL,Department of Police,POL 47 PSB 2nd District Special Assignment Team,M,120811,25516.82,8390.62,P4
POL,Department of Police,POL 47 PSB 1st District Patrol,M,120811,1318.76,8390.62,P4
FRS,Fire and Rescue Services,FRS 45 Station 8,M,103472,64.37,3560.22,F3
DGS,Department of General Services,DGS 36 Facilities Maintenance,M,86352,26327.55,2762.48,15
COR,Correction and Rehabilitation,COR 42 DS MCDC Custody and Security,M,97034,19080.7,1175.67,C4
PIO,Office of Public Information,PIO 23 Web Content and Graphic Management,M,140274,0,0,N26
FRS,Fire and Rescue Services,FRS 45 Station 12,M,141187,49587.6,4857.88,B2
FRS,Fire and Rescue Services,FRS 45 Station 35,M,103472,643.61,3593.99,F3
DOT,Department of Transportation,DOT 50 Parking Management,F,94134,0,0,N17
HHS,Department of Health and Human Services,HHS 60 Child Welfare Services,F,61301.48,0,9978.84,23
DGS,Department of General Services,DGS 36 Facilities,F,112166,34035.92,10538.02,N21
POL,Department of Police,POL 47 MSB Personnel Division Administration,M,122603,0,242.53,N23
FRS,Fire and Rescue Services,FRS 45 Station 15,M,103472,9812.83,3593.95,F3
FRS,Fire and Rescue Services,FRS 45 Fourth Battalion - Administration,M,125207,0,0,B1
DGS,Department of General Services,DGS 36 Fleet Management Fleet Services,M,102711,7094.44,8453.63,19
DOT,Department of Transportation,DOT 50 Transit Silver Spring Ride On,M,93655.37,28354.69,0,T1
POL,Department of Police,POL 47 PSB 1st District Patrol,M,126852,6773.69,13447.62,P5
HHS,Department of Health and Human Services,HHS 60 Office of Eligibility and Support Services,F,143581.79,0,0,M3
POL,Department of Police,POL 47 FSB Traffic Division Collision Reconstruction,M,120811,21231.67,12807.24,P4
POL,Department of Police,POL 47 PSB 1st District Patrol,M,139532,0,9690.72,A1
FRS,Fire and Rescue Services,FRS 45 Station 40,M,141187,44990.16,9979.37,B2
HCA,Department of Housing and Community Affairs,HCA 76 Community Development Neighborhood Revitalization,F,134086,0,13291.28,25
FRS,Fire and Rescue Services,FRS 45 Station 13,M,113815,0,7893.7,F4
FRS,Fire and Rescue Services,FRS 45 Station 17,M,103472,0,11058.74,F3
POL,Department of Police,POL 47 FSB Traffic Division Central Traffic Enforcement,M,120811,22021.48,12807.24,P4
DPS,Department of Permitting Services,DPS 75 Land Development Sediment and Stormwater Inspection,M,174641.65,0,0,M3
POL,Department of Police,POL 47 MSB Training and Education Division,M,120811,3321.06,8390.62,P4
POL,Department of Police,POL 47 MSB Communications Division,M,140274,0,13904.58,26
POL,Department of Police,POL 47 PSB 5th District Patrol,M,120811,29414.12,12807.24,P4
POL,Department of Police,POL 47 PSB 4th District Patrol,M,139532,47501.02,14791.84,A1
OIG,Office of the Inspector General,OIG 06 Office of the Inspector General,F,153585,0,0,N28
FRS,Fire and Rescue Services,FRS 45 Station 16,M,113815,4198.3,12164.2,F4
POL,Department of Police,POL 47 PSB 5th District Patrol,M,139532,27835.44,9690.72,A1
POL,Department of Police,POL 47 PSB 5th District Patrol,M,120811,19906.21,8390.62,P4
FRS,Fire and Rescue Services,FRS 45 Planning and Accreditation,F,153585,0,9154.64,28
POL,Department of Police,POL 47 PSB 5th District Patrol,F,90149,0,8936.04,16
FRS,Fire and Rescue Services,FRS 45 Emergency Communications Center (ECC),M,113815,83022.7,3921.37,F4
FRS,Fire and Rescue Services,FRS 45 Safety,M,141187,87743.87,14591.58,B2
FRS,Fire and Rescue Services,FRS 45 Station 4,M,103472,86050.76,3560.22,F3
HHS,Department of Health and Human Services,HHS 60 Public Health Services Division,F,64099,0,2583.45,24
POL,Department of Police,POL 47 PSB 1st District Patrol,M,139532,48366.63,14791.84,A1
POL,Department of Police,POL 47 PSB 3rd District Patrol,M,120811,36003.38,12807.24,P4
POL,Department of Police,POL 47 PSB 1st District Patrol,M,139532,7702.14,14791.84,A1
FRS,Fire and Rescue Services,FRS 45 Fire and Explosive Investigations,M,103472,2959.76,7245.08,F3
CEX,Offices of the County Executive,CEX 15 County Executive's Office,F,98000,0,0,EX3
POL,Department of Police,POL 47 PSB 5th District Patrol,M,120811,9532.04,8390.62,P4
POL,Department of Police,POL 47 PSB 3rd District Station,M,212580,35036.5,0,A3
FRS,Fire and Rescue Services,FRS 45 Station 18,M,141187,115968.42,15089.5,B2
FRS,Fire and Rescue Services,FRS 45 Station 17,M,110232,0,53.48,F4
FRS,Fire and Rescue Services,FRS 45 Station 18,M,125207,69102.89,5395.61,B1
POL,Department of Police,POL 47 PSB 5th District Patrol,M,120811,60618.24,8390.62,P4
FRS,Fire and Rescue Services,FRS 45 Fire and Explosive Investigations,M,162548,0,15248.46,B3
POL,Department of Police,POL 47 MSB Training and Education Division,M,139532,10934.54,14791.84,A1
POL,Department of Police,POL 47 CRB Community Engagement Division Community Engagement Section,F,139532,13478.69,14791.84,A1
POL,Department of Police,POL 47 PSB 2nd District Patrol,F,120811,7038.33,12807.24,P4
POL,Department of Police,POL 47 FSB Traffic Division School Safety Section,F,34964.97,0,536.77,10
POL,Department of Police,POL 47 PSB 3rd District Patrol,M,120811,51992.65,8390.62,P4
LIB,Department of Public Libraries,LIB 71 Aspen Hill Library,F,32226.13,0,1031.02,8
HHS,Department of Health and Human Services,HHS 60 Child Welfare Services,F,140274,9007.16,0,N26
FRS,Fire and Rescue Services,FRS 45 Station 1,M,103472,0,5954.66,F3
REC,Department of Recreation,REC 72 Aquatic Team Management,F,134086,0,0,N25
POL,Department of Police,POL 47 PSB 6th District Station,M,212580,9620.91,0,A3
POL,Department of Police,POL 47 PSB 4th District Patrol,M,120811,19909.72,12807.24,P4
POL,Department of Police,POL 47 PSB 1st District Patrol,M,120811,370.76,12807.24,P4
POL,Department of Police,POL 47 FSB Special Operations Division Tactical Operations Section,M,120811,35454.25,8390.62,P4
POL,Department of Police,POL 47 PSB 4th District Patrol,M,139532,42562.49,14343.88,A1
POL,Department of Police,POL 47 PSB 6th District Station,F,90149,0,8936.04,16
FRS,Fire and Rescue Services,FRS 45 Emergency Medical And Integrated Healthcare Services,M,141187,20176.34,3937.44,B2
POL,Department of Police,POL 47 FSB Traffic Division School Safety Section,F,24983.28,0,0,10
POL,Department of Police,POL 47 MSB Training and Education Division,M,139532,4640.9,14791.84,A1
POL,Department of Police,POL 47 MSB Training and Education Division,M,126852,20189.28,13447.62,P5
DEP,Department of Environmental Protection,DEP 80 Director,F,98322,0,3145.54,N18
POL,Department of Police,POL 47 PSB 5th District Patrol,M,139532,12336.72,9690.72,A1
FRS,Fire and Rescue Services,FRS 45 Third Battalion - Administration,M,125207,55812.31,0,B1
POL,Department of Police,POL 47 PSB 1st District Community Operations,F,120811,1705.1,8390.62,P4
FRS,Fire and Rescue Services,FRS 45 Station 23,M,125207,68876.06,1516.98,B1
FRS,Fire and Rescue Services,FRS 45 Station 29,M,113815,60382.25,3174.14,F4
HHS,Department of Health and Human Services,HHS 60 Aging & Disability Services Division,F,128198,0,12707.6,24
HHS,Department of Health and Human Services,HHS 60 Services to End and Prevent Homelessness Division,F,122603,0,7971.76,23
HHS,Department of Health and Human Services,HHS 60 Aging & Disability Services Division,F,128198,0,4101.12,24
FRS,Fire and Rescue Services,FRS 45 Station 31,M,103472,26962.47,1253.61,F3
FRS,Fire and Rescue Services,FRS 45 Station 6,M,113815,17221.71,7969.2,F4
HHS,Department of Health and Human Services,HHS 60 Behavioral Health and Crisis Services Division,F,90149,1311.23,2884.02,16
ABS,Alcohol Beverage Services,ABS 85 Kingsview,M,112166,0,8190.13,N21
POL,Department of Police,POL 47 FSB Traffic Division School Safety Section,F,35806.28,0,849.16,10
HHS,Department of Health and Human Services,HHS 60 Child Welfare Services,F,146316.36,0,0,M3
SHF,Sheriff's Office,SHF 48 Courthouse Security,F,127357,7159.92,8928.9,D1
POL,Department of Police,POL 47 CRB Community Engagement Division Community Engagement Section,M,120811,21002.57,12807.24,P4
POL,Department of Police,POL 47 FSB Traffic Division School Safety Section,F,34964.97,0,1778.7,10
POL,Department of Police,POL 47 PSB 6th District Patrol,M,120811,99826.58,12807.24,P4
COR,Correction and Rehabilitation,COR 42 DS MCCF Unit 2 Security,M,131637,33738.36,4535.22,C1
FRS,Fire and Rescue Services,FRS 45 Field Operations Administration,M,125207,64524.69,3935.31,B1
FRS,Fire and Rescue Services,FRS 45 Station 34,M,103472,63896.44,3560.22,F3
POL,Department of Police,POL 47 PSB 2nd District Station,F,212580,2845.8,0,A3
POL,Department of Police,POL 47 FSB Traffic Division Central Traffic Enforcement,M,120811,2190.48,12807.24,P4
POL,Department of Police,POL 47 MSB Budget & Capital Management Division,F,90149,615.71,5861.66,16
SHF,Sheriff's Office,SHF 48 Court and Transport,M,116404,3508.03,4010.36,G4
LIB,Department of Public Libraries,LIB 71 White Oak Library,F,57688.94,0,5292.76,21
LIB,Department of Public Libraries,LIB 71 Collection Management,F,90149,0,3582.12,16
POL,Department of Police,POL 47 MSB Personnel Division Recruitment Section,F,115223,0,2168.1,P4
TBS,Department of Technology and Enterprise Business Solutions,TBS 34 CIO Vendor and Contract Management,F,134086,0,13291.28,25
DOT,Department of Transportation,DOT 50 Transit Nicholson Ride On,F,93655.37,17828.7,0,T1
ABS,Alcohol Beverage Services,ABS 85 Cabin John,M,112166,0,0,N21
POL,Department of Police,POL 47 FSB Traffic Division School Safety Section,F,34964.97,0,979.23,10
DPS,Department of Permitting Services,DPS 75 Zoning and Site Plan Compliance,M,122603,0,7971.76,23
POL,Department of Police,POL 47 PSB 1st District Patrol,F,120811,4424.33,12807.24,P4
POL,Department of Police,POL 47 PSB 5th District Patrol,F,115223,0,2168.1,P4
CEC,Community Engagement Cluster,CEC 16 Regional Services Centers,M,195000,0,0,EX3
HHS,Department of Health and Human Services,HHS 60 Behavioral Health and Crisis Services Division,F,128198,3888.31,8335.6,24
SHF,Sheriff's Office,SHF 48 Civil Process,M,127357,9641.45,8928.9,D1
CEC,Community Engagement Cluster,CEC 16 Wheaton Urban District,F,128198,0,4101.12,24
COR,Correction and Rehabilitation,COR 42 PRRS Reentry Services and Programs,M,174642,0,0,M3
HHS,Department of Health and Human Services,HHS 60 Public Health Services Division,M,94134,0,6120.72,17
HHS,Department of Health and Human Services,HHS 60 Behavioral Health and Crisis Services Division,F,128198,0,12707.6,24
DOT,Department of Transportation,DOT 50 Transportation Technical Center,M,107323,8507.8,10638.4,20
COR,Correction and Rehabilitation,COR 42 DS MCCF Unit 2 Security,M,144116,30182.57,7482.45,C2
DOT,Department of Transportation,DOT 50 Transit Gaithersburg Ride On,M,95939.38,8469.1,0,T1
FRS,Fire and Rescue Services,FRS 45 Station 6,M,103472,5760.83,3560.22,F3
POL,Department of Police,POL 47 FSB Traffic Division Central Traffic Enforcement,M,120811,12256.45,12807.24,P4
COR,Correction and Rehabilitation,COR 42 PRRS Facility and Security,M,117252,25145.09,11319.16,22
DOT,Department of Transportation,DOT 50 Transit Silver Spring Ride On,M,103361.53,12043.14,0,T2
POL,Department of Police,POL 47 PSB 1st District Patrol,M,120811,72948.81,12807.24,P4
POL,Department of Police,POL 47 MSB Training and Education Division,M,120811,2602.07,6143.06,P4
COR,Correction and Rehabilitation,COR 42 DS MCDC Custody and Security,M,109539,13814.67,5159.05,C5
HHS,Department of Health and Human Services,HHS 60 Children Youth and Family Services Division,F,117252,0,11622.56,22
FRS,Fire and Rescue Services,FRS 45 Admin Services,M,178789,0,18359.08,B4
COR,Correction and Rehabilitation,COR 42 PRRS Facility and Security,M,107323,27487.06,6978.26,20
POL,Department of Police,POL 47 MSB Communications Division,M,102711,36440.46,10048.31,19
POL,Department of Police,POL 47 PSB 5th District Patrol,M,120811,49692.02,12807.24,P4
DGS,Department of General Services,DGS 36 Fleet Management Fleet Services,M,102711,0,3285.78,19
POL,Department of Police,POL 47 PSB 1st District Community Operations,M,120811,15279.58,12807.24,P4
COR,Correction and Rehabilitation,COR 42 DS MCCF Unit 1 Security,F,109539,786.58,3609.37,C5
POL,Department of Police,POL 47 PSB 1st District Station,F,90149,1611.01,2884.02,16
DGS,Department of General Services,DGS 36 Fleet Management Fleet Services,M,102711,3261.25,9383.86,19
DEP,Department of Environmental Protection,DEP 80 Materials Management,M,134086,0,0,N25
POL,Department of Police,POL 47 MSB Information Mgmt and Tech Division Warrant Control Section,M,90149,2615.13,2884.02,16
POL,Department of Police,POL 47 MSB Communications Division,F,108899,1361.28,0,21
FRS,Fire and Rescue Services,FRS 45 Station 21,M,141187,58347.32,3937.48,B2
HHS,Department of Health and Human Services,HHS 60 Services to End and Prevent Homelessness Division,F,95458,0,2440.22,18
OMB,Office of Management and Budget,OMB 31 Office of Management and Budget,F,174626.83,0,0,M3
FRS,Fire and Rescue Services,FRS 45 Station 8,M,98543,787.92,10531.98,F2
FRS,Fire and Rescue Services,FRS 45 Station 8,M,125207,57975.66,13381.67,B1
FRS,Fire and Rescue Services,FRS 45 Station 7,F,103472,64497.51,7313.71,F3
LIB,Department of Public Libraries,LIB 71 Gaithersburg Library,F,39648,0,4081.24,13
HHS,Department of Health and Human Services,HHS 60 School Health Services,F,130181,0,0,N25
DGS,Department of General Services,DGS 36 Central Duplicating,M,90149,0,8936.04,16
HHS,Department of Health and Human Services,HHS 60 Children Youth and Family Services Division,F,106404.34,0,10544.9,24
LIB,Department of Public Libraries,LIB 71 Twinbrook Library,F,128198,0,12707.6,24
DOT,Department of Transportation,DOT 50 Transit Gaithersburg Ride On,M,112166,8289.96,2499.3,N21
LIB,Department of Public Libraries,LIB 71 Davis Library,F,58046.28,0,5753.88,21
ZAH,Office of Zoning and Administrative Hearings,ZAH 05 Zoning and Administrative Hearings,F,108899,0,136.13,N21
POL,Department of Police,POL 47 FSB Traffic Division,M,212580,1494.72,0,A3
COR,Correction and Rehabilitation,COR 42 MBHS Medical and Behavioral Health Services,F,128198,131475.93,4101.12,24
DEP,Department of Environmental Protection,DEP 80 Monitoring and Planning,M,146770,0,14548.52,27
DOT,Department of Transportation,DOT 50 Parking Management Engineering and Capital Project Management,M,153585,0,4913.34,28
POL,Department of Police,POL 47 PSB 5th District Patrol,M,139532,119184.28,14791.84,A1
POL,Department of Police,POL 47 FSB Traffic Division Central Traffic Enforcement,M,139532,67872.66,14791.84,A1
POL,Department of Police,POL 47 FSB Special Operations Division Tactical Operations Section,M,120811,40938.84,8390.62,P4
CCL,County Council,CCL 01 Council Members and Staff,F,122135.53,0,0,N26
TBS,Department of Technology and Enterprise Business Solutions,TBS 34 ODT Human Capital Management,F,174641.65,0,0,M3
COR,Correction and Rehabilitation,COR 42 PTS Intervention Program for Substance Abusers,F,82745,0,5711.08,14
FRS,Fire and Rescue Services,FRS 45 Station 31,M,125207,13016.84,4307.25,B1
POL,Department of Police,POL 47 FSB Traffic Division Collision Reconstruction,M,120811,10116.92,12807.24,P4
POL,Department of Police,POL 47 PSB 1st District Station,M,139532,0,14791.84,A1
FRS,Fire and Rescue Services,FRS 45 Field Operations Administration,M,125207,50599.22,4063.05,B1
POL,Department of Police,POL 47 PSB 5th District Patrol,F,139532,0,14791.84,A1
FRS,Fire and Rescue Services,FRS 45 Station 14,M,103472,6968.16,3526.53,F3
FRS,Fire and Rescue Services,FRS 45 Station 34,M,141187,18982.44,15232.45,B2
FRS,Fire and Rescue Services,FRS 45 Station 16,M,141187,25395.97,9979.37,B2
FRS,Fire and Rescue Services,FRS 45 Station 32,M,141187,46933.05,9979.37,B2
FRS,Fire and Rescue Services,FRS 45 Station 34,M,113815,22852.58,6623.99,F4
POL,Department of Police,POL 47 PSB 5th District Patrol,F,120811,48462.93,8390.62,P4
FRS,Fire and Rescue Services,FRS 45 Station 30,M,141187,64337.18,15089.5,B2
POL,Department of Police,POL 47 PSB 6th District Special Assignment Team,M,126852,45864.72,13136.93,P5
TBS,Department of Technology and Enterprise Business Solutions,TBS 34 CIO Enterprise Information Security Office,M,174641.65,0,0,M3
FRS,Fire and Rescue Services,FRS 45 Station 6,M,141187,0,15089.5,B2
ABS,Alcohol Beverage Services,ABS 85 Retail Administration,M,76018,513.79,7535.35,12
FRS,Fire and Rescue Services,FRS 45 Station 35,M,113815,16959.96,6511.45,F4
DGS,Department of General Services,DGS 36 Fleet Management Fleet Services,M,117252,3348.17,3751.04,N22
FRS,Fire and Rescue Services,FRS 45 Station 16,M,103472,9066.43,1253.61,F3
OLO,Office of Legislative Oversight,OLO 03 Office of Legislative Oversight,F,176359.54,0,0,M2
FRS,Fire and Rescue Services,FRS 45 Station 3,M,103472,38200.19,3593.99,F3
FRS,Fire and Rescue Services,FRS 45 Field Operations Administration,M,141187,55383.76,9979.37,B2
POL,Department of Police,POL 47 PSB 2nd District Patrol,M,139532,1305.05,9690.72,A1
POL,Department of Police,POL 47 PSB 6th District Patrol,M,139532,18233.45,14791.84,A1
POL,Department of Police,POL 47 MSB Communications Division,F,112166,3764.26,7293.28,N21
FRS,Fire and Rescue Services,FRS 45 Emergency Communications Center (ECC),M,103472,234.13,3521.69,F3
COR,Correction and Rehabilitation,COR 42 DS MCDC Custody and Security,M,97034,12570.84,6802.96,C4
DGS,Department of General Services,DGS 36 Fleet Management Fleet Services,M,102711,6771.66,3285.78,19
HHS,Department of Health and Human Services,HHS 60 Office of Eligibility and Support Services,F,107323,0,3848.95,20
DGS,Department of General Services,DGS 36 Fleet Management Fleet Services,M,102711,2272.08,3285.78,19
FRS,Fire and Rescue Services,FRS 45 Station 19,M,103472,18349.43,3560.22,F3
HHS,Department of Health and Human Services,HHS 60 Aging & Disability Services Division,F,79296,0,2536.8,13
POL,Department of Police,POL 47 MSB Personnel Division Administration,F,134086,81.35,2987.7,N25
DOT,Department of Transportation,DOT 50 Transit Gaithersburg Ride On,M,97081,25120.97,0,T1
POL,Department of Police,POL 47 PSB 2nd District Patrol,F,87523,10803.31,3729,16
ABS,Alcohol Beverage Services,ABS 85 Beer Delivery Operations,M,69930,3241.27,2237.22,10
DGS,Department of General Services,DGS 36 Facilities Maintenance,M,102711,9194.52,3285.78,19
DGS,Department of General Services,DGS 36 Facilities,M,200829,0,0,M2
POL,Department of Police,POL 47 PSB 2nd District Station,M,184161,3268.37,0,A2
TBS,Department of Technology and Enterprise Business Solutions,TBS 34 ODT Web Solutions Team,F,153585,0,14429.2,N28
POL,Department of Police,POL 47 PSB 3rd District Patrol,F,87523,7368.12,1945.74,16
DOT,Department of Transportation,DOT 50 Transit Silver Spring Ride On,M,104503.24,23147.41,0,T2
COR,Correction and Rehabilitation,COR 42 DS MCCF Case Managers Unit 1,F,134086,0,12597.4,N25
FRS,Fire and Rescue Services,FRS 45 Station 7,M,141187,15184.89,4480.2,B2
POL,Department of Police,POL 47 HQ Office of the Chief,F,126852,15989.39,8506.47,P5
HHS,Department of Health and Human Services,HHS 60 Office of Eligibility and Support Services,M,107323,1576.05,10638.4,20
FRS,Fire and Rescue Services,FRS 45 Station 10,M,141187,44058.67,4811.86,B2
CCL,County Council,CCL 01 Council Members and Staff,M,98322,0,0,N18
HHS,Department of Health and Human Services,HHS 60 School Health Services,F,84124.5,0,7331.4,21
FRS,Fire and Rescue Services,FRS 45 Station 30,M,113815,54844.99,3137.02,F4
POL,Department of Police,POL 47 CRB Policy and Planning Division,M,212575.73,723.74,0,A3
DOT,Department of Transportation,DOT 50 Transit Nicholson Ride On,M,93655.37,2205.67,0,T1
HHS,Department of Health and Human Services,HHS 60 School Health Services,F,78880.38,0,3081.38,16
FRS,Fire and Rescue Services,FRS 45 Station 24,M,125207,4241.6,8766.8,B1
FIN,Department of Finance,FIN 32 Information Technology,F,181336,0,0,N32
DPS,Department of Permitting Services,DPS 75 Land Development Right-of-Way Plan Review,M,140274,0,6297.96,26
TBS,Department of Technology and Enterprise Business Solutions,TBS 34 CIO Device Client Management,F,174641.65,0,0,M3
DGS,Department of General Services,DGS 36 Fleet Management Fleet Services,M,102711,0,6678.42,19
POL,Department of Police,POL 47 PSB 3rd District Patrol,M,139532,134164.42,14791.84,A1
HHS,Department of Health and Human Services,HHS 60 School Health Services,F,78880.38,0,2515.65,16
DOT,Department of Transportation,DOT 50 Highway Services,M,98322,54358.67,0,N18
FRS,Fire and Rescue Services,FRS 45 Station 3,M,113815,42821.13,3953.2,F4
FRS,Fire and Rescue Services,FRS 45 Fourth Battalion - Administration,M,125207,0,4308.14,B1
DOT,Department of Transportation,DOT 50 Transportation Materials Testing Lab,M,122603,0,3178.23,23
POL,Department of Police,POL 47 MSB Communications Division,F,102711,7740.7,3285.78,19
COR,Correction and Rehabilitation,COR 42 DS MCDC Custody and Security,M,109539,25628.72,3773.9,C5
FRS,Fire and Rescue Services,FRS 45 Station 19,M,103472,0,3351.33,F3
ABS,Alcohol Beverage Services,ABS 85 Liquor and Wine Loading,M,76018,4986.13,2432,12
POL,Department of Police,POL 47 MSB Communications Division,F,121861.9,27512.32,0,N23
DGS,Department of General Services,DGS 36 Facilities Maintenance,F,64452,4411.89,4791.95,8
FRS,Fire and Rescue Services,FRS 45 Station 23,F,141187,28548.4,9792.07,B2
COR,Correction and Rehabilitation,COR 42 DS MCCF Unit 1 Security,M,109539,4646.7,7679.72,C5
DOT,Department of Transportation,DOT 50 Transit Nicholson Ride On,M,112166,225.4,0,N21
DOT,Department of Transportation,DOT 50 Transit Nicholson Ride On,M,93655.37,124.49,0,T1
LIB,Department of Public Libraries,LIB 71 Kensington Park Library,F,107323,0,0,N20
HHS,Department of Health and Human Services,HHS 60 Public Health Services Division,M,128198,0,4101.12,24
DGS,Department of General Services,DGS 36 Facilities Maintenance,F,64452,0,2061.92,8
ABS,Alcohol Beverage Services,ABS 85 Seneca Meadows,M,112166,0,0,N21
HHS,Department of Health and Human Services,HHS 60 Public Health Services Division,M,128198,2481.86,4101.12,24
POL,Department of Police,POL 47 FSB Traffic Division School Safety Section,F,34964.97,0,2196.3,10
DGS,Department of General Services,DGS 36 Fleet Automotive Heavy Equipment,M,102711,4063.19,7600.99,19
DOT,Department of Transportation,DOT 50 Transit Silver Spring Ride On,M,94797.08,52634.24,0,T1
HHS,Department of Health and Human Services,HHS 60 Office of Eligibility and Support Services,F,107323,182.21,3412.13,20
DOT,Department of Transportation,DOT 50 Transit Nicholson Ride On,M,93655.37,25960.25,0,T1
ABS,Alcohol Beverage Services,ABS 85 Kensington,F,94979.45,0,0,N18
LIB,Department of Public Libraries,LIB 71 Aspen Hill Library,F,59472,0,5895.16,13
LIB,Department of Public Libraries,LIB 71 Germantown Library,F,32226.13,0,1031.02,8
HHS,Department of Health and Human Services,HHS 60 School Health Services,F,128198,0,4101.12,24
DOT,Department of Transportation,DOT 50 Transit COS Passenger Facilities,M,98322,688.41,0,N18
DOT,Department of Transportation,DOT 50 Transit Gaithersburg Ride On,M,93655,0,0,T1
POL,Department of Police,POL 47 MSB Personnel Division Recruitment Section,M,139532,1082.13,14791.84,A1
DOT,Department of Transportation,DOT 50 Transit Silver Spring Ride On,M,94797.38,9691.15,0,T1
FRS,Fire and Rescue Services,FRS 45 Operations Division,M,162548,0,11381.4,B3
FRS,Fire and Rescue Services,FRS 45 Fifth Battalion - Administration,M,162548,0,17537.01,B3
FRS,Fire and Rescue Services,FRS 45 Station 25,M,113815,1759.43,4830.47,F4
FRS,Fire and Rescue Services,FRS 45 First Battalion - Administration,M,125207,44546.83,4267.33,B1
DOT,Department of Transportation,DOT 50 Transit Gaithersburg Ride On,M,97081,15140.36,0,T1
ABS,Alcohol Beverage Services,ABS 85 Liquor and Wine Delivery Operations,M,69930,2150.19,524.52,10
ABS,Alcohol Beverage Services,ABS 85 Liquor and Wine Loading,M,76018,2127.12,2432,12
DOT,Department of Transportation,DOT 50 Transit Gaithersburg Ride On,F,112166,2354.46,701.05,N21
DOT,Department of Transportation,DOT 50 Transit Gaithersburg Ride On,M,103932.36,2158.02,0,T2
DOT,Department of Transportation,DOT 50 Transportation Planning and Design Section,M,134086,0,4412.66,25
ABS,Alcohol Beverage Services,ABS 85 Beer Loading,M,76018,7180.25,2432,12
DPS,Department of Permitting Services,DPS 75 Commercial Electrical and FPS Inspections,M,128198,10695.13,4101.12,24
POL,Department of Police,POL 47 FSB Traffic Division School Safety Section,F,34964.97,0,743.72,10
DOT,Department of Transportation,DOT 50 Highway Services,M,90149,66718.92,8936.04,16
ABS,Alcohol Beverage Services,ABS 85 Beer Delivery Operations,M,67893,211.88,3445.67,10
HHS,Department of Health and Human Services,HHS 60 School Health Services,F,78880.38,0,4945.43,16
DOT,Department of Transportation,DOT 50 Highway Services,M,90149,7162.14,2884.02,16
POL,Department of Police,POL 47 PSB 6th District Special Assignment Team,M,139532,51524.05,14791.84,A1
FRS,Fire and Rescue Services,FRS 45 Emergency Communications Center (ECC),M,103472,94860.53,11178.44,F3
POL,Department of Police,POL 47 PSB 4th District Patrol,M,139532,4419.4,14791.84,A1
FRS,Fire and Rescue Services,FRS 45 Station 20,M,103472,0,2885.67,F3
FRS,Fire and Rescue Services,FRS 45 Community Risk Reduction,F,174641.65,0,0,M3
LIB,Department of Public Libraries,LIB 71 Brigadier General Charles E. McGee Library,M,107323,0,6978.26,N20
DOT,Department of Transportation,DOT 50 Highway Services,M,86352,17682.68,8559.6,15
HHS,Department of Health and Human Services,HHS 60 Child Welfare Services,F,98322,4376.43,9240.82,18
DGS,Department of General Services,DGS 36 Facilities Maintenance,M,110267.07,7367.56,0,22
DOT,Department of Transportation,DOT 50 Highway Services,M,98322,24556.38,6393.02,N18
FRS,Fire and Rescue Services,FRS 45 Station 14,M,103472,0,10193.4,F3
TBS,Department of Technology and Enterprise Business Solutions,TBS 34 OPS Public Safety Programs,M,223879.77,0,0,M1
DOT,Department of Transportation,DOT 50 Transit Nicholson Ride On,F,97081,19908.56,0,T1
POL,Department of Police,POL 47 MSB Budget and Capital Management Division Fleet Management Section,M,184161,60750.99,0,A2
HHS,Department of Health and Human Services,HHS 60 Public Health Services Division,F,134086,0,8718.54,N25
COR,Correction and Rehabilitation,COR 42 DS MCCF Unit 1 Security,M,116789,25586.12,3223.11,C6
ABS,Alcohol Beverage Services,ABS 85 Special Order Liquor and Wine Warehouse Operations,M,76018,8753.48,7535.32,12
DEP,Department of Environmental Protection,DEP 80 Recycling and Refuse Services,M,112166,0,5754.39,21
HHS,Department of Health and Human Services,HHS 60 Children Youth and Family Services Division,F,128198,0,12044.16,N24
COR,Correction and Rehabilitation,COR 42 DS Food Services,M,98322,11893.44,6393.02,18
TBS,Department of Technology and Enterprise Business Solutions,TBS 34 ODT Web Solutions Team,F,153585,0,14429.2,N28
FRS,Fire and Rescue Services,FRS 45 Fifth Battalion - Administration,M,141187,9880.61,15089.5,B2
POL,Department of Police,POL 47 MSB Personnel Division Polygraph Section,M,139532,0,14791.84,A1
FRS,Fire and Rescue Services,FRS 45 Station 24,M,113815,32774.46,5933.05,F4
HHS,Department of Health and Human Services,HHS 60 School Health Services,F,174641.65,0,0,M3
POL,Department of Police,POL 47 MSB Communications Division,M,153585,0,4913.34,N28
HHS,Department of Health and Human Services,HHS 60 School Health Services,F,78880.38,0,0,16
POL,Department of Police,POL 47 FSB Traffic Division School Safety Section,F,90149,0,8936.04,16
COR,Correction and Rehabilitation,COR 42 DS MCDC Custody and Security,M,109539,45374.71,7679.72,C5
DOT,Department of Transportation,DOT 50 Transportation Planning and Design Section,M,128198,2195.49,4101.12,N24
FRS,Fire and Rescue Services,FRS 45 Station 1,F,141187,41391.51,9885.76,B2
DGS,Department of General Services,DGS 36 Fleet Management Fleet Services,M,102711,0,10181.2,19
POL,Department of Police,POL 47 MSB Information Management and Technology Division Data Systems Section,F,90149,0,8236.26,16
CEC,Community Engagement Cluster,CEC 16 Silver Spring Urban District,M,79296,19855.37,4162.44,13
POL,Department of Police,POL 47 FSB Security Services Division,M,122603,18771.19,3922.18,N23
HHS,Department of Health and Human Services,HHS 60 Children Youth and Family Services Division,M,118627.04,0,0,N23
POL,Department of Police,POL 47 FSB Traffic Division School Safety Section,F,23322,0,0,10
LIB,Department of Public Libraries,LIB 71 Kensington Park Library,F,79296,0,2536.8,13
POL,Department of Police,POL 47 FSB Traffic Division School Safety Section,F,34964.97,0,1307.26,10
FRS,Fire and Rescue Services,FRS 45 Station 18,M,141187,42178.76,15232.45,B2
COR,Correction and Rehabilitation,COR 42 PTS Supervision,M,130181,0,66.15,N25
HCA,Department of Housing and Community Affairs,HCA 76 Human Resources,F,114791.78,0,7463.9,16
FRS,Fire and Rescue Services,FRS 45 Fifth Battalion - Administration,M,125207,14979.94,7246.25,B1
FRS,Fire and Rescue Services,FRS 45 Station 1,M,113815,25376.36,4830.47,F4
FRS,Fire and Rescue Services,FRS 45 Station 7,M,103472,15967.8,10625.2,F3
POL,Department of Police,POL 47 PSB 6th District Patrol,M,120811,0,8230.08,P4
LIB,Department of Public Libraries,LIB 71 Rockville Library,F,54449.86,0,949.05,21
HHS,Department of Health and Human Services,HHS 60 Behavioral Health and Crisis Services Division,F,140274,0,0,N26
HHS,Department of Health and Human Services,HHS 60 Public Health Services Division,F,112166,0,5180.81,21
HHS,Department of Health and Human Services,HHS 60 Behavioral Health and Crisis Services Division,F,102268.01,1389.94,10137.3,18
DEP,Department of Environmental Protection,DEP 80 Resource Conversion,F,79296,17797.95,2536.8,13
HHS,Department of Health and Human Services,HHS 60 Child Welfare Services,F,79296,0,5156.04,13
COR,Correction and Rehabilitation,COR 42 DS MCCF Unit 2 Security,M,109539,89262.61,4689.62,C5
POL,Department of Police,POL 47 PSB 6th District Patrol,M,120811,133361.93,2106.79,P4
COR,Correction and Rehabilitation,COR 42 DS MCDC Custody and Security,M,144116,0,13001.18,C2
FRS,Fire and Rescue Services,FRS 45 Station 10,M,113815,24268.33,4867.56,F4
POL,Department of Police,POL 47 CRB Community Engagement Division Community Engagement Section,M,120811,7022.6,12807.24,P4
POL,Department of Police,POL 47 FSB Traffic Division Automated Traffic Enforcement Section,M,86352,0,2762.48,15
POL,Department of Police,POL 47 PSB 1st District Community Operations,M,120811,513.32,8390.62,P4
POL,Department of Police,POL 47 PSB 4th District Patrol,M,139532,2430.93,9690.72,A1
HHS,Department of Health and Human Services,HHS 60 School Health Services,F,128198,0,3789.96,24
TBS,Department of Technology and Enterprise Business Solutions,TBS 34 OBP Voice Services,M,140274,101.41,2997.09,26
DOT,Department of Transportation,DOT 50 Transit Nicholson Ride On,F,93655.37,6181.54,0,T1
FRS,Fire and Rescue Services,FRS 45 Third Battalion - Administration,M,125207,8252.36,10391.75,B1
DPS,Department of Permitting Services,DPS 75 Land Development Right-of-Way Plan Review,M,140274,0,4487.56,26
FRS,Fire and Rescue Services,FRS 45 Emergency Communications Center (ECC),M,141187,15192.38,3937.44,B2
HHS,Department of Health and Human Services,HHS 60 Child Welfare Services,F,98322,506.11,3145.54,18
OMB,Office of Management and Budget,OMB 31 Office of Management and Budget,M,168264,0,0,N30
DOT,Department of Transportation,DOT 50 Transit Special Transportation and Medicaid,M,126894.11,0,0,N25
DOT,Department of Transportation,DOT 50 Highway Services,M,86352,13825.48,2601.2,15
HHS,Department of Health and Human Services,HHS 60 Aging & Disability Services Division,F,128198,0,4101.12,24
POL,Department of Police,POL 47 MSB Training and Education Division,M,139532,20737.05,14791.84,A1
DGS,Department of General Services,DGS 36 Fleet Automotive Heavy Equipment,M,102711,32099.71,6421.02,19
CCL,County Council,CCL 01 Council Members and Staff,F,193403.02,0,0,LB3
POL,Department of Police,POL 47 FSB Traffic Division School Safety Section,F,34964.97,0,2047.29,10
HHS,Department of Health and Human Services,HHS 60 Office of Eligibility and Support Services,F,155519.43,0,0,M3
POL,Department of Police,POL 47 OTC Legal and Labor Relations Division,M,184161,4139.15,0,A2
POL,Department of Police,POL 47 FSB Security Services Division,M,86352,13317.79,8112.72,15
POL,Department of Police,POL 47 MSB Information Management and Technology Division,F,86352,4632.9,4099.88,15
FRS,Fire and Rescue Services,FRS 45 Station 30,M,103472,37884.8,3560.22,F3
DOT,Department of Transportation,DOT 50 Transit Gaithersburg Ride On,M,97081,8019.39,0,T1
DOT,Department of Transportation,DOT 50 Transit Silver Spring Ride On,M,97081,21910.67,0,T1
POL,Department of Police,POL 47 PSB 3rd District Station,F,171891.04,2262.75,1822.8,A2
HHS,Department of Health and Human Services,HHS 60 Services to End and Prevent Homelessness Division,F,140274,16143.74,12634.22,N26
POL,Department of Police,POL 47 FSB Traffic Division Alcohol Initiatives Section,M,126852,44057.94,13447.62,P5
LIB,Department of Public Libraries,LIB 71 Gaithersburg Library,F,56972.62,0,1822.74,21
FRS,Fire and Rescue Services,FRS 45 Station 35,M,103472,61490.21,3727.37,F3
DGS,Department of General Services,DGS 36 Fleet Automotive Heavy Equipment,M,102711,7919.56,3285.78,19
COR,Correction and Rehabilitation,COR 42 PTS Diversion Services,M,174641.65,0,0,M3
POL,Department of Police,POL 47 FSB Traffic Division School Safety Section,F,34964.97,0,1660.34,10
DOT,Department of Transportation,DOT 50 Transit Nicholson Ride On,M,93655.37,5580.29,0,T1
COR,Correction and Rehabilitation,COR 42 DS MCCF Case Managers Unit 3,F,117252,0,4466.14,22
POL,Department of Police,POL 47 PSB 5th District Patrol,M,115223,2441.47,4155.53,P4
COR,Correction and Rehabilitation,COR 42 DS MCDC Inmate Property,M,109539,85427.8,3773.9,C5
HHS,Department of Health and Human Services,HHS 60 Aging & Disability Services Division,M,128198,0,8335.6,24
LIB,Department of Public Libraries,LIB 71 Collection Management,F,128198,0,4101.12,24
POL,Department of Police,POL 47 PSB 1st District Station,M,212580,1096.14,0,A3
FRS,Fire and Rescue Services,FRS 45 Fifth Battalion - Administration,M,125207,81983.03,4308.11,B1
DOT,Department of Transportation,DOT 50 Transit Safety and Instruction,M,174641.65,0,0,M3
CAT,County Attorney's Office,CAT 30 Labor Relations and Public Safety,F,179941.89,0,0,N32
SHF,Sheriff's Office,SHF 48 Warrant Section,M,127357,20195.74,4387.7,D1
POL,Department of Police,POL 47 PSB 1st District Patrol,M,120811,14758.38,12807.24,P4
DOT,Department of Transportation,DOT 50 Transit Silver Spring Ride On,M,94797.08,3999.83,0,T1
DGS,Department of General Services,DGS 36 Fleet Management Services,M,90149,10434.03,2884.02,16
FRS,Fire and Rescue Services,FRS 45 Station 13,M,110232,21925.15,1958.99,F4
POL,Department of Police,POL 47 MSB Information Mgmt and Tech Division Warrant Control Section,F,90149,71.56,8936.04,16
DGS,Department of General Services,DGS 36 Fleet Management Services,M,90149,456.19,2884.02,16
COR,Correction and Rehabilitation,COR 42 DS MCDC Central Processing Unit,M,120293,52990.3,8433.64,C6
HHS,Department of Health and Human Services,HHS 60 Child Welfare Services,F,128198,190.92,4101.12,24
DOT,Department of Transportation,DOT 50 Transit Gaithersburg Ride On,M,93655.37,17251.44,0,T1
POL,Department of Police,POL 47 PSB 1st District Patrol,F,120811,55474.66,10481.14,P4
DOT,Department of Transportation,DOT 50 Transit Nicholson Ride On,M,67088,4,2146.2,9
HHS,Department of Health and Human Services,HHS 60 Office of Eligibility and Support Services,F,107323,0,10638.4,20
FRS,Fire and Rescue Services,FRS 45 Fleet Support,M,128198,33178.15,4965.4,N24
FRS,Fire and Rescue Services,FRS 45 Station 31,M,141187,59834.05,15232.45,B2
FRS,Fire and Rescue Services,FRS 45 Station 8,M,113815,100394.16,12164.15,F4
DGS,Department of General Services,DGS 36 Fleet Management Fleet Services,M,102711,3955.88,6678.42,19
DOT,Department of Transportation,DOT 50 Highway Services,M,97049.49,54090.35,0,N18
DEP,Department of Environmental Protection,DEP 80 Monitoring and Planning,M,117252,0,7623.88,22
DGS,Department of General Services,DGS 36 Fleet Management Fleet Services,M,102711,0,10181.2,19
COR,Correction and Rehabilitation,COR 42 MSD Human Resources,F,112166,0,7293.28,N21
POL,Department of Police,POL 47 FSB Traffic Division School Safety Section,F,34964.97,0,2494.93,10
POL,Department of Police,POL 47 FSB Special Operations Division,M,203341.07,18774.58,0,A3
DGS,Department of General Services,DGS 36 Fleet Automotive Heavy Equipment,M,102711,13460.17,3285.78,19
LIB,Department of Public Libraries,LIB 71 Gaithersburg Library,M,90149,0,8936.04,16
POL,Department of Police,POL 47 PSB 6th District Patrol,M,120811,13969.01,12807.24,P4
COR,Correction and Rehabilitation,COR 42 DS MCDC Central Processing Unit,M,97034,31575.48,6540.44,C4
TBS,Department of Technology and Enterprise Business Solutions,TBS 34 CIO Enterprise Information Security Office,M,153585,0,9216.48,N28
TBS,Department of Technology and Enterprise Business Solutions,TBS 34 OMC MC311 Call Center,F,90149,0,2665.2,16
DGS,Department of General Services,DGS 36 Fleet Management Fleet Services,M,117252,13791,3751.04,N22
COR,Correction and Rehabilitation,COR 42 DS MCCF Unit 3 Security,M,120293,95316.61,8433.64,C6
DOT,Department of Transportation,DOT 50 Transit Nicholson Ride On,M,93655.37,19893.73,0,T1
POL,Department of Police,POL 47 FSB Security Services Division,F,86352,9050.76,2761.82,15
HHS,Department of Health and Human Services,HHS 60 Public Health Services Division,F,128198,0,8506.43,24
DGS,Department of General Services,DGS 36 Fleet Management Fleet Services,M,102711,6771.66,3285.78,19
HHS,Department of Health and Human Services,HHS 60 School Health Services,F,78880.38,0,5128.9,16
FRS,Fire and Rescue Services,FRS 45 Emergency Communications Center (ECC),F,121266,4367.87,906.64,B1
FRS,Fire and Rescue Services,FRS 45 Station 35,M,103472,31166.77,3560.25,F3
HHS,Department of Health and Human Services,HHS 60 Behavioral Health and Crisis Services Division,F,190701.47,0,0,M2
DGS,Department of General Services,DGS 36 Facilities Maintenance,F,64452,2164.43,3867.68,8
DPS,Department of Permitting Services,DPS 75 Land Development Right-of-Way Inspection,M,122603,2060.21,153.26,23
DGS,Department of General Services,DGS 36 Facilities Maintenance,F,64452,384.87,4791.95,8
DOT,Department of Transportation,DOT 50 Transit Silver Spring Ride On,M,97081,19686.48,0,T1
POL,Department of Police,POL 47 PSB 4th District Patrol,M,120811,27055.59,8390.62,P4
DOT,Department of Transportation,DOT 50 Transit Silver Spring Ride On,M,95939.35,19885.16,0,T1
FRS,Fire and Rescue Services,FRS 45 Technology Services,M,162591.55,0,0,N30
HHS,Department of Health and Human Services,HHS 60 Services to End and Prevent Homelessness Division,F,107323,0,10638.4,20
FRS,Fire and Rescue Services,FRS 45 Station 35,M,125207,42640.32,8766.8,B1
FRS,Fire and Rescue Services,FRS 45 Station 33,M,103472,1012.91,7215.55,F3
DOT,Department of Transportation,DOT 50 Traffic Engineering Studies Section,M,117252,17531.64,3751.04,22
OHR,Office of Human Resources,OHR 33 Strategic Communications,F,134086,0,3475.89,N25
LIB,Department of Public Libraries,LIB 71 Potomac Library,F,79296,0,7855.37,13
POL,Department of Police,POL 47 PSB 4th District Patrol,M,120811,11631.2,12807.24,P4
HHS,Department of Health and Human Services,HHS 60 School Health Services,F,128198,0,3634.38,24
OAS,Office of Animal Services,OAS 38 Animal Services Division,F,122603,0,0,N23
LIB,Department of Public Libraries,LIB 71 Cataloging and Preparation,F,79296,0,7860.22,13
COR,Correction and Rehabilitation,COR 42 DS Inmate Records,F,94134,20591.29,6120.72,17
HHS,Department of Health and Human Services,HHS 60 Child Welfare Services,F,122603,0,7971.76,23
FRS,Fire and Rescue Services,FRS 45 Station 40,M,103472,23671.01,10953.94,F3
HCA,Department of Housing and Community Affairs,HCA 76 Housing Code Enforcement,F,170501.43,0,0,M3
FRS,Fire and Rescue Services,FRS 45 Station 18,M,96826,0,0,F3
FRS,Fire and Rescue Services,FRS 45 Station 17,M,103472,0,3858.32,F3
HHS,Department of Health and Human Services,HHS 60 Children Youth and Family Services Division,F,160742,0,5142.28,N29
FRS,Fire and Rescue Services,FRS 45 Station 8,M,103472,2720.69,1253.61,F3
POL,Department of Police,POL 47 PSB 5th District Patrol,M,139532,39253.61,14791.84,A1
POL,Department of Police,POL 47 PSB 1st District Patrol,F,120811,1551.15,10481.14,P4
FRS,Fire and Rescue Services,FRS 45 Station 8,M,113815,48821.17,3174.15,F4
POL,Department of Police,POL 47 MSB Information Mgmt and Tech Division Records Management Section,F,111939.3,292.63,0,N25
FRS,Fire and Rescue Services,FRS 45 Station 22,M,103472,17330.92,1253.61,F3
POL,Department of Police,POL 47 FSB Traffic Division Alcohol Initiatives Section,M,120811,56006.57,10481.14,P4
FRS,Fire and Rescue Services,FRS 45 Station 32,M,141187,106232.4,3749.97,B2
SHF,Sheriff's Office,SHF 48 Court and Transport,F,139417,23841.43,9421.59,D2
ABS,Alcohol Beverage Services,ABS 85 Director's Office,M,98322,0,3145.54,18
FRS,Fire and Rescue Services,FRS 45 First Battalion - Administration,F,162548,0,17207.86,B3
POL,Department of Police,POL 47 MSB Training and Education Division,M,139532,12593.07,14791.84,A1
LIB,Department of Public Libraries,LIB 71 Long Branch Library,F,107323,0,0,N20
LIB,Department of Public Libraries,LIB 71 Cataloging and Preparation,F,79296,0,2536.8,13
FRS,Fire and Rescue Services,FRS 45 Station 31,M,103472,9644.12,0,F3
POL,Department of Police,POL 47 MSB Information Mgmt and Tech Division Records Management Section,F,90149,26161.74,3582.12,16
SHF,Sheriff's Office,SHF 48 Civil Process,M,127357,502.94,8608.47,D1
SHF,Sheriff's Office,SHF 48 Sheriff Domestic Violence,M,127357,770.74,8928.9,D1
POL,Department of Police,POL 47 MSB Personnel Division Recruitment Section,M,120811,3027.7,12807.24,P4
FRS,Fire and Rescue Services,FRS 45 Emergency Communications Center (ECC),M,125207,4460.08,5401.45,B1
FRS,Fire and Rescue Services,FRS 45 Station 1,M,113815,807.67,0,F4
HRC,Office of Human Rights,HRC 46 Compliance,M,134086,0,13291.28,25
DOT,Department of Transportation,DOT 50 Parking Management Engineering and Capital Project Management,M,117252,3529.82,4153.24,22
DGS,Department of General Services,DGS 36 Facilities Maintenance,M,115712.71,5922.47,0,22
FRS,Fire and Rescue Services,FRS 45 Station 14,M,103472,50195.74,3560.22,F3
FRS,Fire and Rescue Services,FRS 45 Third Battalion - Administration,M,162548,0,17372.43,B3
FRS,Fire and Rescue Services,FRS 45 Second Battalion - Administration,M,125207,18539.43,4348.91,B1
HHS,Department of Health and Human Services,HHS 60 Behavioral Health and Crisis Services Division,F,107323,0,3433.42,20
DOT,Department of Transportation,DOT 50 Transit Silver Spring Ride On,M,97081,18636.83,0,T1
POL,Department of Police,POL 47 PSB 1st District Patrol,M,120811,53771.8,8390.62,P4
FRS,Fire and Rescue Services,FRS 45 Station 3,M,113815,74852.62,3953.2,F4
POL,Department of Police,POL 47 PSB 5th District Patrol,F,120811,0,7502.96,P4
SHF,Sheriff's Office,SHF 48 Administration,M,166951,0,9148.98,D3
FRS,Fire and Rescue Services,FRS 45 Station 29,M,113815,52083.74,8044.69,F4
FRS,Fire and Rescue Services,FRS 45 Station 25,M,125207,28761.89,4308.1,B1
FRS,Fire and Rescue Services,FRS 45 Field Operations Administration,M,155305.7,8145.69,8142.03,B3
DOT,Department of Transportation,DOT 50 Transit Services,M,219000,0,0,EX3
FRS,Fire and Rescue Services,FRS 45 Station 10,M,103472,30382.62,3560.22,F3
COR,Correction and Rehabilitation,COR 42 PRRS Facility and Security,M,107323,11073.43,2601.64,20
HHS,Department of Health and Human Services,HHS 60 Aging & Disability Services Division,F,98322,0,6151.1,18
POL,Department of Police,POL 47 PSB 2nd District Patrol,F,126852,34392.35,13447.62,P5
POL,Department of Police,POL 47 FSB Traffic Division Vehicle Recovery Section,M,139532,30143.82,7094.98,A1
HHS,Department of Health and Human Services,HHS 60 Behavioral Health and Crisis Services Division,F,107323,0,9527.6,20
HHS,Department of Health and Human Services,HHS 60 School Health Services,F,76582.63,0,1987.42,16
FRS,Fire and Rescue Services,FRS 45 Station 35,M,141187,109663.81,14946.55,B2
DGS,Department of General Services,DGS 36 Fleet Automotive Heavy Equipment,M,102711,9424.29,3285.78,19
DOT,Department of Transportation,DOT 50 Transit Silver Spring Ride On,M,94797.08,52948.32,0,T1
COR,Correction and Rehabilitation,COR 42 DS MCCF Unit 3 Security,M,120293,138729.02,4144.36,C6
COR,Correction and Rehabilitation,COR 42 DS MCDC Central Processing Unit,M,109539,40275.49,3773.9,C5
DGS,Department of General Services,DGS 36 Fleet Management Fleet Services,M,117252,37542.6,3751.04,N22
HHS,Department of Health and Human Services,HHS 60 Office of Eligibility and Support Services,F,117252,817.98,2470.34,22
FRS,Fire and Rescue Services,FRS 45 Station 9,M,110232,0,5992.22,F4
LIB,Department of Public Libraries,LIB 71 Technology Management,M,140274,0,13904.58,26
DOT,Department of Transportation,DOT 50 Highway Services,M,94134,15280.45,9330.92,17
HHS,Department of Health and Human Services,HHS 60 Child Welfare Services,F,200829,0,0,M2
POL,Department of Police,POL 47 FSB Traffic Division School Safety Section,F,33946.57,0,509.52,10
DPS,Department of Permitting Services,DPS 75 Commercial Electrical and FPS Inspections,M,112166,0,11118.46,21
COR,Correction and Rehabilitation,COR 42 DS MCDC Custody and Security,F,131637,11664.38,14087.02,C1
POL,Department of Police,POL 47 MSB Information Mgmt and Tech Division Records Management Section,F,90149,3392.34,5861.66,16
DGS,Department of General Services,DGS 36 Fleet Management Services,M,102711,521.38,0,N19
ABS,Alcohol Beverage Services,ABS 85 Liquor and Wine Delivery Operations,M,69930,7805.96,2237.21,10
FRS,Fire and Rescue Services,FRS 45 Station 4,F,141187,32315.39,14946.55,B2
FRS,Fire and Rescue Services,FRS 45 Training,M,141187,4079.85,8171.08,B2
LIB,Department of Public Libraries,LIB 71 Aspen Hill Library,F,112166,0,11118.46,21
POL,Department of Police,POL 47 FSB Traffic Division Central Traffic Enforcement,M,120811,30543.51,12807.24,P4
REC,Department of Recreation,REC 72 Facilities Division,M,112166,0,3733.11,21
DEP,Department of Environmental Protection,DEP 80 Stormwater BMP Inspection and Maintenance,F,134086,0,8718.54,N25
FRS,Fire and Rescue Services,FRS 45 Fifth Battalion - Administration,M,125207,34892.93,4308.1,B1
TBS,Department of Technology and Enterprise Business Solutions,TBS 34 OMC MC311,F,112166,0,6731.08,21
COR,Correction and Rehabilitation,COR 42 PRRS Facility and Security,M,117252,58700.64,7623.88,22
HHS,Department of Health and Human Services,HHS 60 Public Health Services Division,F,128198,0,3167.64,24
FRS,Fire and Rescue Services,FRS 45 Station 35,M,103472,68.95,9833.96,F3
DGS,Department of General Services,DGS 36 Fleet Management Fleet Services,M,102711,0,10181.2,19
HHS,Department of Health and Human Services,HHS 60 Public Health Services Division,M,128198,0,9531.19,24
POL,Department of Police,POL 47 MSB Information Mgmt and Tech Division Records Management Section,F,90149,22191.79,5861.66,16
FRS,Fire and Rescue Services,FRS 45 Human Resources Division,F,202720,0,21665.9,B6
DOT,Department of Transportation,DOT 50 Highway Services,F,86352,34348.92,5614.68,15
HHS,Department of Health and Human Services,HHS 60 School Health Services,F,78880.38,0,6703.63,16
FRS,Fire and Rescue Services,FRS 45 EMS Billing,F,112166,0,7293.28,N21
REC,Department of Recreation,REC 72 Aquatic Team Management,M,122603,0,0,N23
HHS,Department of Health and Human Services,HHS 60 Office of Eligibility and Support Services,F,79296,0,2536.8,13
CAT,County Attorney's Office,CAT 30 Finance and Procurement,F,122603,0,11518.52,N23
DGS,Department of General Services,DGS 36 Fleet Management Administration,M,122603,0,3922.18,23
HHS,Department of Health and Human Services,HHS 60 Behavioral Health and Crisis Services Division,F,122603,0,7971.76,N23
POL,Department of Police,POL 47 PSB 1st District Patrol,F,90149,7152.42,2884.02,16
POL,Department of Police,POL 47 MSB Personnel Division,F,169555,0,0,M3
DPS,Department of Permitting Services,DPS 75 Commercial Bldg/LS/Access/FPS,M,128198,0,12707.6,24
DOT,Department of Transportation,DOT 50 Transit Silver Spring Ride On,F,94797.08,159.79,0,T1
COR,Correction and Rehabilitation,COR 42 DS MCDC Custody and Security,M,120293,61909.5,7912.53,C6
POL,Department of Police,POL 47 PSB 6th District Patrol,F,90149,20053.16,2884.02,16
FRS,Fire and Rescue Services,FRS 45 Property and Supply,M,178789,7.26,19114.06,B4
DGS,Department of General Services,DGS 36 Fleet Management Fleet Services,M,102711,0,10181.2,19
DOT,Department of Transportation,DOT 50 Transit Gaithersburg Ride On,M,104502.77,22812.65,0,T2
HHS,Department of Health and Human Services,HHS 60 School Health Services,F,78880.38,0,7910.59,16
LIB,Department of Public Libraries,LIB 71 Kensington Park Library,F,90149,0,8936.04,16
DOT,Department of Transportation,DOT 50 Transit Central Communication,M,134086,0,838.05,N25
FRS,Fire and Rescue Services,FRS 45 Station 15,M,113815,26508.56,7969.18,F4
FRS,Fire and Rescue Services,FRS 45 Emergency Medical And Integrated Healthcare Services,M,141187,49193.14,14946.55,B2
HHS,Department of Health and Human Services,HHS 60 Services to End and Prevent Homelessness Division,F,107323,0,9388.75,20
SHF,Sheriff's Office,SHF 48 Court and Transport,M,127357,9330.98,13628.9,D1
POL,Department of Police,POL 47 FSB Traffic Division School Safety Section,F,34964.97,0,3357.06,10
POL,Department of Police,POL 47 FSB Traffic Division School Safety Section,M,34964.97,0,1269.47,10
HCA,Department of Housing and Community Affairs,HCA 76 Housing Code Enforcement,M,122603,1688.87,3922.18,23
FRS,Fire and Rescue Services,FRS 45 Fire and Explosive Investigations,M,141187,89296.97,9960.69,B2
COR,Correction and Rehabilitation,COR 42 PRRS Facility and Security,M,117252,71418.37,11622.56,22
CCL,County Council,CCL 01 Council Central Staff,F,94134,0,8843.8,N17
FRS,Fire and Rescue Services,FRS 45 Station 18,M,141187,64896.88,15089.5,B2
POL,Department of Police,POL 47 PSB 1st District Patrol,M,120811,482.99,12807.24,P4
HHS,Department of Health and Human Services,HHS 60 Child Welfare Services,F,98322,608.59,9746.18,18
FRS,Fire and Rescue Services,FRS 45 Station 23,M,103472,24735.45,2885.67,F3
BOE,Board of Elections,BOE 24 Polling Place Management,M,90149,69.48,8936.04,16
POL,Department of Police,POL 47 FSB Special Operations Division,M,184161,10782.02,0,A2
FRS,Fire and Rescue Services,FRS 45 Fourth Battalion - Administration,M,141187,102252.4,11811.72,B2
POL,Department of Police,POL 47 HQ Office of the Chief,M,211785.15,2993.87,0,A3
ABS,Alcohol Beverage Services,ABS 85 Cloverly,M,112166,0,0,N21
COR,Correction and Rehabilitation,COR 42 DS Inmate Records,M,94134,19122.39,3011.4,17
POL,Department of Police,POL 47 MSB Communications Division,F,134086,0,0,N25
POL,Department of Police,POL 47 MSB Information Management and Technology Division,F,104197,0,4439.38,20
POL,Department of Police,POL 47 PSB 1st District Patrol,M,115223,19992.12,3131.7,P4
FRS,Fire and Rescue Services,FRS 45 Station 35,M,125207,36018.29,13512.48,B1
POL,Department of Police,POL 47 PSB 6th District Patrol,M,120811,48769.07,12807.24,P4
COR,Correction and Rehabilitation,COR 42 DS MCDC Custody and Security,M,109539,51119.45,3773.9,C5
COR,Correction and Rehabilitation,COR 42 DS MCDC Intake/Release Operations,F,174642,0,0,M3
HHS,Department of Health and Human Services,HHS 60 School Health Services,F,78880.38,0,6301.07,16
ABS,Alcohol Beverage Services,ABS 85 Wheaton,M,82745,143.79,8202.2,14
ABS,Alcohol Beverage Services,ABS 85 White Oak,M,103742.57,881.58,0,N21
FRS,Fire and Rescue Services,FRS 45 Station 34,M,132119,0,0,B2
ABS,Alcohol Beverage Services,ABS 85 Liquor and Wine Delivery Operations,M,98322,21667.06,0,N18
HCA,Department of Housing and Community Affairs,HCA 76 Housing Code Enforcement,F,122603,1849.08,12153,23
FRS,Fire and Rescue Services,FRS 45 Training,F,141187,1214.84,5754.1,B2
FRS,Fire and Rescue Services,FRS 45 Station 19,M,141187,92861.86,11624.41,B2
FRS,Fire and Rescue Services,FRS 45 Station 31,M,103472,26357.32,3593.95,F3
POL,Department of Police,POL 47 PSB 3rd District Patrol,M,120811,96266.38,8390.62,P4
FRS,Fire and Rescue Services,FRS 45 Station 14,M,113815,0,4904.66,F4
FRS,Fire and Rescue Services,FRS 45 Special Operations,M,113815,44863.23,12164.2,F4
POL,Department of Police,POL 47 MSB Training and Education Division,M,139532,5758.14,14791.84,A1
POL,Department of Police,POL 47 PSB 4th District Patrol,M,139532,10111.73,9690.72,A1
POL,Department of Police,POL 47 PSB 5th District Patrol,M,120811,3600.23,8390.62,P4
POL,Department of Police,POL 47 PSB 6th District Patrol,F,120811,921.29,12807.24,P4
DPS,Department of Permitting Services,DPS 75 Land Development Sediment and Stormwater Inspection,M,122603,0,3922.18,23
POL,Department of Police,POL 47 MSB Information Management and Technology Division Crime Analysis Section,F,107323,0,6978.26,20
FRS,Fire and Rescue Services,FRS 45 Station 13,M,103472,2200.19,3593.95,F3
COR,Correction and Rehabilitation,COR 42 DS Facility Operations Management,M,174641.65,0,0,M3
FRS,Fire and Rescue Services,FRS 45 Station 19,M,113815,14065.51,7969.2,F4
POL,Department of Police,POL 47 HQ Office of the Chief,M,212580,9723.16,0,A3
HHS,Department of Health and Human Services,HHS 60 Behavioral Health and Crisis Services Division,F,128198,0,8335.6,24
ABS,Alcohol Beverage Services,ABS 85 Beer Delivery Operations,M,86352,5683.24,8201.31,15
DEP,Department of Environmental Protection,DEP 80 Strategic and Administrative Services Division,F,134086,0,4289.54,N25
POL,Department of Police,POL 47 PSB 6th District Patrol,M,126852,8386.08,11005.18,P5
FRS,Fire and Rescue Services,FRS 45 Station 20,M,103472,40470.82,3593.99,F3
POL,Department of Police,POL 47 PSB 4th District Patrol,M,139532,101454.13,14791.84,A1
FRS,Fire and Rescue Services,FRS 45 Third Battalion - Administration,M,125207,37472.94,5354.8,B1
FRS,Fire and Rescue Services,FRS 45 Emergency Communications Center (ECC),M,100215,4535.1,925.11,F3
TBS,Department of Technology and Enterprise Business Solutions,TBS 34 OPS Radio Communications Services,M,104197,248.13,1816.11,20
DEP,Department of Environmental Protection,DEP 80 Recycling and Refuse Services,M,76018,219.82,2432,12
POL,Department of Police,POL 47 FSB Traffic Division School Safety Section,F,35932.37,0,932.17,10
POL,Department of Police,POL 47 MSB Training and Education Division,M,120811,10733.73,8390.62,P4
FRS,Fire and Rescue Services,FRS 45 Station 34,M,113815,59529.69,12048.92,F4
FRS,Fire and Rescue Services,FRS 45 Emergency Communications Center (ECC),M,121266,242.4,2281.82,B1
POL,Department of Police,POL 47 PSB 2nd District Patrol,M,139532,0,11072.35,A1
FRS,Fire and Rescue Services,FRS 45 Station 35,M,103472,0,3560.22,F3
POL,Department of Police,POL 47 FSB Security Services Division,M,116044.39,11217.7,7545.32,21
POL,Department of Police,POL 47 PSB 1st District Patrol,M,120811,31327.76,8390.62,P4
POL,Department of Police,POL 47 PSB 3rd District Community Operations,M,120811,12484.36,12807.24,P4
FRS,Fire and Rescue Services,FRS 45 Scheduling,M,113815,82502.61,7969.18,F4
POL,Department of Police,POL 47 FSB Traffic Division Central Traffic Enforcement,M,120811,12486.91,8230.08,P4
POL,Department of Police,POL 47 MSB Training and Education Division,M,126852,3506.68,7878.11,P5
POL,Department of Police,POL 47 MSB Training and Education Division,M,120811,11033.98,10481.14,P4
FRS,Fire and Rescue Services,FRS 45 Station 13,M,141187,1093.34,15089.5,B2
FRS,Fire and Rescue Services,FRS 45 Station 15,M,141187,50609.56,15089.5,B2
FRS,Fire and Rescue Services,FRS 45 Emergency Communications Center (ECC),M,103472,0,2244.44,F3
POL,Department of Police,POL 47 PSB 1st District Patrol,M,120811,6787.12,12807.24,P4
DPS,Department of Permitting Services,DPS 75 Commercial Electrical and FPS Inspections,M,128198,0,4101.12,24
POL,Department of Police,POL 47 PSB 5th District Patrol,M,120811,5740.53,12807.24,P4
POL,Department of Police,POL 47 FSB Special Operations Division Tactical Operations Section,M,120811,21033.26,12641.09,P4
HHS,Department of Health and Human Services,HHS 60 Child Welfare Services,F,98322,0,0,18
POL,Department of Police,POL 47 PSB 6th District Patrol,M,126852,30773,13447.62,P5
POL,Department of Police,POL 47 MSB Communications Division,M,114019.61,45617.23,0,N23
HHS,Department of Health and Human Services,HHS 60 Public Health Services Division,F,90149,538.32,5861.66,16
DPS,Department of Permitting Services,DPS 75 Customer Support,F,94134,0,3011.4,17
POL,Department of Police,POL 47 PSB 3rd District Station,M,177603.55,128.09,0,A2
POL,Department of Police,POL 47 PSB 6th District Patrol,M,120811,23473.46,12807.24,P4
DOT,Department of Transportation,DOT 50 Transit Services Information Technology,M,140274,0,7714.66,26
DOT,Department of Transportation,DOT 50 Transit Gaithersburg Ride On,M,94797.08,21014.81,0,T1
ABS,Alcohol Beverage Services,ABS 85 Director,F,254000,0,0,EX1
DGS,Department of General Services,DGS 36 Facilities Maintenance,M,98322,11140.35,6393.02,18
FRS,Fire and Rescue Services,FRS 45 Station 26,M,113815,0,3916.1,F4
COR,Correction and Rehabilitation,COR 42 DS MCCF Unit 1 Security,M,120293,1028.59,12872.9,C6
FRS,Fire and Rescue Services,FRS 45 Station 14,M,113815,4648.59,3703.01,F4
HHS,Department of Health and Human Services,HHS 60 Public Health Services Division,F,112166,0,11118.46,21
ABS,Alcohol Beverage Services,ABS 85 Retail Administration,M,134086,0,12597.4,N25
FRS,Fire and Rescue Services,FRS 45 Station 17,M,103472,68.95,11058.74,F3
DGS,Department of General Services,DGS 36 Fleet Management Services,M,90149,16742.08,5861.66,16
TBS,Department of Technology and Enterprise Business Solutions,TBS 34 ODT Geographic Information System,M,153585,0,14429.2,N28
POL,Department of Police,POL 47 PSB 2nd District Special Assignment Team,M,120811,30111.08,8390.62,P4
FRS,Fire and Rescue Services,FRS 45 Station 18,M,113815,552.98,3916.1,F4
ABS,Alcohol Beverage Services,ABS 85 Downtown Rockville,M,82745,569.45,5380.31,14
DOT,Department of Transportation,DOT 50 Transit Gaithersburg Ride On,M,95939.35,7537.03,0,T1
POL,Department of Police,POL 47 MSB Information Management and Technology Division,F,119032,0,1995.97,23
DOT,Department of Transportation,DOT 50 Highway Services,M,86352,0,5464.76,15
DEP,Department of Environmental Protection,DEP 80 Zero Waste Programs Division,F,134086,0,4289.54,25
HHS,Department of Health and Human Services,HHS 60 Services to End and Prevent Homelessness Division,F,119032,0,92.21,23
HHS,Department of Health and Human Services,HHS 60 School Health Services,M,107323,465.51,3303.17,20
DOT,Department of Transportation,DOT 50 Transportation Construction Section,M,122603,14744.97,7510.87,23
DOT,Department of Transportation,DOT 50 Transit Gaithersburg Ride On,F,103361.53,9202.61,0,T2
HHS,Department of Health and Human Services,HHS 60 School Health Services,F,78880.38,0,7247.35,16
HHS,Department of Health and Human Services,HHS 60 Office of Eligibility and Support Services,F,107323,0,3433.42,20
LIB,Department of Public Libraries,LIB 71 Aspen Hill Library,F,79296,0,2536.8,13
CCL,County Council,CCL 01 Council Central Staff,F,200829,0,0,M2
ABS,Alcohol Beverage Services,ABS 85 Beer Delivery Operations,M,69930,13414.53,2237.23,10
SHF,Sheriff's Office,SHF 48 Administration,M,139417,7439.06,14919.5,D2
DOT,Department of Transportation,DOT 50 Transit Gaithersburg Ride On,M,94797.38,10183.19,0,T1
DOT,Department of Transportation,DOT 50 Transportation Management,M,167931.03,0,0,M3
SHF,Sheriff's Office,SHF 48 Court and Transport,M,113014,2966.57,1004.13,G4
FRS,Fire and Rescue Services,FRS 45 Station 23,M,113815,41192.26,3174.14,F4
FRS,Fire and Rescue Services,FRS 45 Station 35,M,103472,0,4136.9,F3
FRS,Fire and Rescue Services,FRS 45 Station 6,F,103472,0,10625.16,F3
HHS,Department of Health and Human Services,HHS 60 Behavioral Health and Crisis Services Division,F,59472,0,4894.94,13
ABS,Alcohol Beverage Services,ABS 85 Liquor and Wine Loading,M,76018,4115.67,7535.32,12
ABS,Alcohol Beverage Services,ABS 85 Wholesale Operations,M,112166,0,11118.46,21
HHS,Department of Health and Human Services,HHS 60 School Health Services,F,78880.38,0,4062.88,16
DEP,Department of Environmental Protection,DEP 80 Recycling and Refuse Services,M,112166,7669.19,11118.46,21
POL,Department of Police,POL 47 FSB Traffic Division School Safety Section,F,34964.97,0,778.13,10
ABS,Alcohol Beverage Services,ABS 85 Muddy Branch,F,98322,0,0,N18
HCA,Department of Housing and Community Affairs,HCA 76 Director Administration,F,98322,1014.62,9237.38,N18
POL,Department of Police,POL 47 Patrol Services Bureau,F,94134,0,6853.06,N17
POL,Department of Police,POL 47 PSB 4th District Patrol,M,139532,83588.96,14791.84,A1
FRS,Fire and Rescue Services,FRS 45 Station 31,M,103472,42099.02,11058.74,F3
HHS,Department of Health and Human Services,HHS 60 Children Youth and Family Services Division,F,107323,0,10638.4,20
DOT,Department of Transportation,DOT 50 Transportation Engineering Administration,M,174641.65,0,0,M3
POL,Department of Police,POL 47 FSB Traffic Division Automated Traffic Enforcement Section,M,86352,5171.77,5614.68,15
DGS,Department of General Services,DGS 36 Fleet Management Fleet Services,M,102711,0,6678.42,19
CAT,County Attorney's Office,CAT 30 Government Operations,F,177241.45,0,0,N32
COR,Correction and Rehabilitation,COR 42 PRRS Facility and Security,M,147219.7,0,0,M3
DPS,Department of Permitting Services,"DPS 75 Commercial Sustainability, Energy, and Mechanical",M,140274,0,13904.58,26
FRS,Fire and Rescue Services,FRS 45 Station 8,M,113815,85470.6,12048.92,F4
DOT,Department of Transportation,DOT 50 Transit Silver Spring Ride On,M,95939,19361.99,0,T1
SHF,Sheriff's Office,SHF 48 Administration,M,127357,6814.08,5265.56,D1
TBS,Department of Technology and Enterprise Business Solutions,TBS 34 OMC MC311,F,200829,0,0,M2
SHF,Sheriff's Office,SHF 48 Court and Transport,M,116404,396.46,4010.36,G4
FIN,Department of Finance,FIN 32 Tax Operations,F,134086,0,4289.54,N25
HHS,Department of Health and Human Services,HHS 60 Child Welfare Services,F,122603,0,10408.18,23
LIB,Department of Public Libraries,LIB 71 Connie Morella Library,F,107323,0,6978.26,N20
FRS,Fire and Rescue Services,FRS 45 Station 8,M,113815,32671.35,7969.2,F4
FRS,Fire and Rescue Services,FRS 45 Station 16,M,125207,0,13381.58,B1
DGS,Department of General Services,DGS 36 Facilities,M,89119.43,18014.36,5794.66,12
POL,Department of Police,POL 47 PSB 2nd District Patrol,M,120811,6614.36,12807.24,P4
FRS,Fire and Rescue Services,FRS 45 Training,M,125207,89249.68,8766.8,B1
POL,Department of Police,POL 47 MSB Training and Education Division,M,120811,482.98,12807.24,P4
DOT,Department of Transportation,DOT 50 Highway Services,M,174641.65,0,0,M3
DGS,Department of General Services,DGS 36 Fleet Management Fleet Services,M,117252,0,0,N22
ABS,Alcohol Beverage Services,ABS 85 Fallsgrove,F,82745,764.5,5380.39,14
COR,Correction and Rehabilitation,COR 42 PRRS Reentry Services and Programs,F,128198,359.04,1442.25,24
POL,Department of Police,POL 47 FSB Security Services Division,M,112166,32002.46,7293.28,21
DOT,Department of Transportation,DOT 50 Transit Nicholson Ride On,M,95939.38,26766.51,0,T1
CEX,Offices of the County Executive,CEX 15 Chief Administrative Officer's Office,F,153585,0,9986.28,N28
ABS,Alcohol Beverage Services,ABS 85 Olney,M,60814.4,142.66,0,12
DOT,Department of Transportation,DOT 50 Highway Administration,M,117252,19213.73,11622.56,22
HHS,Department of Health and Human Services,HHS 60 Public Health Services Division,F,90149,2152.26,2227.56,16
POL,Department of Police,POL 47 PSB 1st District Patrol,M,120811,57044.3,12641.09,P4
DOT,Department of Transportation,DOT 50 Highway Services,M,86352,0,3523.64,15
HHS,Department of Health and Human Services,HHS 60 Behavioral Health and Crisis Services Division,M,98322,0,3145.54,18
COR,Correction and Rehabilitation,COR 42 DS MCDC Central Processing Unit,M,120293,132735.72,4144.36,C6
DOT,Department of Transportation,DOT 50 Transit Nicholson Ride On,M,93655.37,24340.9,0,T1
FRS,Fire and Rescue Services,FRS 45 Station 34,M,113815,38021.49,3953.2,F4
POL,Department of Police,POL 47 CRB Community Engagement Division Community Engagement Section,F,120811,10421.88,12807.24,P4
ABS,Alcohol Beverage Services,ABS 85 Beer Delivery Operations,M,98322,1944.6,3747.64,N18
DOT,Department of Transportation,DOT 50 Transit Gaithersburg Ride On,F,112166,2264.5,2499.3,N21
DGS,Department of General Services,DGS 36 Fleet Management Services,M,90149,3229.79,5861.66,16
DOT,Department of Transportation,DOT 50 Transit Gaithersburg Ride On,M,97081,5677.44,0,T1
FRS,Fire and Rescue Services,FRS 45 Special Operations,F,178789,3335.24,14435.68,B4
POL,Department of Police,POL 47 FSB Special Operations Division,M,120811,27307.18,12807.24,P4
DOT,Department of Transportation,DOT 50 Highway Services,M,200829,0,0,M2
DOT,Department of Transportation,DOT 50 Highway Services,M,90149,25356.55,5861.66,16
FRS,Fire and Rescue Services,FRS 45 Fire and Explosive Investigations,M,125207,69936.17,5306.56,B1
DOT,Department of Transportation,DOT 50 Transit Silver Spring Ride On,M,93655.37,23612.96,0,T1
FRS,Fire and Rescue Services,FRS 45 Station 6,M,113815,220.35,11687.32,F4
POL,Department of Police,POL 47 PSB 5th District Station,M,184161,733.72,0,A2
POL,Department of Police,POL 47 PSB 6th District Patrol,M,139532,0,14791.84,A1
FRS,Fire and Rescue Services,FRS 45 Station 34,M,103472,16746.2,3560.22,F3
POL,Department of Police,POL 47 MSB Information Management and Technology Division,M,102711,115,6678.42,19
DGS,Department of General Services,DGS 36 Fleet Automotive Heavy Equipment,M,102711,32243.15,10181.2,19
COR,Correction and Rehabilitation,COR 42 DS MCCF Unit 1 Security,F,109539,69271.9,3773.9,C5
COR,Correction and Rehabilitation,COR 42 DS Gang Intelligence,M,109539,19620.5,7679.72,C5
LIB,Department of Public Libraries,LIB 71 Marilyn J Praisner Library,F,90149,0,9484.32,16
POL,Department of Police,POL 47 PSB 4th District Patrol,M,120811,61796.67,12807.24,P4
FRS,Fire and Rescue Services,FRS 45 Station 35,M,103472,14734.62,11058.74,F3
FRS,Fire and Rescue Services,FRS 45 Training,M,141187,52954.87,11718.07,B2
SHF,Sheriff's Office,SHF 48 Sheriff Domestic Violence,F,98322,9326.79,2935.12,N18
POL,Department of Police,POL 47 FSB Traffic Division School Safety Section,F,34964.97,27.76,3374.86,10
HHS,Department of Health and Human Services,HHS 60 School Health Services,F,79296,0,2532.72,13
DOT,Department of Transportation,DOT 50 Highway Services,M,86352,8684.72,6174.49,15
TBS,Department of Technology and Enterprise Business Solutions,TBS 34 OMC MC311,M,153585,0,4913.34,N28
FRS,Fire and Rescue Services,FRS 45 Station 26,M,141187,50430.73,3937.48,B2
FRS,Fire and Rescue Services,FRS 45 Station 35,M,141187,31418.93,12539.72,B2
DGS,Department of General Services,DGS 36 Fleet Management Fleet Services,M,128198,6552.73,8335.6,N24
HHS,Department of Health and Human Services,HHS 60 Public Health Services Division,M,79296,0,5156.04,13
POL,Department of Police,POL 47 PSB 5th District Patrol,F,90149,34.74,8936.04,16
COR,Correction and Rehabilitation,COR 42 DS Detention Services,M,116789,0,4297.48,C6
FRS,Fire and Rescue Services,FRS 45 Duty Operations Chief's Office,M,173161,0,90.61,B4
POL,Department of Police,POL 47 FSB Traffic Division Vehicle Recovery Section,F,120984,1547.74,6630.33,P5
FRS,Fire and Rescue Services,FRS 45 Emergency Communications Center (ECC),M,103472,99273.5,11178.44,F3
FRS,Fire and Rescue Services,FRS 45 Station 20,M,141187,21951.67,4795.35,B2
DOT,Department of Transportation,DOT 50 Transportation Construction Section,F,174642,0,0,M3
POL,Department of Police,POL 47 FSB Traffic Division,M,184161,1006.24,0,A2
FRS,Fire and Rescue Services,FRS 45 Station 7,M,100215,2248.72,898.91,F3
FRS,Fire and Rescue Services,FRS 45 Station 8,M,141187,77128.26,15089.5,B2
HHS,Department of Health and Human Services,HHS 60 Behavioral Health and Crisis Services Division,F,128198,16364.83,4101.12,24
FRS,Fire and Rescue Services,FRS 45 Station 18,M,113815,0,11687.32,F4
FRS,Fire and Rescue Services,FRS 45 Station 23,M,141187,56186.16,15089.5,B2
FRS,Fire and Rescue Services,FRS 45 Station 33,M,100215,0,23.89,F3
FRS,Fire and Rescue Services,FRS 45 Station 19,M,103472,27452.82,7245.07,F3
DOT,Department of Transportation,DOT 50 Transit Gaithersburg Ride On,M,93654.81,2522.68,0,T1
SHF,Sheriff's Office,SHF 48 Sheriff Domestic Violence,M,135356,0,1414.98,D2
DOT,Department of Transportation,DOT 50 Highway Services,M,86352,16502.25,5614.68,15
FRS,Fire and Rescue Services,FRS 45 Field Relief Personnel,M,141187,1036.02,15089.5,B2
POL,Department of Police,POL 47 PSB 6th District Patrol,M,139532,68789.36,2433.23,A1
FRS,Fire and Rescue Services,FRS 45 Station 4,M,113815,0,3916.1,F4
DOT,Department of Transportation,DOT 50 Highway Administration,M,157166.12,26601.39,1581.1,M3
ABS,Alcohol Beverage Services,ABS 85 Director's Office,F,153585,0,0,N28
FRS,Fire and Rescue Services,FRS 45 Admin Services,F,160741.39,58717.13,5061.86,B3
ABS,Alcohol Beverage Services,ABS 85 Wholesale Operations,F,112166,0,9812.47,21
HHS,Department of Health and Human Services,HHS 60 Services to End and Prevent Homelessness Division,F,107323,0,0,20
DGS,Department of General Services,DGS 36 Fleet Management Fleet Services,M,117252,33873.38,3751.04,N22
HHS,Department of Health and Human Services,HHS 60 Aging & Disability Services Division,F,122603,0,12153,23
POL,Department of Police,POL 47 MSB Information Management and Technology Division Data Systems Section,F,106643.99,606.31,0,16
DOT,Department of Transportation,DOT 50 Transit Silver Spring Ride On,M,93655.37,18478.62,0,T1
COR,Correction and Rehabilitation,COR 42 DS MCDC Custody and Security,F,109539,18883.66,3773.9,C5
FRS,Fire and Rescue Services,FRS 45 Rescue 2,M,98543,28033.46,10531.98,F2
POL,Department of Police,POL 47 PSB 3rd District Station,F,90149,2731.39,5070.94,16
FRS,Fire and Rescue Services,FRS 45 Second Battalion - Administration,M,125207,1684.44,4308.1,B1
HHS,Department of Health and Human Services,HHS 60 Child Welfare Services,F,128198,1808.68,0,24
POL,Department of Police,POL 47 PSB 1st District Patrol,M,120811,0,12807.24,P4
FRS,Fire and Rescue Services,FRS 45 Emergency Communications Center (ECC),F,113815,2026.66,3890.75,F4
POL,Department of Police,POL 47 PSB 6th District Patrol,M,133078,9553.17,1460.71,A1
FRS,Fire and Rescue Services,FRS 45 Field Operations Administration,F,51736,3979.49,4387.04,F3P
POL,Department of Police,POL 47 MSB Public Information Office,F,90149,538.3,5861.66,16
COR,Correction and Rehabilitation,COR 42 DS MCCF Unit 3 Security,F,109539,152902.04,4231.76,C5
POL,Department of Police,POL 47 FSB Special Operations Division,M,126852,58951.58,6450.3,P5
POL,Department of Police,POL 47 PSB 2nd District Patrol,F,120811,3044.05,8513.3,P4
FRS,Fire and Rescue Services,FRS 45 Station 10,M,125207,69864.92,5354.8,B1
FRS,Fire and Rescue Services,FRS 45 Station 33,M,141187,41033.41,3937.48,B2
TBS,Department of Technology and Enterprise Business Solutions,TBS 34 CIO Change Management,F,200829,0,0,M2
ABS,Alcohol Beverage Services,ABS 85 Beer Delivery Operations,M,86352,8475.68,2681.14,15
ABS,Alcohol Beverage Services,ABS 85 Beer Delivery Operations,M,98322,24597.97,0,N18
POL,Department of Police,POL 47 PSB 6th District Community Operations,M,139532,4580.94,14791.84,A1
POL,Department of Police,POL 47 MSB Information Mgmt and Tech Division Records Management Section,F,83837,0,1006.08,15
FRS,Fire and Rescue Services,FRS 45 First Battalion - Administration,M,162548,0,11366.96,B3
DEP,Department of Environmental Protection,DEP 80 Recycling and Refuse Services,F,113269.05,5132.76,0,18
FRS,Fire and Rescue Services,FRS 45 Station 16,M,103472,2264.81,7245.08,F3
POL,Department of Police,POL 47 PSB 1st District Patrol,M,120811,14071.48,8390.62,P4
POL,Department of Police,POL 47 PSB 3rd District Station,F,102711,5931.31,3638.22,N19
DOT,Department of Transportation,DOT 50 Transit Gaithersburg Ride On,M,95939.38,17331.17,0,T1
FRS,Fire and Rescue Services,FRS 45 Station 16,M,113815,69987.05,12048.92,F4
POL,Department of Police,POL 47 PSB 1st District Patrol,M,120811,0,12807.24,P4
HHS,Department of Health and Human Services,HHS 60 School Health Services,F,78880.38,0,2219.6,16
CAT,County Attorney's Office,CAT 30 Health and Human Services,F,122603,730.32,3922.18,N23
FRS,Fire and Rescue Services,FRS 45 Rescue 2,M,103472,22127.35,3560.22,F3
HHS,Department of Health and Human Services,HHS 60 Behavioral Health and Crisis Services Division,M,128198,41451.87,8335.6,24
POL,Department of Police,POL 47 PSB 1st District Patrol,M,120811,23648.73,12807.24,P4
DOT,Department of Transportation,DOT 50 Highway Services,M,94134,21503.71,6120.72,17
SHF,Sheriff's Office,SHF 48 Courthouse Security,M,113014,0,61.96,G4
DOT,Department of Transportation,DOT 50 Highway Administration,M,102711,20409.8,3285.78,19
SHF,Sheriff's Office,SHF 48 Court and Transport,M,127357,40402.39,8928.9,D1
DOT,Department of Transportation,DOT 50 Transit Silver Spring Ride On,M,97081,41473.41,0,T1
POL,Department of Police,POL 47 PSB 5th District Patrol,F,126852,0,13447.62,P5
POL,Department of Police,POL 47 FSB Traffic Division Alcohol Initiatives Section,M,120811,29781.67,10481.14,P4
DPS,Department of Permitting Services,DPS 75 Fire Code Compliance,F,174642,0,0,M3
POL,Department of Police,POL 47 FSB Special Operations Division Canine Section,M,120811,91114,12807.24,P4
CCL,County Council,CCL 01 Council Central Staff,F,98322,0,0,N18
POL,Department of Police,POL 47 PSB 5th District Station,M,171891.04,28494.28,1822.8,A2
POL,Department of Police,POL 47 FSB Special Operations Division Canine Section,F,126852,54068.15,2212.11,P5
HHS,Department of Health and Human Services,HHS 60 School Health Services,F,78880.38,67.13,1178.96,16
FRS,Fire and Rescue Services,FRS 45 Station 22,M,113815,65713.37,7893.7,F4
FRS,Fire and Rescue Services,FRS 45 Station 20,M,103472,3633.58,4391.53,F3
DOT,Department of Transportation,DOT 50 Transit Gaithersburg Ride On,F,97081,21385.71,0,T1
DOT,Department of Transportation,DOT 50 Transportation Planning and Design Section,F,174641.65,0,0,M3
POL,Department of Police,POL 47 FSB Special Operations Division Canine Section,M,139532,43082.01,14791.84,A1
FRS,Fire and Rescue Services,FRS 45 Station 40,M,113815,20586.78,12164.2,F4
HHS,Department of Health and Human Services,HHS 60 Services to End and Prevent Homelessness Division,M,107323,0,10576.35,20
HCA,Department of Housing and Community Affairs,HCA 76 Affordable Housing Programs,M,134086,0,8718.54,25
LIB,Department of Public Libraries,LIB 71 Olney Library,F,79296,0,7860.22,13
LIB,Department of Public Libraries,LIB 71 Damascus Library,F,39648,0,3930.24,13
POL,Department of Police,POL 47 HQ Office of the Chief,M,139532,4968.46,4448.91,A1
DOT,Department of Transportation,DOT 50 Transportation Technical Center,M,122603,24999.31,7971.76,N23
DOT,Department of Transportation,DOT 50 Highway Services,M,94134,28992.92,3011.4,17
POL,Department of Police,POL 47 PSB 3rd District Patrol,M,115223,0,120.45,P4
HHS,Department of Health and Human Services,HHS 60 School Health Services,F,79296,0,7860.22,13
DPS,Department of Permitting Services,DPS 75 Zoning Review,M,128198,0,12707.6,24
ABS,Alcohol Beverage Services,ABS 85 Fallsgrove,M,60814.4,49.76,6124.43,12
POL,Department of Police,POL 47 FSB Traffic Division School Safety Section,F,90149,0,8936.04,16
POL,Department of Police,POL 47 FSB Traffic Division School Safety Section,F,34964.97,0,1953.32,10
LIB,Department of Public Libraries,LIB 71 Community Outreach,F,98322,0,6393.02,18
POL,Department of Police,POL 47 FSB Traffic Division School Safety Section,F,34964.97,0,2009.53,10
CAT,County Attorney's Office,CAT 30 Finance and Procurement,F,126553.02,0,4897.25,N25
DEP,Department of Environmental Protection,DEP 80 Stormwater BMP Inspection and Maintenance,M,122603,0,12153,23
DGS,Department of General Services,DGS 36 Facilities Maintenance,M,134086,37652.34,8485.2,N25
POL,Department of Police,POL 47 PSB 1st District Special Assignment Team,M,139532,30918.75,9690.72,A1
POL,Department of Police,POL 47 PSB 6th District Patrol,M,139532,5550.5,14791.84,A1
FRS,Fire and Rescue Services,FRS 45 Station 19,M,141187,47733.57,14640.88,B2
DGS,Department of General Services,DGS 36 Fleet Management Fleet Services,M,102711,0,10181.2,19
FRS,Fire and Rescue Services,FRS 45 Station 5,M,141187,134678.53,15089.5,B2
COR,Correction and Rehabilitation,COR 42 DS MCCF Unit 1 Security,M,120293,0,6455.2,C6
POL,Department of Police,POL 47 FSB Traffic Division School Safety Section,F,34964.97,0,1257.72,10
HHS,Department of Health and Human Services,HHS 60 Behavioral Health and Crisis Services Division,F,89096.78,26846.97,0,18
HHS,Department of Health and Human Services,HHS 60 Chief Operating Officer Division,M,140274,0,9494.66,26
ABS,Alcohol Beverage Services,ABS 85 Aspen Hill,M,82745,563.19,2647.21,14
POL,Department of Police,POL 47 PSB 3rd District Patrol,M,126852,42014.49,13303.08,P5
DOT,Department of Transportation,DOT 50 Highway Services,F,98322,15269.08,0,18
POL,Department of Police,POL 47 PSB 6th District Patrol,M,120811,0,12807.24,P4
FRS,Fire and Rescue Services,FRS 45 Station 10,M,113815,28152.48,12164.2,F4
LIB,Department of Public Libraries,LIB 71 Twinbrook Library,F,56083.36,0,5559.36,21
FRS,Fire and Rescue Services,FRS 45 Station 9,M,113815,47620.98,12045.22,F4
HHS,Department of Health and Human Services,HHS 60 Aging & Disability Services Division,F,128198,0,0,24
POL,Department of Police,POL 47 PSB 4th District Patrol,M,139532,39501.87,14791.84,A1
LIB,Department of Public Libraries,LIB 71 Wheaton Library,F,79296,0,7860.22,13
POL,Department of Police,POL 47 Field Services Bureau,M,248000,0,0,EX2
OAG,Office of Agriculture,OAG 78 Soil Conservation,M,174622.54,0,0,M3
POL,Department of Police,POL 47 PSB 3rd District Special Assignment Team,M,139532,46898.14,14791.84,A1
FRS,Fire and Rescue Services,FRS 45 Station 15,M,141187,58124.63,15089.5,B2
DGS,Department of General Services,DGS 36 Central Duplicating,M,90149,69.31,5861.66,16
FRS,Fire and Rescue Services,FRS 45 Station 10,M,141187,45943.04,15089.5,B2
POL,Department of Police,POL 47 FSB Traffic Division School Safety Section,F,34964.97,0,1735.65,10
DOT,Department of Transportation,DOT 50 Transit Gaithersburg Ride On,M,92513.83,12936.42,0,T1
FRS,Fire and Rescue Services,FRS 45 Station 26,M,103472,38498.89,5988.41,F3
ABS,Alcohol Beverage Services,ABS 85 Leisure World,F,82745,2309.19,2044.64,14
DPS,Department of Permitting Services,DPS 75 Zoning and Site Plan Compliance,M,112166,0,7293.28,21
LIB,Department of Public Libraries,LIB 71 Cataloging and Preparation,F,112166,0,11118.46,21
FRS,Fire and Rescue Services,FRS 45 Station 14,M,141187,116408.12,14946.55,B2
ABS,Alcohol Beverage Services,ABS 85 IT Administration,F,140274,658.36,13904.58,26
DPS,Department of Permitting Services,DPS 75 Zoning and Site Plan Compliance,M,174641.65,0,0,M3
ABS,Alcohol Beverage Services,ABS 85 Hampden Lane,M,112166,0,0,N21
HHS,Department of Health and Human Services,HHS 60 School Health Services,M,134086,0,4289.54,N25
FRS,Fire and Rescue Services,FRS 45 Station 19,M,125207,5464.38,13381.58,B1
HHS,Department of Health and Human Services,HHS 60 School Health Services,F,96148.5,0,2810.54,24
DEP,Department of Environmental Protection,DEP 80 Strategic and Administrative Services Division,F,134086,0,838.05,N25
POL,Department of Police,POL 47 PSB 1st District Patrol,M,120811,72766.4,8390.62,P4
DOT,Department of Transportation,DOT 50 Transit Gaithersburg Ride On,M,112166,3672.08,7293.28,N21
FRS,Fire and Rescue Services,FRS 45 Station 3,M,113815,20281.11,3879.01,F4
HHS,Department of Health and Human Services,HHS 60 Office of Eligibility and Support Services,F,128198,0,12044.16,N24
DOT,Department of Transportation,DOT 50 Highway Services,M,86352,38184.61,2762.48,15
FRS,Fire and Rescue Services,FRS 45 Station 31,M,113815,22807.43,12164.2,F4
DEP,Department of Environmental Protection,DEP 80 Recycling and Refuse Services,M,112166,8077.34,11118.46,21
FRS,Fire and Rescue Services,FRS 45 Station 11,M,113815,155.59,4599.23,F4
ABS,Alcohol Beverage Services,ABS 85 Retail Administration,M,134086,0,0,N25
DGS,Department of General Services,DGS 36 Fleet Management Fleet Services,M,98322,10832.45,6393.02,18
DOT,Department of Transportation,DOT 50 Transit Silver Spring Ride On,M,93655.37,10669.96,0,T1
REC,Department of Recreation,REC 72 Aquatic Team Management,M,128198,0,0,N24
POL,Department of Police,POL 47 Field Services Bureau,M,139532,2819.73,14791.84,A1
HHS,Department of Health and Human Services,HHS 60 Aging & Disability Services Division,F,122603,0,12153,23
COR,Correction and Rehabilitation,COR 42 DS MCCF Unit 1 Security,F,109539,40487.64,7544.68,C5
DOT,Department of Transportation,DOT 50 Transit Gaithersburg Ride On,F,97081,1809.22,0,T1
ABS,Alcohol Beverage Services,ABS 85 Liquor and Wine Loading,M,107323,19374.39,0,N20
REC,Department of Recreation,REC 72 Special Programs,F,82745,983.31,2647.16,14
HHS,Department of Health and Human Services,HHS 60 Services to End and Prevent Homelessness Division,F,112805.08,0,0,23
FRS,Fire and Rescue Services,FRS 45 Station 8,M,141187,2328.01,9979.41,B2
COR,Correction and Rehabilitation,COR 42 DS MCDC Intake/Release Operations,M,131637,30745.56,5268.82,C1
SHF,Sheriff's Office,SHF 48 Court and Transport,M,123648,0,42.35,D1
REC,Department of Recreation,REC 72 Aquatic Team Management,M,112166,0,10683.13,21
FRS,Fire and Rescue Services,FRS 45 Station 20,M,106504,0,0,F4
POL,Department of Police,POL 47 FSB Traffic Division School Safety Section,F,34964.97,0,566.78,10
FRS,Fire and Rescue Services,FRS 45 Station 31,M,125207,50982.42,4308.14,B1
FRS,Fire and Rescue Services,FRS 45 Station 20,M,110232,0,115.24,F4
FRS,Fire and Rescue Services,FRS 45 Station 13,M,103472,14708.51,3560.22,F3
FRS,Fire and Rescue Services,FRS 45 Station 1,M,113815,32295.32,3916.11,F4
POL,Department of Police,POL 47 PSB 3rd District Patrol,M,139532,36612.77,14791.84,A1
FRS,Fire and Rescue Services,FRS 45 Station 17,M,113815,146562.95,12048.92,F4
DOT,Department of Transportation,DOT 50 Highway Services,M,86352,26552.9,5614.68,15
POL,Department of Police,POL 47 PSB 3rd District Special Assignment Team,M,120811,25609.58,12807.24,P4
FRS,Fire and Rescue Services,FRS 45 Fire and Explosive Investigations,F,141187,60798.07,9887.52,B2
POL,Department of Police,POL 47 PSB 5th District Patrol,M,115223,0,2168.1,P4
FRS,Fire and Rescue Services,FRS 45 Field Operations Administration,M,121266,0,332.2,B1
DGS,Department of General Services,DGS 36 Facilities Major Programs,M,107323,37407.3,6978.26,20
POL,Department of Police,POL 47 FSB Traffic Division,M,120811,23221.42,12807.24,P4
POL,Department of Police,POL 47 PSB 4th District Patrol,F,90149,14306.75,5861.66,16
SHF,Sheriff's Office,SHF 48 Evictions,F,79296,0,7860.22,13
HHS,Department of Health and Human Services,HHS 60 School Health Services,F,78880.38,162.53,0,16
POL,Department of Police,POL 47 PSB 6th District Patrol,F,120811,18913.83,12807.24,P4
HCA,Department of Housing and Community Affairs,HCA 76 Housing Landlord and Tenant Mediation,F,130181,0,4411.93,25
FRS,Fire and Rescue Services,FRS 45 Station 9,M,141187,102811.96,4857.84,B2
FRS,Fire and Rescue Services,FRS 45 Station 2,M,141187,33161.37,9885.76,B2
DOT,Department of Transportation,DOT 50 Traffic Engineering Studies Section,M,134086,0,8718.54,25
FRS,Fire and Rescue Services,FRS 45 Station 29,M,113815,61752.79,7893.7,F4
POL,Department of Police,POL 47 MSB Information Management and Technology Division,F,125523.56,0,0,N25
FRS,Fire and Rescue Services,FRS 45 Station 34,M,103472,2403.88,10729.92,F3
POL,Department of Police,POL 47 PSB 5th District Patrol,M,120811,45655.6,12807.24,P4
DEP,Department of Environmental Protection,DEP 80 Stormwater BMP Inspection and Maintenance,F,122603,0,3327.02,23
DOT,Department of Transportation,DOT 50 Transit Silver Spring Ride On,M,112166,4832.24,0,N21
FRS,Fire and Rescue Services,FRS 45 Station 13,F,136743,0,0,B2
DOT,Department of Transportation,DOT 50 Transit Gaithersburg Ride On,M,97081,19502.2,0,T1
FRS,Fire and Rescue Services,FRS 45 Station 18,M,103472,12399.83,11058.74,F3
FRS,Fire and Rescue Services,FRS 45 Third Battalion - Administration,M,162548,0,17537.01,B3
DOT,Department of Transportation,DOT 50 Transit Gaithersburg Ride On,M,93655.37,36285.99,0,T1
POL,Department of Police,POL 47 PSB 5th District Patrol,M,120811,16983.65,4123.22,P4
POL,Department of Police,POL 47 PSB 3rd District Patrol,M,139532,23551.89,14791.84,A1
LIB,Department of Public Libraries,LIB 71 Quince Orchard Library,F,32226.13,0,1031.02,8
HHS,Department of Health and Human Services,HHS 60 Chief Operating Officer Division,F,122603,0,0,N23
FRS,Fire and Rescue Services,FRS 45 First Battalion - Administration,M,141187,27591.59,1710.54,B2
HHS,Department of Health and Human Services,HHS 60 Public Health Services Division,F,64099,0,1903.05,24
HHS,Department of Health and Human Services,HHS 60 Public Health Services Division,F,128198,0,4101.12,24
DOT,Department of Transportation,DOT 50 Transit Safety and Instruction,F,102711,481.47,0,N19
DGS,Department of General Services,DGS 36 Fleet Management Fleet Services,M,117252,465.08,3546.9,N22
FRS,Fire and Rescue Services,FRS 45 Station 14,M,141187,44599.97,15089.5,B2
FRS,Fire and Rescue Services,FRS 45 Fire and Explosive Investigations,M,125207,2144.69,8719.38,B1
HHS,Department of Health and Human Services,HHS 60 School Health Services,M,122603,0,0,N23
FRS,Fire and Rescue Services,FRS 45 Station 25,M,141187,34713.33,11476.83,B2
POL,Department of Police,POL 47 PSB 5th District Community Action Team,M,139532,35501.11,4762.18,A1
POL,Department of Police,POL 47 PSB 3rd District Patrol,M,126852,4365.33,13447.62,P5
ABS,Alcohol Beverage Services,ABS 85 Liquor and Wine Delivery Operations,M,86352,10824.32,5614.68,15
FRS,Fire and Rescue Services,FRS 45 Emergency Communications Center (ECC),M,178789,0,19108.18,B4
COR,Correction and Rehabilitation,COR 42 DS MCCF Unit 2 Security,M,109539,41104.41,3286.68,C5
DPS,Department of Permitting Services,DPS 75 Zoning Review,M,128198,0,12707.6,24
SHF,Sheriff's Office,SHF 48 Evictions,M,127357,12084.52,4387.7,D1
FRS,Fire and Rescue Services,FRS 45 Station 1,F,113815,34567.08,7969.2,F4
HHS,Department of Health and Human Services,HHS 60 Public Health Services Division,F,134086,0,13291.28,25
POL,Department of Police,POL 47 CRB Community Engagement Division Community Engagement Section,F,120811,1495.02,12807.24,P4
POL,Department of Police,POL 47 FSB Traffic Division School Safety Section,F,34964.97,0,1624.75,10
DOT,Department of Transportation,DOT 50 Transit Gaithersburg Ride On,F,94797.38,14780.65,0,T1
HHS,Department of Health and Human Services,HHS 60 School Health Services,F,78880.38,277.23,4115.04,16
DEP,Department of Environmental Protection,DEP 80 Waste Reduction and Recycling,F,98322,0,3984.07,18
FRS,Fire and Rescue Services,FRS 45 Station 25,M,113815,23727.68,7969.21,F4
FRS,Fire and Rescue Services,FRS 45 Station 4,M,103472,0,11058.74,F3
CEC,Community Engagement Cluster,CEC 16 Community Partnerships,F,112166,0,7293.28,21
HHS,Department of Health and Human Services,HHS 60 School Health Services,F,78880.38,0,2281.35,16
ABS,Alcohol Beverage Services,ABS 85 Retail Administration,F,134086,1140.67,0,N25
REC,Department of Recreation,REC 72 Office of the Director,M,244000,0,0,EX1
ABS,Alcohol Beverage Services,ABS 85 Liquor and Wine Loading,M,76018,12196.35,7535.32,12
DOT,Department of Transportation,DOT 50 Ride On Operations,M,179020,0,0,M2
LIB,Department of Public Libraries,LIB 71 Quince Orchard Library,M,90149,0,2884.02,16
FRS,Fire and Rescue Services,FRS 45 Station 26,M,141187,73751.81,14946.55,B2
HHS,Department of Health and Human Services,HHS 60 Behavioral Health and Crisis Services Division,M,128198,0,12707.6,24
HHS,Department of Health and Human Services,HHS 60 Office of Eligibility and Support Services,F,107323,5593.01,6587.9,20
POL,Department of Police,POL 47 FSB Traffic Division School Safety Section,F,34964.97,0,1747.7,10
COR,Correction and Rehabilitation,COR 42 DS Inmate Records,F,94134,11890.26,6120.72,17
FRS,Fire and Rescue Services,FRS 45 Emergency Communications Center (ECC),M,141187,30944.07,15252.86,B2
POL,Department of Police,POL 47 PSB 2nd District Patrol,F,120811,676.17,10621.01,P4
FRS,Fire and Rescue Services,FRS 45 Station 34,M,141187,125668.76,15089.5,B2
POL,Department of Police,POL 47 MSB Training and Education Division,M,126852,7441.59,8506.47,P5
FRS,Fire and Rescue Services,FRS 45 Station 34,M,103472,354.84,7245.08,F3
FRS,Fire and Rescue Services,FRS 45 Station 40,M,125207,30437.17,7287.06,B1
POL,Department of Police,POL 47 FSB Security Services Division,F,86352,35168.2,2762.48,15
COR,Correction and Rehabilitation,COR 42 PRRS Facility and Security,M,117252,26836.25,3608.74,22
DOT,Department of Transportation,DOT 50 Highway Services,M,94134,17645.12,6120.72,17
ABS,Alcohol Beverage Services,"ABS 85 Licensure, Regulation and Education",F,122603,0,12153,23
DGS,Department of General Services,DGS 36 Fleet Management Fleet Services,M,94134,3714.38,9330.92,17
DOT,Department of Transportation,DOT 50 Transit Nicholson Ride On,M,67088,0,2145.7,9
POL,Department of Police,POL 47 PSB 6th District Patrol,M,120811,11384.41,12807.24,P4
DPS,Department of Permitting Services,DPS 75 Residential Plan Review,M,128198,0,4597.5,24
POL,Department of Police,POL 47 FSB Special Operations Division Canine Section,M,120811,139883.22,12807.24,P4
FRS,Fire and Rescue Services,FRS 45 Station 24,M,141187,65529.62,4857.88,B2
DOT,Department of Transportation,DOT 50 Transit Silver Spring Ride On,M,94797.38,48846.7,0,T1
POL,Department of Police,POL 47 PSB 4th District Community Operations,F,115223,0,1204.5,P4
HHS,Department of Health and Human Services,HHS 60 Public Health Services Division,F,90149,0,8936.04,16
COR,Correction and Rehabilitation,COR 42 MBHS Medical and Behavioral Health Services,M,128198,0,4101.12,24
DOT,Department of Transportation,DOT 50 Transit Silver Spring Ride On,M,112166,4023.61,2499.3,N21
OHR,Office of Human Resources,"OHR 33 Policy, Practice and Strategic Communications",F,153585,0,4913.34,N28
POL,Department of Police,POL 47 MSB Budget and Capital Management Division Fleet Management Section,M,122603,11179.14,7971.76,23
TBS,Department of Technology and Enterprise Business Solutions,TBS 34 OMC MC311 Call Center,M,90149,0,2884.02,16
POL,Department of Police,POL 47 PSB 6th District Patrol,F,105146.76,8505.28,10422.72,16
POL,Department of Police,POL 47 FSB Traffic Division School Safety Section,F,34964.97,264.14,2504.6,10
ABS,Alcohol Beverage Services,ABS 85 Stock Liquor and Wine Warehouse Operations,M,79296,1525.3,2499.29,13
FRS,Fire and Rescue Services,FRS 45 Training,M,141187,50279,11718.07,B2
COR,Correction and Rehabilitation,COR 42 DS MCDC Custody and Security,F,109539,16066.77,3773.9,C5
COR,Correction and Rehabilitation,COR 42 DS MCCF Unit 1 Security,M,131637,26778.3,4535.22,C1
POL,Department of Police,POL 47 FSB Traffic Division Collision Reconstruction,F,126852,34055.92,6450.3,P5
DOT,Department of Transportation,DOT 50 Transit Gaithersburg Ride On,M,95939.35,8221.05,0,T1
ABS,Alcohol Beverage Services,ABS 85 Administrative Services,F,98322,68.19,987.26,18
DGS,Department of General Services,DGS 36 Facilities Maintenance,F,64452,355.18,6388.86,8
DOT,Department of Transportation,DOT 50 Transit Silver Spring Ride On,M,93655.37,20516.8,0,T1
FRS,Fire and Rescue Services,FRS 45 Station 13,M,113815,38468.42,7859.44,F4
DPS,Department of Permitting Services,DPS 75 Information Technology Services,M,153585,0,0,N28
ABS,Alcohol Beverage Services,ABS 85 Flower Avenue,M,107841.67,622.17,0,N21
DEP,Department of Environmental Protection,DEP 80 Monitoring and Planning,M,122603,0,3922.18,23
FRS,Fire and Rescue Services,FRS 45 Station 28,F,103472,55217.97,7313.71,F3
POL,Department of Police,POL 47 FSB Traffic Division School Safety Section,F,34964.97,0,1178.09,10
POL,Department of Police,POL 47 PSB 4th District Patrol,M,139532,27741.15,2433.23,A1
DOT,Department of Transportation,DOT 50 Transit Central Communication,F,98322,3934.99,9746.18,18
POL,Department of Police,POL 47 FSB Special Operations Division,M,139532,81693.8,2433.23,A1
LIB,Department of Public Libraries,LIB 71 Quince Orchard Library,F,63436.8,0,2029.46,13
DOT,Department of Transportation,DOT 50 Sign and Marking Shop,M,94134,0,9330.92,17
FRS,Fire and Rescue Services,FRS 45 Station 35,M,103472,0,6057.03,F3
COR,Correction and Rehabilitation,COR 42 DS MCDC Central Processing Unit,F,109539,32407.5,3773.9,C5
FRS,Fire and Rescue Services,FRS 45 Station 11,M,103472,39555.31,8587.97,F3
SHF,Sheriff's Office,SHF 48 Sheriff Domestic Violence,F,90149,5198.53,5861.66,16
FRS,Fire and Rescue Services,FRS 45 Station 13,M,141187,25648.53,9979.37,B2
DOT,Department of Transportation,DOT 50 Highway Services,M,112166,44589.93,10538.02,N21
HHS,Department of Health and Human Services,HHS 60 Office of Eligibility and Support Services,M,107323,0,3433.42,20
REC,Department of Recreation,REC 72 Aquatic Team Management,F,158774.13,0,0,M3
FRS,Fire and Rescue Services,FRS 45 Station 40,M,141187,33455.69,15089.5,B2
SHF,Sheriff's Office,SHF 48 Civil Process,F,139417,753.94,9774.36,D2
POL,Department of Police,POL 47 PSB 6th District Patrol,M,120811,0,8390.62,P4
COR,Correction and Rehabilitation,COR 42 DS MCCF Unit 1 Security,M,120293,98457.23,8433.64,C6
DGS,Department of General Services,DGS 36 Facilities,M,90149,7125.35,8936.04,16
HHS,Department of Health and Human Services,HHS 60 Public Health Services Division,F,98322,329.46,3145.54,18
HHS,Department of Health and Human Services,HHS 60 Child Welfare Services,F,95176.53,128.77,0,18
HHS,Department of Health and Human Services,HHS 60 Aging & Disability Services Division,F,107323,0,10360.7,20
DEP,Department of Environmental Protection,DEP 80 Recycling and Refuse Services,F,112166,10014.13,3588.34,21
HHS,Department of Health and Human Services,HHS 60 Behavioral Health and Crisis Services Division,F,98322,0,3145.54,18
HHS,Department of Health and Human Services,HHS 60 Child Welfare Services,F,128198,0,10551.42,24
DOT,Department of Transportation,DOT 50 Transit Silver Spring Ride On,M,94797.08,15267.52,0,T1
HHS,Department of Health and Human Services,HHS 60 Office of Eligibility and Support Services,F,107323,14062.07,6305.86,20
COR,Correction and Rehabilitation,COR 42 DS MCCF Unit 3 Security,M,120293,99937.23,7945.48,C6
POL,Department of Police,POL 47 PSB 5th District Station,M,175642,0,0,A2
POL,Department of Police,POL 47 PSB 2nd District Patrol,M,139532,62001.19,14791.84,A1
FRS,Fire and Rescue Services,FRS 45 Station 24,M,113815,95167.03,7893.7,F4
OLO,Office of Legislative Oversight,OLO 03 Director,M,228097.27,0,0,LB2
DOT,Department of Transportation,DOT 50 Transit Gaithersburg Ride On,M,97081,24697.4,0,T1
FRS,Fire and Rescue Services,FRS 45 Station 8,M,113815,600.57,12048.92,F4
FRS,Fire and Rescue Services,FRS 45 Station 40,M,113815,0,232.27,F4
REC,Department of Recreation,REC 72 Aquatic Team Management,M,119960.26,0,0,N23
FRS,Fire and Rescue Services,FRS 45 Station 6,M,113815,67447.82,12164.2,F4
COR,Correction and Rehabilitation,COR 42 DS Programs and Services,F,174642,0,0,M3
POL,Department of Police,POL 47 MSB Information Management and Technology Division,M,140274,0,0,N26
POL,Department of Police,POL 47 PSB 1st District Patrol,M,120811,48817.34,12807.24,P4
POL,Department of Police,POL 47 FSB Special Operations Division,M,139532,79511.75,4762.18,A1
HHS,Department of Health and Human Services,HHS 60 Chief Operating Officer Division,F,122603,0,11158.88,23
POL,Department of Police,POL 47 PSB 5th District Patrol,M,139532,7382.2,14599.94,A1
POL,Department of Police,POL 47 PSB 1st District Patrol,M,133078,53.21,5008.14,A1
POL,Department of Police,POL 47 PSB 3rd District Patrol,M,120811,61494.51,8390.62,P4
SHF,Sheriff's Office,SHF 48 Court and Transport,M,116404,10196.79,8160.96,G4
POL,Department of Police,POL 47 PSB 1st District Patrol,M,120811,1532.14,12807.24,P4
SHF,Sheriff's Office,"SHF 48 Civil, Child Support and Criminal Divison",M,158726.36,0,8759.26,D3
HHS,Department of Health and Human Services,HHS 60 Behavioral Health and Crisis Services Division,F,128198,0,1864.95,24
HHS,Department of Health and Human Services,HHS 60 Child Welfare Services,F,124464,0,1864.95,24
POL,Department of Police,POL 47 CRB Community Engagement Division Community Engagement Section,M,120811,6652.09,12807.24,P4
ABS,Alcohol Beverage Services,ABS 85 Olney,M,100460.91,0,0,N21
POL,Department of Police,POL 47 PSB 4th District Patrol,F,126852,0,13447.62,P5
POL,Department of Police,POL 47 FSB Special Operations Division Canine Section,M,120811,62875.94,12807.24,P4
DGS,Department of General Services,DGS 36 Fleet Automotive Heavy Equipment,M,102711,12886.18,3285.78,19
FRS,Fire and Rescue Services,FRS 45 Station 26,M,103472,0,2015.11,F3
DGS,Department of General Services,DGS 36 Fleet Management Services,M,98322,9841.37,9491.78,18
COR,Correction and Rehabilitation,COR 42 PRRS Assessment and Quality Services,F,128198,814.1,12707.6,24
POL,Department of Police,POL 47 MSB Communications Division,M,122603,18457.97,0,N23
HHS,Department of Health and Human Services,HHS 60 Public Health Services Division,F,107323,0,8019.55,20
LIB,Department of Public Libraries,LIB 71 Germantown Library,M,107323,0,6978.26,N20
FRS,Fire and Rescue Services,FRS 45 Station 13,M,103472,1598.69,5988.41,F3
FRS,Fire and Rescue Services,FRS 45 Support Services Division,M,202720,0,21665.9,B6
FRS,Fire and Rescue Services,FRS 45 Station 19,M,100215,200.33,74.26,F3
ABS,Alcohol Beverage Services,ABS 85 Leisure World,F,97779.25,0,0,N18
LIB,Department of Public Libraries,LIB 71 Twinbrook Library,F,39647.9,0,3930.24,13
LIB,Department of Public Libraries,LIB 71 Strategic Planning and Special Projects,F,122603,0,3922.18,23
PIO,Office of Public Information,PIO 23 Cable Programming,M,112166,323.56,0,N21
DGS,Department of General Services,DGS 36 Fleet Management Services,M,90149,0,2884.02,16
DGS,Department of General Services,DGS 36 Fleet Management Services,M,90149,2419,5861.66,16
POL,Department of Police,POL 47 Management Services Bureau,M,248000,0,0,EX2
COR,Correction and Rehabilitation,COR 42 MBHS Medical and Behavioral Health Services,F,128198,109116.47,4101.12,24
OHR,Office of Human Resources,OHR 33 Occupational Medical Services Team,F,112166,0,0,N21
FRS,Fire and Rescue Services,FRS 45 Station 32,M,136743,373.94,7576.22,B2
FRS,Fire and Rescue Services,FRS 45 Station 14,M,113815,65772.73,9446.37,F4
POL,Department of Police,POL 47 FSB Traffic Division School Safety Section,F,34964.97,0,1170.22,10
FRS,Fire and Rescue Services,FRS 45 Station 19,M,113815,32003.05,12164.2,F4
HHS,Department of Health and Human Services,HHS 60 School Health Services,F,78880.38,0,0,16
FRS,Fire and Rescue Services,FRS 45 Station 4,M,141187,89847.6,15089.5,B2
FRS,Fire and Rescue Services,FRS 45 Support Services Division,M,162548,0,17372.48,B3
FRS,Fire and Rescue Services,FRS 45 Station 1,M,103472,38128.32,10625.21,F3
FRS,Fire and Rescue Services,FRS 45 Station 11,M,103472,33857.91,2807.91,F3
HHS,Department of Health and Human Services,HHS 60 Chief Operating Officer Division,F,122603,0,3922.18,23
POL,Department of Police,POL 47 MSB Communications Division,M,102711,17491.35,7029.18,19
HHS,Department of Health and Human Services,HHS 60 Office of Eligibility and Support Services,F,107323,7027.78,3433.42,20
SHF,Sheriff's Office,SHF 48 Sheriff Domestic Violence,M,164281.79,0,17148.45,D3
FRS,Fire and Rescue Services,FRS 45 Station 34,M,113815,41123.36,12164.2,F4
DPS,Department of Permitting Services,"DPS 75 Commercial Sustainability, Energy, and Mechanical",M,140274,0,13904.58,26
DOT,Department of Transportation,DOT 50 Highway Services,M,86352,18463.09,2762.48,15
DOT,Department of Transportation,DOT 50 Parking Management Parking Operations,M,86352,0,2762.48,N15
POL,Department of Police,POL 47 PSB 1st District Patrol,M,120811,20440.4,12807.24,P4
DPS,Department of Permitting Services,DPS 75 Well and Septic Review and Inspections,F,128198,18395.97,8335.6,24
FRS,Fire and Rescue Services,FRS 45 Station 33,M,141187,94042.56,15089.5,B2
HCA,Department of Housing and Community Affairs,HCA 76 Housing Code Enforcement,M,134086,0,4051.33,N25
POL,Department of Police,POL 47 FSB Special Operations Division Canine Section,M,120811,36828.34,8390.62,P4
COR,Correction and Rehabilitation,COR 42 PTS Supervision,F,128198,144.98,8335.6,24
HHS,Department of Health and Human Services,HHS 60 Office of Eligibility and Support Services,F,76986,0,67.1,13
COR,Correction and Rehabilitation,COR 42 DS MCCF Unit 2 Security,M,109539,116879.69,9890.12,C5
FRS,Fire and Rescue Services,FRS 45 Station 35,M,103472,2728.79,3560.22,F3
POL,Department of Police,POL 47 PSB 5th District Patrol,M,120811,869.37,12807.24,P4
FRS,Fire and Rescue Services,FRS 45 Station 16,M,113815,35001.9,12164.15,F4
HHS,Department of Health and Human Services,HHS 60 Children Youth and Family Services Division,F,122603,0,3922.18,N23
FRS,Fire and Rescue Services,FRS 45 Fire and Rescue Occupational Medical Services,M,162548,0,17372.48,B3
FRS,Fire and Rescue Services,FRS 45 Station 8,M,141187,40731.29,11718.07,B2
DOT,Department of Transportation,DOT 50 Highway Services,M,112166,21622.79,4493.28,N21
HHS,Department of Health and Human Services,HHS 60 Chief Operating Officer Division,F,122603,0,7971.76,N23
FRS,Fire and Rescue Services,FRS 45 Station 28,M,103472,40699.83,2920.53,F3
FRS,Fire and Rescue Services,FRS 45 Station 32,M,113815,21187.66,1378.98,F4
HCA,Department of Housing and Community Affairs,HCA 76 Housing Code Enforcement,F,122603,1696.63,7576.88,23
COR,Correction and Rehabilitation,COR 42 PTS Alternative Community Services,M,117252,0,3751.04,22
HHS,Department of Health and Human Services,HHS 60 School Health Services,F,67611.75,0,3858.44,16
FRS,Fire and Rescue Services,FRS 45 Station 18,M,113815,79293.62,3916.11,F4
DOT,Department of Transportation,DOT 50 Transit Silver Spring Ride On,M,93655.37,23058.01,0,T1
DGS,Department of General Services,DGS 36 Central Duplicating,M,86352,0,2762.48,15
POL,Department of Police,POL 47 CRB Community Engagement Division Community Engagement Section,M,120811,267.05,8230.08,P4
FRS,Fire and Rescue Services,FRS 45 Station 29,M,103472,33572.1,6022.14,F3
POL,Department of Police,POL 47 PSB 3rd District Patrol,M,139532,103035.78,9690.72,A1
POL,Department of Police,POL 47 FSB Special Operations Division Tactical Operations Section,M,120811,59178.28,2106.79,P4
POL,Department of Police,POL 47 FSB Security Services Division,M,112166,26426.56,7293.28,21
SHF,Sheriff's Office,SHF 48 Child Support,M,116404,1027.57,4010.36,G4
DOT,Department of Transportation,DOT 50 Transit Gaithersburg Ride On,M,97081,22478.62,0,T1
TBS,Department of Technology and Enterprise Business Solutions,TBS 34 OBP FiberNet Infrastructure,M,153585,10333.8,11181.22,N28
FRS,Fire and Rescue Services,FRS 45 Scheduling,F,113815,67680.09,12164.2,F4
POL,Department of Police,POL 47 FSB Traffic Division School Safety Section,F,34964.97,0,1758.21,10
DGS,Department of General Services,DGS 36 Facilities Maintenance,M,102711,15227.11,6678.42,19
DOT,Department of Transportation,DOT 50 Transit Silver Spring Ride On,M,95939.38,16792.78,0,T1
HHS,Department of Health and Human Services,HHS 60 School Health Services,F,70408.93,0,0,16
FRS,Fire and Rescue Services,FRS 45 Station 7,M,141187,115627.5,10071.36,B2
POL,Department of Police,POL 47 PSB 2nd District Patrol,M,120811,1796.54,12807.24,P4
POL,Department of Police,POL 47 MSB Communications Division,F,122603,23660.71,0,N23
HHS,Department of Health and Human Services,HHS 60 Child Welfare Services,F,98322,2066.94,8219.78,18
HHS,Department of Health and Human Services,HHS 60 Aging & Disability Services Division,F,128198,3427.99,4101.12,24
DOT,Department of Transportation,DOT 50 Transit Silver Spring Ride On,M,95939.38,14300.75,0,T1
POL,Department of Police,POL 47 PSB Duty Commander,F,212580,0,0,A3
HHS,Department of Health and Human Services,HHS 60 School Health Services,F,78880.38,0,4201.33,16
BOE,Board of Elections,BOE 24 Election Operations,F,122603,0,6128.2,N23
FRS,Fire and Rescue Services,FRS 45 Station 8,M,113815,34220.97,3174.14,F4
HHS,Department of Health and Human Services,HHS 60 Public Health Services Division,F,128198,0,8335.6,24
POL,Department of Police,POL 47 FSB Special Operations Division Canine Section,M,139532,122457.88,14791.84,A1
SHF,Sheriff's Office,SHF 48 Court and Transport,M,116404,423.39,8160.96,G4
CCL,County Council,CCL 01 Council Central Staff,F,122603,0,6725.8,N23
POL,Department of Police,POL 47 FSB Traffic Division Central Traffic Enforcement,M,120811,16395.42,2106.79,P4
DOT,Department of Transportation,DOT 50 Highway Services,M,94134,27824.94,9330.92,17
DOT,Department of Transportation,DOT 50 Transit Silver Spring Ride On,M,94797.38,29330.42,0,T1
DPS,Department of Permitting Services,DPS 75 Residential Inspections,M,122603,0,3922.18,23
LIB,Department of Public Libraries,LIB 71 Materials Delivery,M,85829.48,0,5580.78,12
OAG,Office of Agriculture,OAG 78 Soil Conservation,M,126004.39,0,0,N25
DOT,Department of Transportation,DOT 50 Highway Services,M,94134,54200.9,6120.72,17
PIO,Office of Public Information,PIO 23 Web Content and Graphic Management,M,108899,658.97,1826.09,N21
HHS,Department of Health and Human Services,HHS 60 Child Welfare Services,M,170622.76,0,0,M3
POL,Department of Police,POL 47 FSB Special Operations Division,M,120811,31381,12807.24,P4
DGS,Department of General Services,DGS 36 Fleet Management Fleet Services,M,117252,3589.1,3751.04,N22
POL,Department of Police,POL 47 PSB 6th District Patrol,M,120811,50734.25,12807.24,P4
REC,Department of Recreation,REC 72 Countywide Programs,F,122603,8909.95,11518.52,N23
FRS,Fire and Rescue Services,FRS 45 Facilities,M,107323,0,10638.4,20
POL,Department of Police,POL 47 PSB 4th District Special Assignment Team,M,139532,63840.69,9690.72,A1
HHS,Department of Health and Human Services,HHS 60 Behavioral Health and Crisis Services Division,M,121415.01,19039.01,0,23
DOT,Department of Transportation,DOT 50 Transit Gaithersburg Ride On,M,97081,13881.38,0,T1
FRS,Fire and Rescue Services,FRS 45 Station 3,M,103472,4818,2885.67,F3
ABS,Alcohol Beverage Services,ABS 85 White Oak,M,60814.4,677.4,1610.67,12
FRS,Fire and Rescue Services,FRS 45 Station 7,M,141187,42756.29,1663.05,B2
DOT,Department of Transportation,DOT 50 Transit Silver Spring Ride On,M,95939.38,39860.5,0,T1
DOT,Department of Transportation,DOT 50 Transit Gaithersburg Ride On,F,112166,41.87,7293.28,N21
LIB,Department of Public Libraries,LIB 71 Germantown Library,F,112166,0,7293.28,21
SHF,Sheriff's Office,SHF 48 Court and Transport,M,127357,11096.88,8928.9,D1
POL,Department of Police,POL 47 FSB Special Operations Division Canine Section,F,120811,33032.06,12807.24,P4
POL,Department of Police,POL 47 MSB  Professional Accountability Division,F,212580,0,0,A3
DPS,Department of Permitting Services,DPS 75 Commercial Electrical and FPS Inspections,M,122603,0,3922.18,23
FRS,Fire and Rescue Services,FRS 45 Emergency Communications Center (ECC),M,125207,113018.19,13232.06,B1
FRS,Fire and Rescue Services,FRS 45 Station 34,M,125207,17213.92,8683.75,B1
DOT,Department of Transportation,DOT 50 Transit Gaithersburg Ride On,F,97081,14803.5,0,T1
FRS,Fire and Rescue Services,FRS 45 Station 35,M,113815,0,12149.12,F4
POL,Department of Police,POL 47 FSB Traffic Division Central Traffic Enforcement,M,120811,23939.11,12807.24,P4
LIB,Department of Public Libraries,LIB 71 Germantown Library,F,79296,0,7860.22,13
POL,Department of Police,POL 47 PSB 1st District Patrol,M,120811,0,12401.54,P4
DOT,Department of Transportation,DOT 50 Highway Services,M,90149,22302.28,5861.66,16
FRS,Fire and Rescue Services,FRS 45 Station 4,M,113815,98445.18,12164.2,F4
ABS,Alcohol Beverage Services,ABS 85 IT Administration,M,102711,726.66,10181.2,19
HHS,Department of Health and Human Services,HHS 60 School Health Services,F,78880.38,958.77,7725.01,16
DPS,Department of Permitting Services,DPS 75 Land Development Sediment and Stormwater Inspection,M,112166,4225.47,7293.28,21
POL,Department of Police,POL 47 FSB Traffic Division Central Traffic Enforcement,M,126852,26354.44,13447.62,P5
POL,Department of Police,POL 47 MSB Training and Education Division,M,120811,3993.28,12807.24,P4
HHS,Department of Health and Human Services,HHS 60 Office of Eligibility and Support Services,F,107323,7076.75,10638.4,20
FRS,Fire and Rescue Services,FRS 45 Field Operations Administration,M,125207,40003.91,1516.98,B1
POL,Department of Police,POL 47 MSB Communications Division,M,174641.65,0,0,M3
FRS,Fire and Rescue Services,FRS 45 Station 35,M,103472,20183.24,5914.35,F3
FRS,Fire and Rescue Services,FRS 45 Station 33,M,141187,65353.47,4811.86,B2
HHS,Department of Health and Human Services,HHS 60 Services to End and Prevent Homelessness Division,F,107323,0,8694.5,20
POL,Department of Police,POL 47 PSB 4th District Patrol,M,120811,0,6143.06,P4
HHS,Department of Health and Human Services,HHS 60 Behavioral Health and Crisis Services Division,F,57649.08,55.05,5490.5,24
FRS,Fire and Rescue Services,FRS 45 Station 30,M,103472,31068.64,3560.22,F3
POL,Department of Police,POL 47 PSB 5th District Special Assignment Team,M,126852,15638.78,4329.42,P5
POL,Department of Police,POL 47 CRB Community Engagement Division Community Engagement Section,F,120811,10082.82,4123.22,P4
TBS,Department of Technology and Enterprise Business Solutions,TBS 34 OPS Public Safety Data Systems,F,153585,0,14429.2,N28
OHR,Office of Human Resources,OHR 33 Records Management Team,F,112166,0,7293.28,N21
FRS,Fire and Rescue Services,FRS 45 Station 18,M,132119,0,0,B2
SHF,Sheriff's Office,SHF 48 Court and Transport,M,158725.88,0,11116.47,D3
ABS,Alcohol Beverage Services,ABS 85 Stock Liquor and Wine Warehouse Operations,M,79296,393.85,2536.8,13
DOT,Department of Transportation,DOT 50 Highway Services,M,86352,22149.18,8559.6,15
FRS,Fire and Rescue Services,FRS 45 Station 21,M,141187,0,4857.88,B2
FRS,Fire and Rescue Services,FRS 45 Station 15,M,113815,14532.31,3916.11,F4
LIB,Department of Public Libraries,LIB 71 Technology Management,M,102711,0,6678.42,19
DOT,Department of Transportation,DOT 50 Highway Services,M,128198,48321.41,0,N24
FRS,Fire and Rescue Services,FRS 45 Field Operations Administration,M,141187,3685.2,1758.06,B2
FRS,Fire and Rescue Services,FRS 45 Station 19,M,125207,78654.49,4267.33,B1
FRS,Fire and Rescue Services,FRS 45 Station 14,M,103472,27387.29,8587.97,F3
FRS,Fire and Rescue Services,FRS 45 Field Operations Administration,M,141187,60086.08,9030.36,B2
FRS,Fire and Rescue Services,FRS 45 Station 18,M,125207,27706.48,8678.35,B1
FRS,Fire and Rescue Services,FRS 45 Station 12,M,141187,17367.81,15089.5,B2
FRS,Fire and Rescue Services,FRS 45 Station 11,M,141187,10339.25,3937.48,B2
DOT,Department of Transportation,DOT 50 Highway Services,M,98322,26462.47,0,N18
FRS,Fire and Rescue Services,FRS 45 Station 22,M,141187,38716.89,9760.31,B2
DGS,Department of General Services,DGS 36 Facilities Maintenance,M,62575,0,48.48,8
FRS,Fire and Rescue Services,FRS 45 Station 34,M,125207,42863.67,8766.8,B1
FRS,Fire and Rescue Services,FRS 45 Station 22,M,103472,64.37,975.03,F3
POL,Department of Police,POL 47 PSB 2nd District Patrol,M,120811,276.39,12807.24,P4
POL,Department of Police,POL 47 CRB Community Engagement Division Crisis Response & Support Section,M,120811,14974.1,12807.24,P4
POL,Department of Police,POL 47 PSB 5th District Patrol,M,139532,106.42,14791.84,A1
POL,Department of Police,POL 47 PSB 1st District Patrol,M,126852,8588.05,13447.62,P5
FRS,Fire and Rescue Services,FRS 45 Emergency Communications Center (ECC),F,98543,0,6899.9,F2
FRS,Fire and Rescue Services,FRS 45 Station 30,M,113815,32239.64,9446.37,F4
FRS,Fire and Rescue Services,FRS 45 Station 6,M,141187,7744,9885.72,B2
POL,Department of Police,POL 47 MSB Communications Division,M,112166,14093.92,1818.65,21
REC,Department of Recreation,REC 72 Youth Development Youth Services,M,134086,0,8176.02,N25
POL,Department of Police,POL 47 MSB Training and Education Division,M,139532,9968.98,14599.94,A1
HHS,Department of Health and Human Services,HHS 60 Office of Eligibility and Support Services,F,107323,247.53,6978.26,20
FRS,Fire and Rescue Services,FRS 45 Station 24,M,132119,0,0,B2
DGS,Department of General Services,DGS 36 Fleet Management Fleet Services,M,102711,5839.4,0,19
DOT,Department of Transportation,DOT 50 Transit Gaithersburg Ride On,M,97081,28216,0,T1
DGS,Department of General Services,DGS 36 Fleet Automotive Heavy Equipment,M,102711,5361.18,6678.42,19
ABS,Alcohol Beverage Services,ABS 85 Hampden Lane,M,98322,0,6393.06,N18
FRS,Fire and Rescue Services,FRS 45 Recruiting,M,162548,0,11381.4,B3
HHS,Department of Health and Human Services,HHS 60 Public Health Services Division,F,194272.8,0,0,MD3
DOT,Department of Transportation,DOT 50 Transit Gaithersburg Ride On,M,95939.38,34458.5,0,T1
TBS,Department of Technology and Enterprise Business Solutions,TBS 34 OMC MC311 Call Center,M,90149,0,2884.02,16
FRS,Fire and Rescue Services,FRS 45 Rescue 2,M,98543,22474.01,3366.43,F2
FRS,Fire and Rescue Services,FRS 45 Training,M,141187,98478.42,9885.76,B2
SHF,Sheriff's Office,SHF 48 Warrant Section,M,127357,23112,8928.9,D1
POL,Department of Police,POL 47 PSB 5th District Patrol,M,120811,0,8390.62,P4
POL,Department of Police,POL 47 MSB Communications Division,F,114017.24,14058.3,0,N23
HHS,Department of Health and Human Services,HHS 60 Office of Eligibility and Support Services,F,107323,6279.89,9944.15,20
FRS,Fire and Rescue Services,FRS 45 Station 19,M,113815,46603.34,3953.2,F4
HHS,Department of Health and Human Services,HHS 60 Public Health Services Division,F,128198,0,4432.04,24
DEP,Department of Environmental Protection,DEP 80 Recycling and Refuse Services,F,98322,3727.5,4287.55,18
ABS,Alcohol Beverage Services,ABS 85 Darnestown,M,82745,245.08,2647.16,14
COR,Correction and Rehabilitation,COR 42 DS MCDC Custody and Security,M,109539,65260.65,3773.9,C5
FRS,Fire and Rescue Services,FRS 45 Station 12,M,103472,53427.99,11058.74,F3
POL,Department of Police,POL 47 PSB 3rd District Patrol,M,120811,9050.18,2106.79,P4
DOT,Department of Transportation,DOT 50 Highway Services,M,86352,12214.04,3640.17,15
POL,Department of Police,POL 47 PSB 4th District Patrol,M,120811,33385.85,8230.08,P4
DOT,Department of Transportation,DOT 50 Transit Gaithersburg Ride On,F,90149,0,5861.66,16
LIB,Department of Public Libraries,LIB 71 Aspen Hill Library,F,107323,0,0,N20
DOT,Department of Transportation,DOT 50 Highway Services,M,94134,34333.44,9330.92,17
LIB,Department of Public Libraries,LIB 71 Germantown Library,F,79296,0,2533.71,13
ABS,Alcohol Beverage Services,ABS 85 Clarksburg Village,M,112166,0,0,N21
FRS,Fire and Rescue Services,FRS 45 Station 11,M,113815,25246.4,6388.09,F4
DEP,Department of Environmental Protection,DEP 80 Monitoring and Planning,M,117252,0,7936.36,22
DGS,Department of General Services,DGS 36 Fleet Automotive Heavy Equipment,M,117252,17744.15,3751.04,N22
FRS,Fire and Rescue Services,FRS 45 Station 25,M,141187,315668.35,15232.45,B2
FRS,Fire and Rescue Services,FRS 45 Fire Chief's Executive Office,M,178789,0,19108.18,B4
DOT,Department of Transportation,DOT 50 Transit Silver Spring Ride On,M,94797.38,14281.75,0,T1
FRS,Fire and Rescue Services,FRS 45 Second Battalion - Administration,M,125207,12596.91,4304.34,B1
DOT,Department of Transportation,DOT 50 Traffic Engineering Studies Section,M,98322,166.3,6393.02,18
HHS,Department of Health and Human Services,HHS 60 Office of Eligibility and Support Services,F,107323,0,8694.5,20
SHF,Sheriff's Office,SHF 48 Court and Transport,F,113014,0,94.52,G4
ABS,Alcohol Beverage Services,ABS 85 Darnestown,M,110549.62,0,0,N21
COR,Correction and Rehabilitation,COR 42 DS MCDC Custody and Security,M,109539,237359.58,9575.24,C5
POL,Department of Police,POL 47 FSB Traffic Division Central Traffic Enforcement,M,120811,13996.54,8390.62,P4
POL,Department of Police,POL 47 MSB Communications Division,M,112166,11643.56,3588.34,N21
FRS,Fire and Rescue Services,FRS 45 Station 13,M,113815,6689.76,12164.2,F4
FRS,Fire and Rescue Services,FRS 45 Station 12,M,113815,77214.89,7969.2,F4
HHS,Department of Health and Human Services,HHS 60 Child Welfare Services,F,128198,22549.71,12707.6,24
POL,Department of Police,POL 47 PSB 3rd District Patrol,M,139532,16416.01,14791.84,A1
HHS,Department of Health and Human Services,HHS 60 Office of Eligibility and Support Services,F,107323,15391.22,3100.92,20
CAT,County Attorney's Office,CAT 30 Finance and Procurement,F,90149,0,8469.52,N16
FRS,Fire and Rescue Services,FRS 45 Emergency Medical And Integrated Healthcare Services,M,141187,63064.48,14946.55,B2
FRS,Fire and Rescue Services,FRS 45 Second Battalion - Administration,M,162548,0,17377.78,B3
FRS,Fire and Rescue Services,FRS 45 Emergency Medical And Integrated Healthcare Services,M,178789,0,19108.18,B4
HHS,Department of Health and Human Services,HHS 60 Services to End and Prevent Homelessness Division,F,128198,0,2700.9,24
DOT,Department of Transportation,DOT 50 Parking Management Financial Management,F,85691.99,0,619.29,16
FRS,Fire and Rescue Services,FRS 45 Emergency Communications Center (ECC),F,125207,12717.1,10391.75,B1
POL,Department of Police,POL 47 MSB Training and Education Division,M,120811,8218.97,8390.62,P4
POL,Department of Police,POL 47 FSB Traffic Division Collision Reconstruction,M,120811,10423.1,12807.24,P4
DOT,Department of Transportation,DOT 50 Transit Silver Spring Ride On,M,112166,2654.76,3588.34,N21
DOT,Department of Transportation,DOT 50 Transportation Construction Section,M,122603,22421.81,12123.11,23
TBS,Department of Technology and Enterprise Business Solutions,TBS 34 OPS Radio Communications Services,M,107323,3724.58,6978.26,20
ABS,Alcohol Beverage Services,ABS 85 White Oak,M,95458,0,3395.51,N18
HHS,Department of Health and Human Services,HHS 60 School Health Services,F,78880.38,0,7855.63,16
DOT,Department of Transportation,DOT 50 Highway Services,M,94134,18442.77,9330.92,17
POL,Department of Police,POL 47 PSB 2nd District Station,F,102711,9098.85,9649.64,N19
DOT,Department of Transportation,DOT 50 Transit Nicholson Ride On,M,94797.08,26167.03,0,T1
DGS,Department of General Services,DGS 36 Facilities Maintenance,F,64452,1030.65,2061.92,8
HHS,Department of Health and Human Services,HHS 60 Behavioral Health and Crisis Services Division,F,107323,0,6978.26,20
POL,Department of Police,POL 47 FSB Traffic Division School Safety Section,F,34964.97,26.89,2307.79,10
TBS,Department of Technology and Enterprise Business Solutions,TBS 34 ODT Geographic Information System,M,153585,0,9986.28,N28
POL,Department of Police,POL 47 MSB Communications Division,M,114017.24,21689.76,0,N23
HHS,Department of Health and Human Services,HHS 60 Office of Eligibility and Support Services,F,117252,87.52,8248.84,22
DOT,Department of Transportation,DOT 50 Transit Gaithersburg Ride On,M,93655.37,37414,0,T1
DOT,Department of Transportation,DOT 50 Transit Gaithersburg Ride On,M,93655.37,10822.9,0,T1
COR,Correction and Rehabilitation,COR 42 DS MCCF Unit 3 Security,M,131637,24286.86,4535.22,C1
FRS,Fire and Rescue Services,FRS 45 Emergency Communications Center (ECC),M,113815,47875.59,6480.19,F4
POL,Department of Police,POL 47 CRB Policy and Planning Division,M,120811,0,12807.24,P4
FRS,Fire and Rescue Services,FRS 45 Station 34,M,103472,4618.08,3526.53,F3
FRS,Fire and Rescue Services,FRS 45 Station 23,M,113815,75.84,12045.22,F4
FRS,Fire and Rescue Services,FRS 45 Station 16,M,125207,97516.99,8766.8,B1
FRS,Fire and Rescue Services,FRS 45 Safety,M,178789,0,19108.18,B4
REC,Department of Recreation,REC 72 Youth Development Youth Services,M,112166,0,10996.15,21
POL,Department of Police,POL 47 PSB 6th District Patrol,M,139532,72752.77,14791.84,A1
TBS,Department of Technology and Enterprise Business Solutions,TBS 34 ODT Geographic Information System,M,153585,0,9986.28,N28
FRS,Fire and Rescue Services,FRS 45 Station 29,M,141187,81717.5,15089.5,B2
POL,Department of Police,POL 47 PSB 2nd District Station,M,184161,2779.54,0,A2
COR,Correction and Rehabilitation,COR 42 DS MCCF Unit 3 Security,M,109539,7325.94,7679.72,C5
FRS,Fire and Rescue Services,FRS 45 Fourth Battalion - Administration,M,162548,0,17350.49,B3
DOT,Department of Transportation,DOT 50 Highway Services,M,55517,7096.8,0,15
DGS,Department of General Services,DGS 36 Fleet Management Fleet Services,M,128198,2249.62,8335.6,N24
POL,Department of Police,POL 47 PSB 1st District Patrol,M,120811,32319.37,12807.24,P4
DOT,Department of Transportation,DOT 50 Transit Safety and Instruction,M,112166,639.06,4803.16,N21
FRS,Fire and Rescue Services,FRS 45 Station 35,M,103472,1496.02,3560.22,F3
FRS,Fire and Rescue Services,FRS 45 Field Operations Administration,M,141187,0,4375.34,B2
COR,Correction and Rehabilitation,COR 42 DS MCCF Unit 2 Security,M,109539,16836.47,3773.9,C5
SHF,Sheriff's Office,SHF 48 Attachments,M,127357,4396.76,4230.29,D1
HHS,Department of Health and Human Services,HHS 60 School Health Services,F,78880.38,0,2535.37,16
FRS,Fire and Rescue Services,FRS 45 Station 10,M,113815,71245.4,9446.37,F4
FRS,Fire and Rescue Services,FRS 45 Station 20,M,141187,111733.34,9885.76,B2
FRS,Fire and Rescue Services,FRS 45 Fifth Battalion - Administration,M,125207,0,8683.75,B1
LIB,Department of Public Libraries,LIB 71 Davis Library,F,107323,0,10083,N20
FRS,Fire and Rescue Services,FRS 45 Fire and Explosive Investigations,M,113815,58575.71,3945.78,F4
HHS,Department of Health and Human Services,HHS 60 School Health Services,F,67611.75,0,4266.23,16
DOT,Department of Transportation,DOT 50 Highway Services,M,110475.85,49486.8,0,N24
COR,Correction and Rehabilitation,COR 42 MBHS Medical and Behavioral Health Services,M,128198,84660.32,8335.6,24
FRS,Fire and Rescue Services,FRS 45 Station 22,M,110232,0,115.24,F4
FRS,Fire and Rescue Services,FRS 45 Station 35,M,141187,25849.52,14946.55,B2
FRS,Fire and Rescue Services,FRS 45 Rescue 2,M,113815,60933.49,1378.98,F4
FRS,Fire and Rescue Services,FRS 45 Station 35,M,125207,9934.19,8766.8,B1
COR,Correction and Rehabilitation,COR 42 PTS Pre-Trial Services,F,82745,0,6152.12,14
TBS,Department of Technology and Enterprise Business Solutions,TBS 34 OMC MC311 Call Center,F,79296,35.98,2536.8,13
COR,Correction and Rehabilitation,COR 42 DS MCDC Custody and Security,F,109539,52963.21,3727.13,C5
POL,Department of Police,POL 47 PSB 6th District Patrol,M,120811,15482.33,12807.24,P4
COR,Correction and Rehabilitation,COR 42 DS MCCF Unit 2 Security,M,120293,13552.85,8124.03,C6
POL,Department of Police,POL 47 PSB 5th District Patrol,M,120811,70240.61,10481.14,P4
POL,Department of Police,POL 47 FSB Special Operations Division,F,120811,0,12807.24,P4
HHS,Department of Health and Human Services,HHS 60 Office of Eligibility and Support Services,F,107323,7746.93,3433.42,20
HHS,Department of Health and Human Services,HHS 60 School Health Services,F,78880.38,0,2288.03,16
HHS,Department of Health and Human Services,HHS 60 Public Health Services Division,F,98322,0,6146.62,18
LIB,Department of Public Libraries,LIB 71 Quince Orchard Library,F,32226.13,0,1031.02,8
DOT,Department of Transportation,DOT 50 Transit Nicholson Ride On,M,93655.37,1793.67,0,T1
POL,Department of Police,POL 47 PSB 5th District Patrol,M,139532,33824.47,9690.72,A1
POL,Department of Police,POL 47 PSB 2nd District Special Assignment Team,M,120811,21325.1,8390.62,P4
DGS,Department of General Services,DGS 36 Fleet Management Fleet Services,M,102711,742.5,3285.78,19
FRS,Fire and Rescue Services,FRS 45 Station 2,M,141187,42357.71,6038.16,B2
POL,Department of Police,POL 47 PSB 3rd District Patrol,F,120811,33970.97,8390.62,P4
LIB,Department of Public Libraries,LIB 71 Kensington Park Library,M,112166,0,7293.28,21
FRS,Fire and Rescue Services,FRS 45 Station 15,M,141187,55801.96,15089.5,B2
POL,Department of Police,POL 47 PSB 2nd District Community Operations,M,120811,0,12807.24,P4
POL,Department of Police,POL 47 MSB Budget and Capital Management Division False Alarm Reduction Unit,F,112166,9355.79,5325.58,21
COR,Correction and Rehabilitation,COR 42 DS MCDC Central Processing Unit,M,97034,28882.63,3327.33,C4
DOT,Department of Transportation,DOT 50 Transit Gaithersburg Ride On,M,94797.38,22474.66,0,T1
DOT,Department of Transportation,DOT 50 Highway Services,M,112166,67115.87,7293.28,N21
DOT,Department of Transportation,DOT 50 Highway Services,M,98322,29666.45,0,N18
OCP,Office of Consumer Protection,OCP 39 Investigations,M,134086,0,4289.54,25
POL,Department of Police,POL 47 FSB Special Operations Division Tactical Operations Section,M,139532,86490.23,12105.24,A1
POL,Department of Police,POL 47 FSB Special Operations Division Tactical Operations Section,M,120811,26466.33,8390.62,P4
ABS,Alcohol Beverage Services,ABS 85 Beer Delivery Operations,M,86352,18164.82,8112.72,15
ABS,Alcohol Beverage Services,ABS 85 Olney,F,98322,312.19,7158.11,N18
FRS,Fire and Rescue Services,FRS 45 Station 24,M,113815,31281.19,0,F4
FRS,Fire and Rescue Services,FRS 45 Third Battalion - Administration,M,125207,78524.16,1492.9,B1
FRS,Fire and Rescue Services,FRS 45 Emergency Communications Center (ECC),M,103472,68401.3,0,F3
HHS,Department of Health and Human Services,HHS 60 Public Health Services Division,F,128198,0,8335.6,24
FRS,Fire and Rescue Services,FRS 45 Station 3,M,141187,82685.73,4857.88,B2
FRS,Fire and Rescue Services,FRS 45 Station 25,M,113815,19965.06,3916.11,F4
DOT,Department of Transportation,DOT 50 Transportation Technical Center,M,122603,27858.12,7971.76,N23
DOT,Department of Transportation,DOT 50 Transit Nicholson Ride On,F,94797.38,5399.67,0,T1
HHS,Department of Health and Human Services,HHS 60 Services to End and Prevent Homelessness Division,F,107323,0,6978.26,20
FRS,Fire and Rescue Services,FRS 45 First Battalion - Administration,M,162548,0,16855.95,B3
DOT,Department of Transportation,DOT 50 Transportation Management,M,153585,1394.39,11181.22,N28
POL,Department of Police,POL 47 MSB Information Management and Technology Division,M,98322,0,3145.54,18
POL,Department of Police,POL 47 FSB Security Services Division,M,86352,12026.59,5614.68,15
POL,Department of Police,POL 47 PSB 5th District Patrol,M,139532,1170.46,14791.84,A1
SHF,Sheriff's Office,SHF 48 Civil Process,F,39647.9,0,2566.74,13
DEP,Department of Environmental Protection,DEP 80 Resource Conversion,M,94134,25936.68,588.35,N17
DOT,Department of Transportation,DOT 50 Transit Gaithersburg Ride On,M,97081,23822.73,0,T1
HHS,Department of Health and Human Services,HHS 60 Behavioral Health and Crisis Services Division,F,128198,0,12707.6,24
HHS,Department of Health and Human Services,HHS 60 Office of Eligibility and Support Services,F,107323,11700.66,10638.4,20
FRS,Fire and Rescue Services,FRS 45 Station 4,M,103472,158.89,4425.24,F3
LIB,Department of Public Libraries,LIB 71 Gaithersburg Library,F,32226.13,0,1931.66,8
POL,Department of Police,POL 47 PSB 4th District Community Operations,M,115223,0,6323.63,P4
FRS,Fire and Rescue Services,FRS 45 Emergency Communications Center (ECC),M,100215,0,0,F3
DGS,Department of General Services,DGS 36 Facilities Maintenance,M,94134,12784.9,3011.4,17
FRS,Fire and Rescue Services,FRS 45 Station 7,M,113815,270.05,3877.14,F4
POL,Department of Police,POL 47 PSB 2nd District Special Assignment Team,M,139532,28689.23,14791.84,A1
FRS,Fire and Rescue Services,FRS 45 Emergency Communications Center (ECC),F,113815,20885.03,12032.33,F4
COR,Correction and Rehabilitation,COR 42 PTS Supervision,F,128198,0,12707.6,24
FIN,Department of Finance,FIN 32 Timekeeping and Payroll,F,122603,214.61,4342.72,N23
HHS,Department of Health and Human Services,HHS 60 Office of Eligibility and Support Services,F,98322,0,9715.45,18
HHS,Department of Health and Human Services,HHS 60 Child Welfare Services,M,98322,0,6393.02,18
FRS,Fire and Rescue Services,FRS 45 Station 24,M,141187,32872.29,4857.88,B2
DPS,Department of Permitting Services,DPS 75 Commercial Structural and Complex Structures,M,140274,0,4487.56,26
POL,Department of Police,POL 47 PSB 6th District Patrol,M,139532,42204.6,14791.84,A1
POL,Department of Police,POL 47 PSB 5th District Special Assignment Team,M,120811,20073.74,8390.62,P4
HHS,Department of Health and Human Services,HHS 60 Children Youth and Family Services Division,F,90149,0,2884.02,16
DOT,Department of Transportation,DOT 50 Transit Silver Spring Ride On,M,97081,10659.86,0,T1
DOT,Department of Transportation,DOT 50 Highway Services,M,98322,34387.19,0,N18
FRS,Fire and Rescue Services,FRS 45 Station 10,M,103472,51252.36,3593.95,F3
POL,Department of Police,POL 47 PSB 6th District Patrol,F,120811,0,4123.22,P4
FRS,Fire and Rescue Services,FRS 45 Station 19,M,141187,65408.57,14946.55,B2
LIB,Department of Public Libraries,LIB 71 Germantown Library,F,59472,0,5895.16,13
POL,Department of Police,POL 47 FSB Traffic Division School Safety Section,F,34964.97,53.77,2204.36,10
LIB,Department of Public Libraries,LIB 71 Kensington Park Library,F,98322,0,6067.08,18
REC,Department of Recreation,REC 72 Countywide Programs,M,112166,0,7442.75,21
DOT,Department of Transportation,DOT 50 Highway Services,M,86352,28950.57,2751.69,15
POL,Department of Police,POL 47 PSB 4th District Patrol,M,120811,7590.01,0,P4
HHS,Department of Health and Human Services,HHS 60 Child Welfare Services,F,98322,24556.19,2041.81,18
DOT,Department of Transportation,DOT 50 Transit Gaithersburg Ride On,M,94797.38,11819.25,0,T1
DOT,Department of Transportation,DOT 50 Transit Central Communication,M,98322,3089.1,3145.54,18
DOT,Department of Transportation,DOT 50 Transit Gaithersburg Ride On,M,97081,10326.02,0,T1
POL,Department of Police,POL 47 FSB Traffic Division School Safety Section,F,36063.38,0,73.26,10
POL,Department of Police,POL 47 FSB Traffic Division School Safety Section,F,34964.97,0,1783.72,10
POL,Department of Police,POL 47 FSB Traffic Division School Safety Section,F,34964.97,0,1703.49,10
DGS,Department of General Services,DGS 36 Fleet Management Fleet Services,M,94134,9651.98,3618.85,17
DOT,Department of Transportation,DOT 50 Director Management Services,F,98322,0,6524.05,18
DOT,Department of Transportation,DOT 50 Transit Silver Spring Ride On,M,67088,49.96,2146.2,9
FRS,Fire and Rescue Services,FRS 45 Special Operations,M,162548,0,17372.48,B3
HHS,Department of Health and Human Services,HHS 60 Office of Eligibility and Support Services,M,166915.54,0,0,M3
HHS,Department of Health and Human Services,HHS 60 Office of Eligibility and Support Services,F,107323,0,6305.86,20
HHS,Department of Health and Human Services,HHS 60 Children Youth and Family Services Division,F,98322,0,6393.02,18
FRS,Fire and Rescue Services,FRS 45 Station 35,M,113815,70232.82,12164.2,F4
POL,Department of Police,POL 47 PSB 2nd District Patrol,F,90149,2419.49,8936.04,16
COR,Correction and Rehabilitation,COR 42 DS MCDC Custody and Security,F,109539,11262.69,3531.63,C5
POL,Department of Police,POL 47 FSB Security Services Division,M,112166,4033.43,11118.46,21
SHF,Sheriff's Office,SHF 48 Sheriff Domestic Violence,M,116404,27223.74,4821.26,G4
ABS,Alcohol Beverage Services,ABS 85 Poolesville,M,112166,0,7293.26,N21
POL,Department of Police,POL 47 PSB 1st District Patrol,M,120811,41337.14,12807.24,P4
COR,Correction and Rehabilitation,COR 42 DS Gang Intelligence,M,120293,27067.07,4144.36,C6
POL,Department of Police,POL 47 PSB 5th District Patrol,M,120811,14227.84,12807.24,P4
POL,Department of Police,POL 47 PSB 6th District Patrol,F,120811,2961.77,2106.79,P4
POL,Department of Police,POL 47 PSB 3rd District Patrol,M,126852,7130.5,13447.62,P5
DOT,Department of Transportation,DOT 50 Transit Silver Spring Ride On,M,93655.37,24772.8,0,T1
POL,Department of Police,POL 47 PSB 1st District Patrol,M,120984,1723.42,2213.27,P5
DOT,Department of Transportation,DOT 50 Highway Administration,M,102711,17078.31,6678.42,19
CAT,County Attorney's Office,"CAT 30 Zoning, Land Use and Economic Development",M,180001.77,0,0,N32
DGS,Department of General Services,DGS 36 Fleet Management Fleet Services,M,102711,3385.84,3285.78,19
FRS,Fire and Rescue Services,FRS 45 Station 18,M,113815,0,7969.2,F4
DPS,Department of Permitting Services,DPS 75 Land Development Right-of-Way Inspection,M,122603,1694.64,3922.18,23
DGS,Department of General Services,DGS 36 Fleet Management Fleet Services,M,102711,0,3285.78,19
COR,Correction and Rehabilitation,COR 42 DS MCDC Custody and Security,M,127803,1635.2,4649.37,C1
DOT,Department of Transportation,DOT 50 Highway Services,M,112166,55916.15,10538.02,N21
SHF,Sheriff's Office,SHF 48 Administration,M,191541,0,20497.56,D4
HHS,Department of Health and Human Services,HHS 60 School Health Services,F,78880.38,0,2428.33,16
POL,Department of Police,POL 47 PSB 2nd District Patrol,F,120811,190.97,12641.09,P4
FRS,Fire and Rescue Services,FRS 45 Station 28,M,113815,55689.69,4830.47,F4
HHS,Department of Health and Human Services,HHS 60 School Health Services,F,78880.38,34.66,4562.73,16
DOT,Department of Transportation,DOT 50 Highway Services,M,112166,65650.23,10538.02,N21
POL,Department of Police,POL 47 PSB 3rd District Patrol,M,126852,21562.17,13303.08,P5
HHS,Department of Health and Human Services,HHS 60 Office of Eligibility and Support Services,F,107323,3277.28,10638.4,20
HHS,Department of Health and Human Services,HHS 60 Chief Operating Officer Division,F,76986,0,3280.09,13
SHF,Sheriff's Office,SHF 48 Child Support,M,139417,451.48,7368.2,D2
FRS,Fire and Rescue Services,FRS 45 Station 6,M,113815,0,12164.19,F4
HHS,Department of Health and Human Services,HHS 60 School Health Services,F,78880.38,277.23,5607.99,16
POL,Department of Police,POL 47 PSB 6th District Station,M,184161,1964.27,0,A2
HHS,Department of Health and Human Services,HHS 60 Public Health Services Division,F,98322,0,9746.18,18
HHS,Department of Health and Human Services,HHS 60 Child Welfare Services,F,90149,1352.61,2884.02,16
FRS,Fire and Rescue Services,FRS 45 Station 3,M,113815,94377.76,7969.2,F4
COR,Correction and Rehabilitation,COR 42 DS MCCF Unit 2 Security,M,131637,26809.65,9228.86,C1
POL,Department of Police,POL 47 FSB Traffic Division Central Traffic Enforcement,M,120811,2685.16,12807.24,P4
DOT,Department of Transportation,DOT 50 Highway Services,M,112166,56350.93,10538.02,N21
POL,Department of Police,POL 47 FSB Traffic Division School Safety Section,F,34964.97,268.83,2528.44,10
SHF,Sheriff's Office,SHF 48 Courthouse Security,F,116404,13779.63,8160.96,G4
DPS,Department of Permitting Services,DPS 75 Zoning and Code Compliance,M,179335.06,0,0,M2
POL,Department of Police,POL 47 PSB 5th District Station,M,212580,482.5,0,A3
ABS,Alcohol Beverage Services,ABS 85 Liquor and Wine Delivery Operations,M,86352,2291.02,8559.6,15
DOT,Department of Transportation,DOT 50 Transit Gaithersburg Ride On,M,97081,28325.32,0,T1
DOT,Department of Transportation,DOT 50 Transit Gaithersburg Ride On,M,97081,10297.63,0,T1
POL,Department of Police,POL 47 FSB Traffic Division School Safety Section,M,139532,20284.29,14791.84,A1
DEP,Department of Environmental Protection,DEP 80 Recycling and Refuse Services,M,112166,8381.48,11118.46,21
FRS,Fire and Rescue Services,FRS 45 Station 16,M,136743,0,0,B2
POL,Department of Police,POL 47 MSB Training and Education Division,F,120811,2315.25,12807.24,P4
LIB,Department of Public Libraries,LIB 71 Germantown Library,F,32226.13,0,1031.02,8
FRS,Fire and Rescue Services,FRS 45 Station 13,M,113815,859.64,12164.2,F4
OLO,Office of Legislative Oversight,OLO 03 Legislative Oversight Staff,F,112166,0,2499.3,N21
FRS,Fire and Rescue Services,FRS 45 Station 13,M,103472,0,11058.74,F3
FRS,Fire and Rescue Services,FRS 45 Fleet Operations,M,122603,2836.22,3922.18,23
FRS,Fire and Rescue Services,FRS 45 Station 14,M,106504,0,0,F4
FRS,Fire and Rescue Services,FRS 45 Station 13,M,103472,32.19,2885.71,F3
COR,Correction and Rehabilitation,COR 42 DS Food Services,F,117252,12910.74,7623.88,N22
SHF,Sheriff's Office,SHF 48 Sheriff Domestic Violence,F,98322,23793.24,0,N18
POL,Department of Police,POL 47 MSB Information Management and Technology Division,M,126852,43799.26,13447.62,P5
FRS,Fire and Rescue Services,FRS 45 Station 22,M,136743,0,142.95,B2
HHS,Department of Health and Human Services,HHS 60 Behavioral Health and Crisis Services Division,M,170167.69,0,0,M3
DOT,Department of Transportation,DOT 50 Transit Gaithersburg Ride On,F,93655.74,20717.88,0,T1
DPS,Department of Permitting Services,DPS 75 Land Development Sediment and Stormwater Inspection,M,122603,0,3922.18,23
POL,Department of Police,POL 47 MSB Information Management and Technology Division Crime Analysis Section,M,117252,0,3751.04,22
HHS,Department of Health and Human Services,HHS 60 Behavioral Health and Crisis Services Division,F,128198,0,5093.88,24
FRS,Fire and Rescue Services,FRS 45 Station 17,M,141187,2057.01,14227.18,B2
FRS,Fire and Rescue Services,FRS 45 Station 20,M,141187,160740.04,9885.72,B2
FRS,Fire and Rescue Services,FRS 45 Station 18,M,103472,66188.32,11058.74,F3
DOT,Department of Transportation,DOT 50 Transit Management Services,F,120293.78,0,11825.62,18
DOT,Department of Transportation,DOT 50 Transit Gaithersburg Ride On,M,94797.38,21324.9,0,T1
HHS,Department of Health and Human Services,HHS 60 Office of Eligibility and Support Services,F,90149,0,8936.04,16
DOT,Department of Transportation,DOT 50 Transit Gaithersburg Ride On,M,94797.38,4639.13,0,T1
POL,Department of Police,POL 47 PSB 6th District Patrol,M,139532,71149.36,14791.84,A1
POL,Department of Police,POL 47 PSB 4th District Patrol,F,115223,0,120.45,P4
ABS,Alcohol Beverage Services,ABS 85 Fallsgrove,F,38009.28,326.8,3541.47,12
FRS,Fire and Rescue Services,FRS 45 Duty Operations Chief's Office,M,178789,0,19289.2,B4
OHR,Office of Human Resources,OHR 33 Recruitment and Selection,F,121263.49,0,1880.14,N25
POL,Department of Police,POL 47 PSB 4th District Patrol,F,90149,13957.56,8936.04,16
HHS,Department of Health and Human Services,HHS 60 School Health Services,F,78880.38,138.62,5214.7,16
FRS,Fire and Rescue Services,FRS 45 Emergency Communications Center (ECC),M,113815,1354.73,6566.49,F4
DEP,Department of Environmental Protection,DEP 80 Stormwater BMP Inspection and Maintenance,M,134086,0,7064.79,N25
LIB,Department of Public Libraries,LIB 71 Kensington Park Library,F,128198,0,4101.12,24
FRS,Fire and Rescue Services,FRS 45 Station 34,M,103472,53946.42,3593.99,F3
DPS,Department of Permitting Services,DPS 75 Commercial Bldg/LS/Access/FPS,M,128198,31309.59,8335.6,24
ABS,Alcohol Beverage Services,ABS 85 Stock Liquor and Wine Warehouse Operations,M,79296,4933.98,2536.76,13
ABS,Alcohol Beverage Services,ABS 85 Walnut Hill,F,94978.61,385.52,0,N18
COR,Correction and Rehabilitation,COR 42 DS MCCF Unit 1 Security,F,131637,24536.81,9228.86,C1
ABS,Alcohol Beverage Services,ABS 85 Cabin John,M,82745,668.43,7559.82,14
HHS,Department of Health and Human Services,HHS 60 Child Welfare Services,F,98322,1861.17,6393.02,18
FRS,Fire and Rescue Services,FRS 45 Station 14,F,96826,0,0,F3
SHF,Sheriff's Office,SHF 48 Administration,M,139417,11374.21,4803.1,D2
CCL,County Council,CCL 01 Council Central Staff,F,94134,34.03,2211.72,N17
POL,Department of Police,POL 47 MSB Communications Division,F,119032,0,45.37,N23
DOT,Department of Transportation,DOT 50 Transit Silver Spring Ride On,M,103361.53,7503.73,0,T2
DGS,Department of General Services,DGS 36 Facilities Maintenance,F,64452,556.69,4963.73,8
FRS,Fire and Rescue Services,FRS 45 Station 6,M,103472,56260.45,3593.99,F3
TBS,Department of Technology and Enterprise Business Solutions,TBS 34 OBP Data Center Management,M,153585,0,14429.2,N28
FRS,Fire and Rescue Services,FRS 45 Station 28,M,113815,0,2946.76,F4
ABS,Alcohol Beverage Services,ABS 85 Kensington,M,112166,0,0,N21
HHS,Department of Health and Human Services,HHS 60 Behavioral Health and Crisis Services Division,F,64099,2212.23,2171.1,24
FRS,Fire and Rescue Services,FRS 45 Station 29,M,125207,99891.14,13381.58,B1
DOT,Department of Transportation,DOT 50 Transit Gaithersburg Ride On,M,97081,5186.38,0,T1
DGS,Department of General Services,DGS 36 Facilities Maintenance,M,94134,19333.74,9330.92,17
DOT,Department of Transportation,DOT 50 Transportation Construction Section,M,122603,366.05,8135.14,23
DOT,Department of Transportation,DOT 50 Transit Silver Spring Ride On,M,97081,19794.3,0,T1
DPS,Department of Permitting Services,DPS 75 Land Development Right-of-Way Inspection,M,173427.21,0,0,M3
DOT,Department of Transportation,DOT 50 Transit Gaithersburg Ride On,M,103932.36,6751.25,0,T2
FRS,Fire and Rescue Services,FRS 45 Station 8,M,113815,57070.47,12164.2,F4
HHS,Department of Health and Human Services,HHS 60 School Health Services,F,78880.38,0,5081.66,16
HCA,Department of Housing and Community Affairs,HCA 76 Housing Landlord and Tenant Mediation,F,134086,0,4289.54,25
DEP,Department of Environmental Protection,DEP 80 Environmental Compliance Group,M,128198,1218.71,4101.12,24
SHF,Sheriff's Office,SHF 48 Court and Transport,F,116404,3765.76,4010.36,G4
DGS,Department of General Services,DGS 36 Fleet Management Fleet Services,M,102711,3879.22,6678.42,19
FRS,Fire and Rescue Services,FRS 45 Admin Services,F,112166,3799.7,3588.34,N21
ABS,Alcohol Beverage Services,ABS 85 Kingsview,F,98322,0,0,N18
POL,Department of Police,POL 47 PSB 6th District Special Assignment Team,M,120811,30441.55,8390.62,P4
POL,Department of Police,POL 47 PSB 2nd District Special Assignment Team,M,120811,25540.33,8390.62,P4
POL,Department of Police,POL 47 FSB Special Operations Division Canine Section,M,120811,58194.69,12807.24,P4
DOT,Department of Transportation,DOT 50 Transit Gaithersburg Ride On,M,97081,15941.43,0,T1
DOT,Department of Transportation,DOT 50 Transportation System Engineering,M,98322,10510.08,3145.54,18
COR,Correction and Rehabilitation,COR 42 DS MCCF Unit 2 Security,F,131637,28458.17,10557.67,C1
DOT,Department of Transportation,DOT 50 Transit Gaithersburg Ride On,M,97081,29147.89,0,T1
LIB,Department of Public Libraries,LIB 71 Connie Morella Library,M,57576,0,5707.26,5
COR,Correction and Rehabilitation,COR 42 DS MCDC Custody and Security,F,131637,1430.8,7294.59,C1
FRS,Fire and Rescue Services,FRS 45 Station 20,M,136743,0,0,B2
DOT,Department of Transportation,DOT 50 Transit Gaithersburg Ride On,M,93655.37,21721.05,0,T1
FRS,Fire and Rescue Services,FRS 45 Fifth Battalion - Administration,M,157431,0,164.58,B3
ABS,Alcohol Beverage Services,ABS 85 Beer Warehouse Operations,M,79296,909.06,7860.22,13
DGS,Department of General Services,DGS 36 Fleet Automotive Heavy Equipment,M,102711,16390.47,10181.2,19
DOT,Department of Transportation,DOT 50 Transit Gaithersburg Ride On,M,103932.36,13896.84,0,T2
DGS,Department of General Services,DGS 36 Facilities Maintenance,M,98322,16411.82,9746.18,18
FRS,Fire and Rescue Services,FRS 45 Station 14,M,110232,0,115.24,F4
DEP,Department of Environmental Protection,DEP 80 Environmental Compliance Group,M,140274,0,13178.66,N26
FRS,Fire and Rescue Services,FRS 45 Station 34,M,98543,555.4,2748.24,F2
DOT,Department of Transportation,DOT 50 Transit Silver Spring Ride On,F,97081,13921.34,0,T1
DOT,Department of Transportation,DOT 50 Highway Administration,M,117252,12685.56,11622.56,22
TBS,Department of Technology and Enterprise Business Solutions,TBS 34 CIO Enterprise Information Security Office,M,181336,0,5801.02,N32
DOT,Department of Transportation,DOT 50 Transit Gaithersburg Ride On,M,112166,5987.04,0,N21
OCP,Office of Consumer Protection,OCP 39 Investigations,F,134086,0,13291.28,25
HHS,Department of Health and Human Services,HHS 60 Public Health Services Division,M,112166,0,11118.46,21
FRS,Fire and Rescue Services,FRS 45 Training,M,113815,26762.18,3916.1,F4
FRS,Fire and Rescue Services,FRS 45 First Battalion - Administration,M,125207,31745.93,4267.33,B1
FRS,Fire and Rescue Services,FRS 45 Station 40,M,141187,19052.82,11736.79,B2
DGS,Department of General Services,DGS 36 Facilities Maintenance,M,76018,27094.92,7535.32,12
POL,Department of Police,POL 47 FSB Security Services Division,M,112166,11495.9,5909.88,21
ABS,Alcohol Beverage Services,ABS 85 Stock Liquor and Wine Warehouse Operations,M,61271.22,10056.48,0,13
POL,Department of Police,POL 47 PSB 1st District Patrol,F,120811,50942.86,8390.62,P4
POL,Department of Police,POL 47 FSB Traffic Division School Safety Section,F,35932.36,0,695.15,10
POL,Department of Police,POL 47 PSB 4th District Community Operations,M,120811,0,12807.24,P4
POL,Department of Police,POL 47 CRB Policy and Planning Division,F,120811,0,12807.24,P4
HHS,Department of Health and Human Services,HHS 60 Behavioral Health and Crisis Services Division,M,98322,0,6269.82,18
HHS,Department of Health and Human Services,HHS 60 Behavioral Health and Crisis Services Division,M,122603,0,7971.76,23
POL,Department of Police,POL 47 FSB Security Services Division,M,86352,8098.54,5614.68,15
FRS,Fire and Rescue Services,FRS 45 Station 19,M,103472,78519.32,10625.21,F3
POL,Department of Police,POL 47 PSB 4th District Station,F,90149,0,4735.61,16
POL,Department of Police,POL 47 PSB 1st District Patrol,M,120811,1017.89,12769.35,P4
ABS,Alcohol Beverage Services,ABS 85 Beer Warehouse Operations,M,79296,7.56,7860.22,13
HHS,Department of Health and Human Services,HHS 60 Services to End and Prevent Homelessness Division,F,117252,0,8717.56,22
ABS,Alcohol Beverage Services,ABS 85 Burtonsville,F,111938.85,3670.69,0,N21
DGS,Department of General Services,DGS 36 Fleet Management Fleet Services,M,102711,6029.16,3285.78,19
POL,Department of Police,POL 47 FSB Traffic Division School Safety Section,F,34964.97,0,1349.39,10
DOT,Department of Transportation,DOT 50 Transit Gaithersburg Ride On,F,97081,7541.11,0,T1
FRS,Fire and Rescue Services,FRS 45 Station 6,M,103472,133.55,11058.74,F3
OAG,Office of Agriculture,OAG 78 Soil Conservation,F,90149,0,5861.66,N16
REC,Department of Recreation,REC 72 Facilities Division,F,108899,0,84.36,21
COR,Correction and Rehabilitation,COR 42 DS MCDC Custody and Security,M,120293,55462.19,8414.46,C6
ABS,Alcohol Beverage Services,ABS 85 Wholesale Operations,M,112166,0,6168.88,21
FRS,Fire and Rescue Services,FRS 45 Station 14,M,113815,25917.05,12048.92,F4
HHS,Department of Health and Human Services,HHS 60 School Health Services,F,78880.38,0,7818.92,16
LIB,Department of Public Libraries,LIB 71 Marilyn J Praisner Library,F,39647.9,0,3960.05,13
POL,Department of Police,POL 47 FSB Traffic Division School Safety Section,F,34964.97,0,1986.59,10
COR,Correction and Rehabilitation,COR 42 PTS Supervision,M,128198,0,12707.6,24
DOT,Department of Transportation,DOT 50 Highway Services,M,86352,38189.5,5614.68,15
FRS,Fire and Rescue Services,FRS 45 Station 30,M,110232,0,0,F4
HHS,Department of Health and Human Services,HHS 60 School Health Services,F,78880.38,0,2523.54,16
FRS,Fire and Rescue Services,FRS 45 Station 33,M,113815,27836.64,12164.2,F4
DGS,Department of General Services,DGS 36 Fleet Automotive Heavy Equipment,M,102711,7123.99,3285.78,19
DOT,Department of Transportation,DOT 50 Highway Services,M,86352,7271.42,5552.98,15
POL,Department of Police,POL 47 FSB Traffic Division School Safety Section,F,34964.9,0,600.59,10
ABS,Alcohol Beverage Services,ABS 85 Wheaton,M,112166,2530.21,0,N21
FRS,Fire and Rescue Services,FRS 45 Fourth Battalion - Administration,M,160741.57,0,5409.55,B3
DOT,Department of Transportation,DOT 50 Transit Gaithersburg Ride On,M,93655.74,24571.8,0,T1
FRS,Fire and Rescue Services,FRS 45 Station 3,F,103472,10193.37,0,F3
COR,Correction and Rehabilitation,COR 42 DS MCDC Custody and Security,F,131637,27465.15,4535.22,C1
COR,Correction and Rehabilitation,COR 42 DS MCDC Central Processing Unit,M,97034,15444.57,6095.33,C4
FRS,Fire and Rescue Services,FRS 45 Third Battalion - Administration,M,141187,57166.88,1710.57,B2
FRS,Fire and Rescue Services,FRS 45 Station 17,M,113815,51319.28,6586.89,F4
ABS,Alcohol Beverage Services,ABS 85 Montrose,F,112166,0,0,N21
ABS,Alcohol Beverage Services,ABS 85 Beer Warehouse Operations,M,76018,10751.55,4942.82,12
POL,Department of Police,POL 47 FSB Special Operations Division Canine Section,M,139532,53483.36,14791.84,A1
POL,Department of Police,POL 47 PSB 4th District Station,F,102711,2007.17,9649.64,N19
HCA,Department of Housing and Community Affairs,HCA 76 Housing Code Enforcement,M,122603,10449.27,4871.56,23
DOT,Department of Transportation,DOT 50 Transit Gaithersburg Ride On,M,104502.77,9205.19,0,T2
FRS,Fire and Rescue Services,FRS 45 Station 13,M,113815,1208.36,3916.1,F4
DPS,Department of Permitting Services,DPS 75 Land Development Right-of-Way Inspection,M,112166,11481,3588.34,21
FRS,Fire and Rescue Services,FRS 45 Station 32,M,113815,4846.36,12164.2,F4
COR,Correction and Rehabilitation,COR 42 DS MCCF Case Managers Unit 1,M,113837,0,1984.14,22
FRS,Fire and Rescue Services,FRS 45 Station 29,M,141187,60573.75,15089.5,B2
FRS,Fire and Rescue Services,FRS 45 Technology Services,M,178789,0,19108.18,B4
FRS,Fire and Rescue Services,FRS 45 Fleet Support,M,94134,15943.01,3011.4,17
DGS,Department of General Services,DGS 36 Facilities Maintenance,M,102711,712.4,10181.2,19
HHS,Department of Health and Human Services,HHS 60 School Health Services,F,78880.38,0,5883.5,16
HHS,Department of Health and Human Services,HHS 60 Child Welfare Services,F,90149,138.62,4619.1,16
DPS,Department of Permitting Services,DPS 75 Commercial Bldg/LS/Access/FPS,F,128198,2350.84,8335.6,24
FRS,Fire and Rescue Services,FRS 45 Station 6,M,125207,10723.52,12856.97,B1
COR,Correction and Rehabilitation,COR 42 DO Information Technology and Data Analytics Services,F,174641.65,0,0,M3
DOT,Department of Transportation,DOT 50 Transit Nicholson Ride On,M,107358,3596.06,0,T2
POL,Department of Police,POL 47 PSB 1st District Station,M,174813.48,4776,0,A2
DGS,Department of General Services,DGS 36 Fleet Management Fleet Services,M,102711,6771.66,3285.78,19
DOT,Department of Transportation,DOT 50 Transit Gaithersburg Ride On,M,95939.38,39433.72,0,T1
POL,Department of Police,POL 47 MSB Information Mgmt and Tech Division Warrant Control Section,F,90149,4010.8,8936.04,16
HHS,Department of Health and Human Services,HHS 60 Office of Eligibility and Support Services,M,79296,0,2536.8,13
DOT,Department of Transportation,DOT 50 Transit Central Communication,M,98322,234,0,18
COR,Correction and Rehabilitation,COR 42 MBHS Medical and Behavioral Health Services,F,98322,6361.46,3145.54,18
FRS,Fire and Rescue Services,FRS 45 Emergency Medical And Integrated Healthcare Services,M,162548,0,9407.25,B3
POL,Department of Police,POL 47 FSB Special Operations Division Tactical Operations Section,M,120811,31138.12,12807.24,P4
POL,Department of Police,POL 47 CRB Community Engagement Division Crisis Response & Support Section,M,120811,373.33,8390.62,P4
DGS,Department of General Services,DGS 36 Fleet Management Fleet Services,M,94134,1361.03,3011.4,17
FRS,Fire and Rescue Services,FRS 45 Station 33,M,103472,12365.33,6546.93,F3
DEP,Department of Environmental Protection,DEP 80 Waste Reduction and Recycling,M,112166,12963.74,11118.46,21
DOT,Department of Transportation,DOT 50 Highway Services,M,90149,22416.45,2884.02,16
HHS,Department of Health and Human Services,HHS 60 Child Welfare Services,F,98322,5817.98,6393.02,18
CEC,Community Engagement Cluster,CEC 16 Wheaton Urban District,M,69930,1598.52,2237.22,10
COR,Correction and Rehabilitation,COR 42 DS MCDC Custody and Security,M,120293,62062.1,12872.9,C6
HHS,Department of Health and Human Services,HHS 60 School Health Services,F,78880.38,34.66,4307.71,16
ABS,Alcohol Beverage Services,ABS 85 Purchasing,M,112166,0,11118.46,21
HHS,Department of Health and Human Services,HHS 60 Chief Operating Officer Division,F,162977.85,0,0,M3
DOT,Department of Transportation,DOT 50 Highway Services,M,76018,23142.29,1601.66,12
REC,Department of Recreation,REC 72 Facilities Division,M,151216.99,0,0,M3
POL,Department of Police,POL 47 PSB 4th District Patrol,F,120811,55803.01,12807.24,P4
POL,Department of Police,POL 47 PSB 4th District Patrol,M,120811,18920.83,8390.62,P4
DOT,Department of Transportation,DOT 50 Transit Nicholson Ride On,M,93655.37,12530.53,0,T1
SHF,Sheriff's Office,SHF 48 Administration,F,127357,9747.71,8928.9,D1
POL,Department of Police,POL 47 PSB 1st District Patrol,M,139532,2775.76,9690.72,A1
REC,Department of Recreation,REC 72 Aquatic Team Management,F,112166,3873.05,11118.46,21
DOT,Department of Transportation,DOT 50 Transit Gaithersburg Ride On,M,152608.11,0,0,M3
HCA,Department of Housing and Community Affairs,HCA 76 Housing Code Enforcement,F,122603,0,5346.25,23
COR,Correction and Rehabilitation,COR 42 DS MCCF Unit 3 Security,M,127803,0,1870.44,C1
POL,Department of Police,POL 47 FSB Traffic Division School Safety Section,F,36062.88,0,259.25,10
DEP,Department of Environmental Protection,DEP 80 Monitoring and Planning,M,117252,0,11622.56,22
DGS,Department of General Services,DGS 36 Fleet Management Services,M,122603,0,12153,23
HCA,Department of Housing and Community Affairs,HCA 76 Housing Code Enforcement,M,112166,0,11118.46,21
DEP,Department of Environmental Protection,DEP 80 Monitoring and Planning,F,133274.33,0,0,N25
FRS,Fire and Rescue Services,FRS 45 Technology Services,F,168264,0,4157.64,N30
HHS,Department of Health and Human Services,HHS 60 School Health Services,F,76582.63,0,0,16
DOT,Department of Transportation,DOT 50 Transit Gaithersburg Ride On,F,94797.38,1412.52,0,T1
HHS,Department of Health and Human Services,HHS 60 School Health Services,F,78880.38,0,2523.54,16
FRS,Fire and Rescue Services,FRS 45 Station 26,M,113815,2242.34,7969.2,F4
FRS,Fire and Rescue Services,FRS 45 Station 15,M,103472,45656.21,3402.28,F3
HHS,Department of Health and Human Services,HHS 60 Aging & Disability Services Division,F,128198,0,8335.6,24
DOT,Department of Transportation,DOT 50 Transit Operations and Planning,M,98322,0,9031.02,18
CCL,County Council,CCL 01 Council Central Staff,F,180539.78,0,186.39,M2
FRS,Fire and Rescue Services,FRS 45 Station 40,M,113815,19355.82,3916.08,F4
DOT,Department of Transportation,DOT 50 Transit Nicholson Ride On,M,93655.37,3440.43,0,T1
HHS,Department of Health and Human Services,HHS 60 School Health Services,F,78880.38,0,2446.96,16
LIB,Department of Public Libraries,LIB 71 Quince Orchard Library,M,93200.56,0,0,N20
LIB,Department of Public Libraries,LIB 71 Olney Library,F,90149,0,2884.02,16
DOT,Department of Transportation,DOT 50 Transit Gaithersburg Ride On,M,95939.38,33104.53,0,T1
HHS,Department of Health and Human Services,HHS 60 Behavioral Health and Crisis Services Division,F,128198,0,8335.6,24
POL,Department of Police,POL 47 FSB Traffic Division Alcohol Initiatives Section,M,139532,19664.93,9690.72,A1
OAS,Office of Animal Services,OAS 38 Animal Services Division,F,107577.05,0,0,N21
POL,Department of Police,POL 47 PSB 2nd District Patrol,F,90149,32695.65,2884.02,16
DOT,Department of Transportation,DOT 50 Transit Gaithersburg Ride On,M,94797,6532.46,0,T1
HHS,Department of Health and Human Services,HHS 60 Office of Eligibility and Support Services,F,107323,14693.64,6978.26,20
COR,Correction and Rehabilitation,COR 42 DS Food Services,M,98322,13974.84,3145.54,18
POL,Department of Police,POL 47 PSB 5th District Patrol,F,90149,3670.34,8936.04,16
ABS,Alcohol Beverage Services,ABS 85 Kingsview,M,82745,503.48,3822,14
HHS,Department of Health and Human Services,HHS 60 School Health Services,F,78880.38,0,3767.08,16
HHS,Department of Health and Human Services,HHS 60 School Health Services,F,78880.38,0,5037.18,16
DOT,Department of Transportation,DOT 50 Transit Gaithersburg Ride On,M,93655.37,9485.25,0,T1
HHS,Department of Health and Human Services,HHS 60 School Health Services,F,78880.38,0,2833.19,16
HHS,Department of Health and Human Services,HHS 60 Office of Eligibility and Support Services,F,128198,0,0,N24
FRS,Fire and Rescue Services,FRS 45 Station 1,M,141187,10486.77,5992.14,B2
DPS,Department of Permitting Services,DPS 75 Land Development Right-of-Way Plan Review,M,128198,18075.09,4101.12,24
HHS,Department of Health and Human Services,HHS 60 Behavioral Health and Crisis Services Division,F,107323,0,6978.26,20
FRS,Fire and Rescue Services,FRS 45 Station 28,M,103472,5755.38,1253.64,F3
ABS,Alcohol Beverage Services,ABS 85 Aspen Hill,M,112166,0,0,N21
REC,Department of Recreation,REC 72 Facilities Division,F,112166,0,8489.04,21
FRS,Fire and Rescue Services,FRS 45 Fire and Rescue Occupational Medical Services,M,141187,31513.55,9885.76,B2
HCA,Department of Housing and Community Affairs,HCA 76 Housing Code Enforcement,F,122603,0,3922.18,23
REC,Department of Recreation,REC 72 Countywide Programs,F,112166,518.66,11118.46,21
FRS,Fire and Rescue Services,FRS 45 Station 6,M,103472,36210.12,1253.64,F3
CAT,County Attorney's Office,CAT 30 Insurance Defense Litigation,F,200829,0,0,M2
POL,Department of Police,POL 47 MSB Communications Division,M,134086,0,8718.54,N25
DOT,Department of Transportation,DOT 50 Transit COS Taxicab Regulation,F,79296,0,2536.8,13
FRS,Fire and Rescue Services,FRS 45 Fire and Explosive Investigations,M,136743,0,0,B2
FRS,Fire and Rescue Services,FRS 45 Station 13,M,103472,8930.36,3560.22,F3
LIB,Department of Public Libraries,LIB 71 Rockville Library,F,54449.86,0,13.62,21
POL,Department of Police,POL 47 FSB Traffic Division School Safety Section,F,34964.97,0,587.57,10
POL,Department of Police,POL 47 PSB 1st District Station,F,139532,0,14791.84,A1
DOT,Department of Transportation,DOT 50 Transit Gaithersburg Ride On,M,97081,16704.11,0,T1
LIB,Department of Public Libraries,LIB 71 Rockville Library,F,90149,0,5861.66,16
COR,Correction and Rehabilitation,COR 42 DS MCCF Unit 1 Security,M,97034,10087.56,3343.04,C4
DOT,Department of Transportation,DOT 50 Transportation Engineering Administration,F,112166,0,6056.98,21
DOT,Department of Transportation,DOT 50 Parking Management Engineering and Capital Project Management,M,76018,2050.51,5863.37,12
HHS,Department of Health and Human Services,HHS 60 Behavioral Health and Crisis Services Division,F,128198,0,12707.6,24
HHS,Department of Health and Human Services,HHS 60 Office of Eligibility and Support Services,F,107323,958.98,3433.42,20
DOT,Department of Transportation,DOT 50 Highway Services,M,95458,4459.04,1709.58,N18
FRS,Fire and Rescue Services,FRS 45 Second Battalion - Administration,M,125207,47769.14,3487.36,B1
DOT,Department of Transportation,DOT 50 Transit Nicholson Ride On,M,93655.37,25168.83,0,T1
CEX,Offices of the County Executive,CEX 15 County Executive's Office,F,216000,0,0,EX3
FRS,Fire and Rescue Services,FRS 45 Fifth Battalion - Administration,M,162548,0,17207.86,B3
HHS,Department of Health and Human Services,HHS 60 Director's Office Division,F,112166,0,0,N21
HHS,Department of Health and Human Services,HHS 60 Office of Eligibility and Support Services,F,117252,1219.89,11622.56,22
ABS,Alcohol Beverage Services,ABS 85 Leisure World,M,112166,0,0,N21
FRS,Fire and Rescue Services,FRS 45 Station 4,M,113815,43578.54,3879.01,F4
COR,Correction and Rehabilitation,COR 42 DS Food Services,M,98322,14309.11,1229.1,18
POL,Department of Police,POL 47 FSB Traffic Division Automated Traffic Enforcement Section,M,86352,0,2762.48,15
DEP,Department of Environmental Protection,DEP 80 Monitoring and Planning,M,134086,0,13291.28,25
DEP,Department of Environmental Protection,DEP 80 Design and Construction,M,146770,0,0,27
DOT,Department of Transportation,DOT 50 Transit Gaithersburg Ride On,F,97081,26134.56,0,T1
POL,Department of Police,POL 47 PSB 2nd District Patrol,M,120811,607.78,12641.09,P4
COR,Correction and Rehabilitation,COR 42 DS MCDC Custody and Security,M,109539,70156.1,3773.9,C5
TBS,Department of Technology and Enterprise Business Solutions,TBS 34 OPS Public Safety Data Systems,M,174641.65,0,0,M3
ABS,Alcohol Beverage Services,ABS 85 Stock Liquor and Wine Warehouse Operations,M,107323,1762.32,0,N20
COR,Correction and Rehabilitation,COR 42 DS MCCF Case Managers Unit 1,F,128198,0,4101.12,24
DGS,Department of General Services,DGS 36 Fleet Management Fleet Services,M,102711,6427.44,10181.2,19
FRS,Fire and Rescue Services,FRS 45 Station 29,M,113815,18803.09,3916.1,F4
HHS,Department of Health and Human Services,HHS 60 School Health Services,F,78880.38,0,4524.08,16
COR,Correction and Rehabilitation,COR 42 MBHS Medical and Behavioral Health Services,F,128198,4564.39,8335.6,24
DOT,Department of Transportation,DOT 50 Transit Gaithersburg Ride On,M,93655.37,17686.71,0,T1
POL,Department of Police,POL 47 FSB Traffic Division Collision Reconstruction,M,139532,53070.92,9690.72,A1
TBS,Department of Technology and Enterprise Business Solutions,TBS 34 CIO Integrated Justice Information Systems,M,153585,0,0,N28
HHS,Department of Health and Human Services,HHS 60 Services to End and Prevent Homelessness Division,F,128198,0,4101.12,24
LIB,Department of Public Libraries,LIB 71 Director's Office,F,112166,0,0,N21
POL,Department of Police,POL 47 FSB Traffic Division School Safety Section,F,34964.97,0,1139.69,10
POL,Department of Police,POL 47 CRB Community Engagement Division Community Engagement Section,M,120811,6344.41,12807.24,P4
OHR,Office of Human Resources,OHR 33 Equal Employment Opportunity & Diversity,F,134086,0,0,N25
POL,Department of Police,POL 47 FSB Traffic Division School Safety Section,F,34964.97,0,1233.29,10
POL,Department of Police,POL 47 FSB Traffic Division School Safety Section,F,34964.97,53.78,1566.15,10
CAT,County Attorney's Office,CAT 30 Finance and Procurement,F,90149,0,8469.52,N16
POL,Department of Police,POL 47 FSB Traffic Division Collision Reconstruction,F,120811,18431.2,12807.24,P4
FRS,Fire and Rescue Services,FRS 45 Station 17,M,113815,34976.58,3916.1,F4
FRS,Fire and Rescue Services,FRS 45 Station 31,M,141187,38018.78,9885.73,B2
DOT,Department of Transportation,DOT 50 Transit Services Information Technology,M,174641.65,0,0,M3
DPS,Department of Permitting Services,DPS 75 Land Development Sediment Stormwater Plan Review,M,174641.65,0,0,M3
DOT,Department of Transportation,DOT 50 Transit Gaithersburg Ride On,M,95939.35,8772.83,0,T1
HHS,Department of Health and Human Services,HHS 60 Child Welfare Services,F,154738.8,0,0,M3
POL,Department of Police,POL 47 PSB 5th District Special Assignment Team,M,120811,32754.77,8390.62,P4
HHS,Department of Health and Human Services,HHS 60 Office of Eligibility and Support Services,F,39647.9,0,2429.04,13
DOT,Department of Transportation,DOT 50 Transportation Construction Section,M,122603,17611.42,3811.25,23
COR,Correction and Rehabilitation,COR 42 DS MCCF Unit 1 Security,F,120293,17770.3,7609.79,C6
FRS,Fire and Rescue Services,FRS 45 Station 23,M,103472,0,3560.22,F3
POL,Department of Police,POL 47 FSB Special Operations Division Tactical Operations Section,M,139532,74261.31,7094.98,A1
CUS,Community Use of Public Facilities,CUS 70 Core Services Team,F,98322,226.77,6393.02,18
POL,Department of Police,POL 47 PSB 5th District Community Operations,M,120811,30629.56,12807.24,P4
POL,Department of Police,POL 47 MSB Communications Division,F,112166,10130.53,7161.83,21
DOT,Department of Transportation,DOT 50 Transit Gaithersburg Ride On,M,97081,12091.19,0,T1
ABS,Alcohol Beverage Services,ABS 85 Beer Loading,M,79296,0,7860.22,13
HHS,Department of Health and Human Services,HHS 60 Chief Operating Officer Division,M,140274,0,9120.82,26
DOT,Department of Transportation,DOT 50 Transit Gaithersburg Ride On,M,97081,32431.88,0,T1
POL,Department of Police,POL 47 FSB Security Services Division,F,98322,9168.23,3145.54,18
ABS,Alcohol Beverage Services,ABS 85 Beer Delivery Operations,M,86352,11359.06,2762.48,15
HHS,Department of Health and Human Services,HHS 60 Public Health Services Division,F,82745,0,5380.3,14
FRS,Fire and Rescue Services,FRS 45 Station 14,M,113815,43298.64,12164.15,F4
DPS,Department of Permitting Services,DPS 75 Residential Inspections,M,112166,0,10249.56,21
HHS,Department of Health and Human Services,HHS 60 Child Welfare Services,F,107323,0,3433.42,20
SHF,Sheriff's Office,SHF 48 Court and Transport,F,112701,15225.24,0,G4
HHS,Department of Health and Human Services,HHS 60 Office of Eligibility and Support Services,M,122603,0,7971.76,N23
DOT,Department of Transportation,DOT 50 Highway Services,M,98322,43905.93,0,N18
DGS,Department of General Services,DGS 36 ADA Compliance,M,122603,0,7971.76,23
POL,Department of Police,POL 47 FSB Special Operations Division Tactical Operations Section,M,120811,4868.04,12807.24,P4
FRS,Fire and Rescue Services,FRS 45 Emergency Communications Center (ECC),M,141187,24983.39,11747.23,B2
POL,Department of Police,POL 47 FSB Special Operations Division Canine Section,M,115223,18011.89,4275.98,P4
DOT,Department of Transportation,DOT 50 Transit Silver Spring Ride On,M,103932.36,23601.42,0,T2
DOT,Department of Transportation,DOT 50 Transit Nicholson Ride On,M,93655.37,7289.09,0,T1
LIB,Department of Public Libraries,LIB 71 Connie Morella Library,F,32226.13,0,1035.05,8
DGS,Department of General Services,DGS 36 Fleet Management Fleet Services,M,102711,6029.16,3285.78,19
TBS,Department of Technology and Enterprise Business Solutions,TBS 34 ODT Web Solutions Team,M,174641.65,0,0,M3
DPS,Department of Permitting Services,DPS 75 Zoning and Site Plan Compliance,M,112166,2056.37,3588.34,21
POL,Department of Police,POL 47 PSB 4th District Patrol,M,120811,869.37,12807.24,P4
HHS,Department of Health and Human Services,HHS 60 School Health Services,F,78880.38,0,5137.49,16
COR,Correction and Rehabilitation,COR 42 DS MCDC Custody and Security,F,120293,25010.32,8554.67,C6
COR,Correction and Rehabilitation,COR 42 DS MCDC Central Processing Unit,M,106349,5134.96,3204.74,C5
POL,Department of Police,POL 47 FSB Traffic Division School Safety Section,F,35932.36,0,607.63,10
DGS,Department of General Services,DGS 36 Fleet Automotive Heavy Equipment,M,102711,20252.98,3285.78,19
ABS,Alcohol Beverage Services,ABS 85 Liquor and Wine Delivery Operations,M,79295.81,1877.52,2412.05,10
POL,Department of Police,POL 47 PSB 5th District Patrol,M,120811,0,12807.24,P4
SHF,Sheriff's Office,SHF 48 Child Support,M,127357,3118.24,8928.9,D1
HHS,Department of Health and Human Services,HHS 60 Behavioral Health and Crisis Services Division,F,140274,30928.92,3125.64,N26
HHS,Department of Health and Human Services,HHS 60 Behavioral Health and Crisis Services Division,M,140274,16523.45,0,N26
POL,Department of Police,POL 47 FSB Special Operations Division,M,139532,49641.32,14791.84,A1
TBS,Department of Technology and Enterprise Business Solutions,TBS 34 CIO Device Client Management,M,153585,0,9986.28,N28
FRS,Fire and Rescue Services,FRS 45 Station 2,M,113815,30977.2,3953.2,F4
COR,Correction and Rehabilitation,COR 42 DS Food Services,F,98322,32690.54,6393.02,18
FRS,Fire and Rescue Services,FRS 45 Station 12,M,113815,27576.49,6586.89,F4
POL,Department of Police,POL 47 PSB 5th District Patrol,M,120811,280.86,12807.24,P4
FRS,Fire and Rescue Services,FRS 45 Station 6,M,103472,886.16,3593.99,F3
FRS,Fire and Rescue Services,FRS 45 Emergency Medical And Integrated Healthcare Services,M,125207,38320.56,4308.1,B1
HHS,Department of Health and Human Services,HHS 60 Public Health Services Division,M,98322,219.65,3145.54,18
CEX,Offices of the County Executive,CEX 15 County Executive's Office,M,211000,0,0,EX3
POL,Department of Police,POL 47 PSB 4th District Special Assignment Team,M,120811,38548.09,8390.62,P4
FRS,Fire and Rescue Services,FRS 45 Station 8,M,125207,13189.32,4308.14,B1
DOT,Department of Transportation,DOT 50 Director Management Services,M,134086,0,4289.54,N25
POL,Department of Police,POL 47 PSB 5th District Patrol,M,120811,0,12807.24,P4
POL,Department of Police,POL 47 PSB 4th District Community Operations,F,139532,66960.3,14791.84,A1
HHS,Department of Health and Human Services,HHS 60 School Health Services,F,78880.38,0,1190.35,16
COR,Correction and Rehabilitation,COR 42 DS MCDC Custody and Security,M,109539,91935.33,7679.72,C5
DOT,Department of Transportation,DOT 50 Traffic Engineering Studies Section,M,98322,5535.01,3145.54,18
HHS,Department of Health and Human Services,HHS 60 School Health Services,F,128198,0,641,24
HHS,Department of Health and Human Services,HHS 60 Public Health Services Division,F,98322,0,7572.29,18
POL,Department of Police,POL 47 PSB 1st District Community Operations,M,139532,1171.44,14791.84,A1
HHS,Department of Health and Human Services,HHS 60 Child Welfare Services,F,140274,14420.57,4470.02,N26
TBS,Department of Technology and Enterprise Business Solutions,TBS 34 OSP Employee Productivity Services,M,153585,0,9986.28,N28
DOT,Department of Transportation,DOT 50 Transit Silver Spring Ride On,M,94797.38,7893.39,0,T1
TBS,Department of Technology and Enterprise Business Solutions,TBS 34 OBP Data Center Management,M,174641.65,0,0,M3
SHF,Sheriff's Office,SHF 48 Administration,F,98322,0,6393.02,N18
LIB,Department of Public Libraries,LIB 71 Materials Delivery,M,76018,0,2432,12
HHS,Department of Health and Human Services,HHS 60 Behavioral Health and Crisis Services Division,M,128198,2812.57,12707.6,24
DOT,Department of Transportation,DOT 50 Transit Nicholson Ride On,M,93655.37,18063.81,0,T1
LIB,Department of Public Libraries,LIB 71 Davis Library,F,39647.9,0,2270.38,13
ABS,Alcohol Beverage Services,ABS 85 Silver Spring,M,98322,0,0,N18
POL,Department of Police,POL 47 PSB 6th District Patrol,F,120811,10210,8390.62,P4
HHS,Department of Health and Human Services,HHS 60 Public Health Services Division,F,128198,0,12707.6,24
ABS,Alcohol Beverage Services,ABS 85 Liquor and Wine Loading,M,76018,3552.79,2530.11,12
ABS,Alcohol Beverage Services,ABS 85 Beer Delivery Operations,M,81093.53,5979.13,0,15
DOT,Department of Transportation,DOT 50 Transit Silver Spring Ride On,M,93655.37,53841.99,0,T1
POL,Department of Police,POL 47 MSB Information Management and Technology Division,F,112166,0,11118.46,21
LIB,Department of Public Libraries,LIB 71 Collection Management,F,99465.6,0,0,21
LIB,Department of Public Libraries,LIB 71 Collection Management,F,90149,0,2884.02,16
FRS,Fire and Rescue Services,FRS 45 Station 34,M,103472,61505.94,11058.74,F3
POL,Department of Police,POL 47 MSB Communications Division,M,122603,23084.6,0,N23
LIB,Department of Public Libraries,LIB 71 Quince Orchard Library,F,39648,0,3930.24,13
DOT,Department of Transportation,DOT 50 Parking Management Administration,F,122603,0,7971.76,23
DOT,Department of Transportation,DOT 50 Highway Services,M,90149,19133.76,5861.66,16
FRS,Fire and Rescue Services,FRS 45 Fire and Explosive Investigations,M,125207,86809.45,13454.08,B1
COR,Correction and Rehabilitation,COR 42 MBHS Medical and Behavioral Health Services,F,140274,0,9120.82,N26
HHS,Department of Health and Human Services,HHS 60 School Health Services,F,78880.38,0,7818.92,16
HHS,Department of Health and Human Services,HHS 60 School Health Services,F,78880.38,0,4968.58,16
DOT,Department of Transportation,DOT 50 Transit Nicholson Ride On,M,94797.08,4460.05,0,T1
DGS,Department of General Services,DGS 36 Director,M,134086,0,0,N25
DGS,Department of General Services,DGS 36 Real Estate Office,F,134086,0,8214.48,25
POL,Department of Police,POL 47 PSB 6th District Patrol,M,139532,79544.83,14791.84,A1
POL,Department of Police,POL 47 FSB Traffic Division School Safety Section,F,34964.97,0,1128.74,10
FRS,Fire and Rescue Services,FRS 45 Station 40,M,113815,4170.98,12048.92,F4
HHS,Department of Health and Human Services,HHS 60 Services to End and Prevent Homelessness Division,F,107323,0,10638.4,20
DOT,Department of Transportation,DOT 50 Transit Gaithersburg Ride On,M,77668,19739.9,0,T1
POL,Department of Police,POL 47 MSB Information Management and Technology Division,M,130181,0,4332.83,N25
HHS,Department of Health and Human Services,HHS 60 School Health Services,F,78880.38,0,4067.49,16
DGS,Department of General Services,DGS 36 Central Duplicating,F,112166,0,11118.46,21
FRS,Fire and Rescue Services,FRS 45 Third Battalion - Administration,M,125207,30238.41,3491.89,B1
FRS,Fire and Rescue Services,FRS 45 Station 22,M,141187,94128.86,15232.44,B2
FRS,Fire and Rescue Services,FRS 45 Station 14,F,103472,41290.45,3526.53,F3
FRS,Fire and Rescue Services,FRS 45 Field Operations Administration,M,125207,34463.07,3925.66,B1
HHS,Department of Health and Human Services,HHS 60 Public Health Services Division,M,94134,0,3011.4,17
TBS,Department of Technology and Enterprise Business Solutions,TBS 34 OPS Radio Communications Services,M,107323,6152.59,3433.42,20
DGS,Department of General Services,DGS 36 Fleet Management Fleet Services,M,102711,0,3816.06,19
HHS,Department of Health and Human Services,HHS 60 Services to End and Prevent Homelessness Division,F,79296,0,5156.04,13
COR,Correction and Rehabilitation,COR 42 DS Inmate Records,F,105461.01,1771.17,4017.08,17
ABS,Alcohol Beverage Services,ABS 85 Stock Liquor and Wine Warehouse Operations,M,79296,7625.31,5156.01,13
OHR,Office of Human Resources,OHR 33 Classification and Compensation Team,M,134086,0,8718.54,N25
POL,Department of Police,POL 47 MSB Budget and Capital Management Capital Development and Facilities Division,M,117252,0,7149.99,22
FRS,Fire and Rescue Services,FRS 45 Station 10,M,121266,0,1103.94,B1
HHS,Department of Health and Human Services,HHS 60 School Health Services,F,134086,0,4289.54,N25
DGS,Department of General Services,DGS 36 Fleet Automotive Heavy Equipment,M,102711,34681.85,10181.2,19
POL,Department of Police,POL 47 MSB Communications Division,F,140274,0,0,26
FRS,Fire and Rescue Services,FRS 45 Station 24,M,103472,0,2112.07,F3
DOT,Department of Transportation,DOT 50 Transit Silver Spring Ride On,M,97081,11041.23,0,T1
ABS,Alcohol Beverage Services,ABS 85 Flower Avenue,F,82745,1547.11,8202.16,14
FRS,Fire and Rescue Services,FRS 45 Field Relief Personnel,M,162548,0,16013.1,B3
DPS,Department of Permitting Services,DPS 75 Customer Support,M,94134,0,3011.4,17
POL,Department of Police,POL 47 FSB Traffic Division Automated Traffic Enforcement Section,F,86352,0,5614.68,15
HHS,Department of Health and Human Services,HHS 60 School Health Services,F,78880.38,0,7818.92,16
DGS,Department of General Services,DGS 36 Fleet Management Fleet Services,M,128198,2148.25,4101.12,N24
FRS,Fire and Rescue Services,FRS 45 Station 13,M,103472,19075.62,3553.49,F3
POL,Department of Police,POL 47 PSB 5th District Patrol,M,120811,26532.17,12807.24,P4
SHF,Sheriff's Office,SHF 48 Court and Transport,F,116404,1564.91,7224.21,G4
FRS,Fire and Rescue Services,FRS 45 Fourth Battalion - Administration,M,125207,45844.9,4305.73,B1
TBS,Department of Technology and Enterprise Business Solutions,TBS 34 OBP Voice Services,M,111673.83,3864.71,9339.48,20
REC,Department of Recreation,REC 72 Aquatic Team Management,M,122603,0,0,N23
POL,Department of Police,POL 47 FSB Special Operations Division,F,90149,0,8936.04,16
DOT,Department of Transportation,DOT 50 Highway Services,M,174642,0,0,M3
DOT,Department of Transportation,DOT 50 Highway Services,M,86352,0,2762.48,15
DOT,Department of Transportation,DOT 50 Highway Services,M,86352,25122.95,5614.68,15
POL,Department of Police,POL 47 CRB Community Engagement Division Community Engagement Section,F,120811,18902.76,12807.24,P4
FRS,Fire and Rescue Services,FRS 45 Third Battalion - Administration,M,125207,44602.1,7329.3,B1
DOT,Department of Transportation,DOT 50 Transit Nicholson Ride On,F,94797.38,3948.06,0,T1
DPS,Department of Permitting Services,DPS 75 Land Development Right-of-Way Inspection,M,134086,0,0,N25
DOT,Department of Transportation,DOT 50 Highway Services,M,128198,69236.31,12044.16,N24
FRS,Fire and Rescue Services,FRS 45 Station 25,M,141187,2829.57,15089.5,B2
HHS,Department of Health and Human Services,HHS 60 Behavioral Health and Crisis Services Division,F,98322,0,3145.54,18
FRS,Fire and Rescue Services,FRS 45 Station 35,M,103472,95.54,2885.67,F3
DGS,Department of General Services,DGS 36 Facilities Maintenance,M,86352,3255.41,3033.91,15
POL,Department of Police,POL 47 PSB 4th District Station,M,212580,0,0,A3
DGS,Department of General Services,DGS 36 Facilities Maintenance,M,98322,5696.26,3145.54,18
DOT,Department of Transportation,DOT 50 Transit Silver Spring Ride On,M,134086,0,0,N25
FRS,Fire and Rescue Services,FRS 45 Station 3,F,125207,20515.71,4308.1,B1
FRS,Fire and Rescue Services,FRS 45 Special Operations,F,178789,2785.95,5724.02,B4
FRS,Fire and Rescue Services,FRS 45 Field Operations Administration,M,141187,72112.47,1710.57,B2
FRS,Fire and Rescue Services,FRS 45 Station 14,M,103472,20192.57,0,F3
HHS,Department of Health and Human Services,HHS 60 Aging & Disability Services Division,F,140274,1374.98,2444.68,N26
DPS,Department of Permitting Services,DPS 75 Information Technology Services,F,174000,0,4145.38,M3
DOT,Department of Transportation,DOT 50 Transit Silver Spring Ride On,M,93655.37,19487.54,0,T1
POL,Department of Police,POL 47 FSB Security Services Division,M,86352,7885.69,5614.55,15
ABS,Alcohol Beverage Services,ABS 85 Director's Office,F,98322,0,3145.54,18
DOT,Department of Transportation,DOT 50 Transit COS Passenger Facilities,M,94134,507.83,9330.92,17
DOT,Department of Transportation,DOT 50 Transit Gaithersburg Ride On,M,94797.38,17393.88,0,T1
COR,Correction and Rehabilitation,COR 42 PTS Supervision,M,128198,0,4266.58,24
FRS,Fire and Rescue Services,FRS 45 Behavioral Health,F,128198,0,4101.12,24
POL,Department of Police,POL 47 FSB Traffic Division Collision Reconstruction,M,115223,368.52,6263.4,P4
HHS,Department of Health and Human Services,HHS 60 Office of Eligibility and Support Services,F,128198,0,0,N24
DOT,Department of Transportation,DOT 50 Transit Gaithersburg Ride On,M,92514,9717.84,0,T1
COR,Correction and Rehabilitation,COR 42 PRRS Reentry Services and Programs,F,128198,0,3789.96,24
FRS,Fire and Rescue Services,FRS 45 Emergency Communications Center (ECC),M,113815,12396.33,481.53,F4
COR,Correction and Rehabilitation,COR 42 PTS Alternative Community Services,M,113837,0,1908.86,22
DOT,Department of Transportation,DOT 50 Transit Silver Spring Ride On,M,95939.35,32471.77,0,T1
SHF,Sheriff's Office,SHF 48 Court and Transport,M,116404,7452.85,5956.52,G4
HHS,Department of Health and Human Services,HHS 60 School Health Services,F,78880.38,0,2555.92,16
HHS,Department of Health and Human Services,HHS 60 Office of Eligibility and Support Services,F,107323,0,6978.26,20
POL,Department of Police,POL 47 FSB Traffic Division School Safety Section,F,34964.97,0,1178.09,10
SHF,Sheriff's Office,SHF 48 Administration,M,122603,0,7971.76,N23
CEC,Community Engagement Cluster,CEC 16 Silver Spring Urban District,M,67088,19985.88,2146.2,9
REC,Department of Recreation,REC 72 Countywide Programs,M,112166,0,7293.28,21
OLO,Office of Legislative Oversight,OLO 03 Legislative Oversight Staff,F,200829,0,0,M2
HHS,Department of Health and Human Services,HHS 60 Public Health Services Division,F,128198,0,8335.6,24
DOT,Department of Transportation,DOT 50 Transit Gaithersburg Ride On,F,97081,3447.86,0,T1
LIB,Department of Public Libraries,LIB 71 Quince Orchard Library,F,56083.36,0,5559.36,21
DOT,Department of Transportation,DOT 50 Transit Gaithersburg Ride On,M,97081,22551.57,0,T1
FRS,Fire and Rescue Services,FRS 45 Station 10,M,113815,0,4820.83,F4
DOT,Department of Transportation,DOT 50 Transit Gaithersburg Ride On,M,93655.37,8327.35,0,T1
HHS,Department of Health and Human Services,HHS 60 Child Welfare Services,F,98322,0,3135.55,18
POL,Department of Police,POL 47 FSB Traffic Division School Safety Section,F,35806.28,0,587.96,10
DOT,Department of Transportation,DOT 50 Transit Silver Spring Ride On,M,94797.38,17643.12,0,T1
DOT,Department of Transportation,DOT 50 Transit Silver Spring Ride On,F,112166,2563.99,3588.34,N21
DOT,Department of Transportation,DOT 50 Transit Nicholson Ride On,M,94797.08,20587.39,0,T1
DOT,Department of Transportation,DOT 50 Highway Services,M,65134,0,2220.07,9
FRS,Fire and Rescue Services,FRS 45 Station 6,M,125207,51306.39,13381.58,B1
DOT,Department of Transportation,DOT 50 Transit Gaithersburg Ride On,M,93655.37,20670.99,0,T1
DGS,Department of General Services,DGS 36 Facilities Maintenance,M,128198,8544.13,0,N24
FRS,Fire and Rescue Services,FRS 45 Station 28,M,141187,45605.43,12680.33,B2
DOT,Department of Transportation,DOT 50 Transit Operations and Planning,M,103361.34,0,3302.91,18
HHS,Department of Health and Human Services,HHS 60 Child Welfare Services,F,128198,190.92,4101.12,24
DOT,Department of Transportation,DOT 50 Transit Nicholson Ride On,M,91371.39,0,0,T1
DOT,Department of Transportation,DOT 50 Transit Nicholson Ride On,F,94797.38,18474.16,0,T1
CAT,County Attorney's Office,CAT 30 Support Services,F,79296,0,2536.8,N13
POL,Department of Police,POL 47 FSB Traffic Division School Safety Section,F,34964.97,0,1150.3,10
DOT,Department of Transportation,DOT 50 Transit Silver Spring Ride On,M,97081,18527.97,0,T1
POL,Department of Police,POL 47 FSB Security Services Division,F,85982.73,34606.82,0,15
DGS,Department of General Services,DGS 36 Fleet Management Services,M,102711,5147.97,0,N19
POL,Department of Police,POL 47 FSB Traffic Division School Safety Section,F,34964.97,0,1026.15,10
DOT,Department of Transportation,DOT 50 Transit Silver Spring Ride On,F,91371.3,8431.89,0,T1
DOT,Department of Transportation,DOT 50 Transit Silver Spring Ride On,M,93145.03,6432.15,0,T1
POL,Department of Police,POL 47 FSB Traffic Division,F,90149,0,8936.04,16
HHS,Department of Health and Human Services,HHS 60 Behavioral Health and Crisis Services Division,F,91933.95,0,0,20
COR,Correction and Rehabilitation,COR 42 DS MCDC Custody and Security,M,109539,15926.11,11181.97,C5
POL,Department of Police,POL 47 FSB Traffic Division School Safety Section,F,34964.97,0,1949.61,10
DOT,Department of Transportation,DOT 50 Transit Silver Spring Ride On,M,95939.38,4594.49,0,T1
DOT,Department of Transportation,DOT 50 Transit Special Transportation and Medicaid,M,83584.36,0,8285.22,13
HHS,Department of Health and Human Services,HHS 60 School Health Services,F,67611.75,0,5654.87,16
HCA,Department of Housing and Community Affairs,HCA 76 Housing Code Enforcement,F,122603,0,3922.18,23
DOT,Department of Transportation,DOT 50 Transit Nicholson Ride On,F,112166,1656.3,0,N21
DOT,Department of Transportation,DOT 50 Highway Services,F,86352,9217.11,5014.33,15
HHS,Department of Health and Human Services,HHS 60 School Health Services,F,90149,0,8931.68,16
DOT,Department of Transportation,DOT 50 Transit Silver Spring Ride On,F,94797.38,12842.13,0,T1
FRS,Fire and Rescue Services,FRS 45 Station 2,M,141187,18190.73,15089.5,B2
DOT,Department of Transportation,DOT 50 Transit Gaithersburg Ride On,F,103361.53,5850.37,0,T2
SHF,Sheriff's Office,SHF 48 Courthouse Security,M,127357,34976.33,8637.6,D1
DOT,Department of Transportation,DOT 50 Parking Management Parking Operations,M,86352,0,3096.83,15
FRS,Fire and Rescue Services,FRS 45 Duty Operations Chief's Office,M,178789,0,12367.63,B4
CAT,County Attorney's Office,"CAT 30 Zoning, Land Use and Economic Development",M,200829,0,0,M2
COR,Correction and Rehabilitation,COR 42 DS MCCF Unit 1 Security,M,120293,2998.84,0,C6
TBS,Department of Technology and Enterprise Business Solutions,TBS 34 OBP Community Technology (GF),M,112166,1496.47,0,20
ABS,Alcohol Beverage Services,ABS 85 Administrative Services,M,134086,0,0,N25
DOT,Department of Transportation,DOT 50 Transit Silver Spring Ride On,M,97081,6180.83,0,T1
DOT,Department of Transportation,DOT 50 Transit Silver Spring Ride On,M,103361.53,9059.34,0,T2
LIB,Department of Public Libraries,LIB 71 Olney Library,F,39647.9,0,1268.4,13
HHS,Department of Health and Human Services,HHS 60 Chief Operating Officer Division,M,140274,0,9120.82,26
TBS,Department of Technology and Enterprise Business Solutions,TBS 34 OSP Employee Productivity Services,F,181336,0,11790.58,N32
COR,Correction and Rehabilitation,COR 42 PTS Pre-Trial Services,M,188907.49,0,0,M2
LIB,Department of Public Libraries,LIB 71 Damascus Library,F,39211.29,0,0,18
HHS,Department of Health and Human Services,HHS 60 School Health Services,F,124464,0,6315.25,24
POL,Department of Police,POL 47 MSB Training and Education Division,F,139532,12541.8,14791.84,A1
DOT,Department of Transportation,DOT 50 Transit Silver Spring Ride On,M,94797.38,11245.51,0,T1
DOT,Department of Transportation,DOT 50 Transit Gaithersburg Ride On,M,95939.38,16645.96,0,T1
DGS,Department of General Services,DGS 36 Facilities Maintenance,M,64452,23.3,2054.1,8
POL,Department of Police,POL 47 CRB Community Engagement Division Community Engagement Section,M,120811,7213.36,12807.24,P4
DOT,Department of Transportation,DOT 50 Transit Silver Spring Ride On,M,90927.54,5138.66,0,T1
LIB,Department of Public Libraries,LIB 71 Rockville Library,F,39648,0,2154.97,13
DOT,Department of Transportation,DOT 50 Transit Nicholson Ride On,M,107358,891.18,0,T2
POL,Department of Police,POL 47 PSB 6th District Patrol,F,90149,4394.74,2884.02,16
COR,Correction and Rehabilitation,COR 42 DS MCDC Custody and Security,M,109539,0,3493.73,C5
HHS,Department of Health and Human Services,HHS 60 School Health Services,F,78880.38,0,2541.25,16
CAT,County Attorney's Office,CAT 30 Insurance Defense Litigation,F,181336,0,17036.36,N32
HCA,Department of Housing and Community Affairs,HCA 76 Housing Code Enforcement,M,122603,0,3922.18,23
ORE,Office of Racial Equity and Social Justice,ORE 25 Director's Office,F,220000,0,0,EX3
OLR,Office of Labor Relations,OLR 26 Labor Relations Division,F,140274,0,2445.83,N26
DOT,Department of Transportation,DOT 50 Transit Nicholson Ride On,M,94797.08,4552.67,0,T1
LIB,Department of Public Libraries,LIB 71 White Oak Library,F,128198,0,12707.6,24
HHS,Department of Health and Human Services,HHS 60 Office of Eligibility and Support Services,F,117252,4727.17,7183.12,22
HHS,Department of Health and Human Services,HHS 60 Services to End and Prevent Homelessness Division,F,128198,0,12707.6,24
BOA,Board of Appeals Department,BOA 02 Executive Director,F,174641.65,0,0,M2
DOT,Department of Transportation,DOT 50 Transit Silver Spring Ride On,F,97081,12932.99,0,T1
POL,Department of Police,POL 47 FSB Traffic Division School Safety Section,F,34964.97,0,1188.2,10
CEC,Community Engagement Cluster,CEC 16 Silver Spring Urban District,M,69930,5517.79,2237.22,10
DOT,Department of Transportation,DOT 50 Traffic Engineering Studies Section,M,174641.65,0,0,M3
DGS,Department of General Services,DGS 36 Contracting and Accounts Payable,F,134086,0,13291.28,25
TBS,Department of Technology and Enterprise Business Solutions,TBS 34 OMC MC311,M,130181,0,810.34,N25
LIB,Department of Public Libraries,LIB 71 Davis Library,F,39648,0,1268.4,13
HHS,Department of Health and Human Services,HHS 60 School Health Services,F,112173.25,0,3174.42,24
DOT,Department of Transportation,DOT 50 Transit Nicholson Ride On,M,94797.38,3451.18,0,T1
REC,Department of Recreation,REC 72 Facilities Division,F,112166,0,3588.34,21
LIB,Department of Public Libraries,LIB 71 Connie Morella Library,M,79296,0,7860.22,13
LIB,Department of Public Libraries,LIB 71 Maggie Nightingale Library,F,112166,0,11118.46,21
DOT,Department of Transportation,DOT 50 Transportation Technical Center,M,95458,0,833.48,18
DOT,Department of Transportation,DOT 50 Parking Management Engineering and Capital Project Management,M,86352,0,5614.68,15
POL,Department of Police,POL 47 FSB Traffic Division School Safety Section,F,34964.97,0,1629.27,10
OAG,Office of Agriculture,OAG 78 Soil Conservation,M,11147.24,0,0,
POL,Department of Police,POL 47 FSB Special Operations Division,M,120811,98238.32,12807.24,P4
BOE,Board of Elections,BOE 24 Absentee Voting,F,90149,0,2884.02,16
COR,Correction and Rehabilitation,COR 42 DS MCDC Custody and Security,F,109539,18498.3,6938.87,C5
COR,Correction and Rehabilitation,COR 42 DS MCCF Unit 3 Security,M,106349,14665.42,2534.66,C5
DOT,Department of Transportation,DOT 50 Transit Safety and Instruction,M,108899,0,0,N21
DOT,Department of Transportation,DOT 50 Transit Gaithersburg Ride On,M,94797.08,10931.38,0,T1
COR,Correction and Rehabilitation,COR 42 DS MCCF Facilities Maintenance,F,109539,15459.06,7679.72,C5
DOT,Department of Transportation,DOT 50 Transit Nicholson Ride On,F,93655.37,15570.25,0,T1
CCL,County Council,CCL 01 Council Central Staff,F,149112,0,1640.24,N28
POL,Department of Police,POL 47 PSB 5th District Patrol,M,120811,31421.89,12807.24,P4
DOT,Department of Transportation,DOT 50 Transit Silver Spring Ride On,M,94253,7724.65,0,T1
FRS,Fire and Rescue Services,FRS 45 Station 22,M,113815,685.65,3916.1,F4
LIB,Department of Public Libraries,LIB 71 Long Branch Library,F,79296,0,7860.22,13
DOT,Department of Transportation,DOT 50 Transit Silver Spring Ride On,M,93655.37,12227.14,0,T1
DOT,Department of Transportation,DOT 50 Transit Silver Spring Ride On,M,94797,7930.04,0,T1
POL,Department of Police,POL 47 FSB Traffic Division Automated Traffic Enforcement Section,F,86352,1061.24,2762.48,15
HHS,Department of Health and Human Services,HHS 60 Behavioral Health and Crisis Services Division,F,107323,0,3172.92,20
DOT,Department of Transportation,DOT 50 Transit Silver Spring Ride On,F,97081,10168.66,0,T1
ABS,Alcohol Beverage Services,ABS 85 IT Administration,M,140274,8980.64,0,N26
HHS,Department of Health and Human Services,HHS 60 Office of Eligibility and Support Services,F,107323,11729.62,8122.42,20
POL,Department of Police,POL 47 MSB Communications Division,M,134086,2889.96,4289.54,N25
DGS,Department of General Services,DGS 36 Fleet Management Fleet Services,M,102711,5286.66,3285.78,19
LIB,Department of Public Libraries,LIB 71 Aspen Hill Library,F,128198,0,4101.12,24
POL,Department of Police,POL 47 MSB Personnel Division Background Section,M,112166,0,11118.46,21
DGS,Department of General Services,DGS 36 Fleet Management Fleet Services,M,102711,1485,3285.78,19
HHS,Department of Health and Human Services,HHS 60 Office of Eligibility and Support Services,F,79296,283.26,7860.22,13
DGS,Department of General Services,DGS 36 Fleet Management Fleet Services,M,102711,458.88,3285.78,19
HHS,Department of Health and Human Services,HHS 60 Public Health Services Division,F,159623.83,0,0,M3
HHS,Department of Health and Human Services,HHS 60 School Health Services,F,134086,0,311.16,N25
ABS,Alcohol Beverage Services,ABS 85 Downtown Rockville,F,107072.43,0,0,N21
HHS,Department of Health and Human Services,HHS 60 Public Health Services Division,F,98322,0,9746.18,18
HHS,Department of Health and Human Services,HHS 60 Behavioral Health and Crisis Services Division,F,122603,0,12153,23
FRS,Fire and Rescue Services,FRS 45 Station 28,M,103472,21583.24,5919.76,F3
DGS,Department of General Services,DGS 36 Property Management,M,128198,32362.94,4101.12,N24
POL,Department of Police,POL 47 CRB Community Engagement Division,M,184161,5393.7,0,A2
POL,Department of Police,POL 47 FSB Special Operations Division Canine Section,M,126852,24219.21,13447.62,P5
DOT,Department of Transportation,DOT 50 Transit Gaithersburg Ride On,M,93655.37,13306.9,0,T1
FRS,Fire and Rescue Services,FRS 45 Station 25,M,113815,40419.17,3174.15,F4
DOT,Department of Transportation,DOT 50 Transit Gaithersburg Ride On,M,94797.08,9540.65,0,T1
DPS,Department of Permitting Services,DPS 75 Land Development Sediment and Stormwater Inspection,M,122603,0,3922.18,23
DGS,Department of General Services,DGS 36 Fleet Management Fleet Services,M,102711,0,6678.42,19
POL,Department of Police,POL 47 FSB Traffic Division Central Traffic Enforcement,M,115223,0,5299.8,P4
HCA,Department of Housing and Community Affairs,HCA 76 Housing Code Enforcement,F,105969.81,0,0,21
POL,Department of Police,POL 47 CRB Community Engagement Division,M,212580,0,0,A3
DOT,Department of Transportation,DOT 50 Transit Operations and Planning,F,157999.86,0,0,M3
FRS,Fire and Rescue Services,FRS 45 Emergency Communications Center (ECC),M,141187,101060.21,4857.97,B2
SHF,Sheriff's Office,SHF 48 Courthouse Security,M,139417,12154.48,4803.1,D2
DPS,Department of Permitting Services,DPS 75 Land Development Right-of-Way Plan Review,M,174641.65,0,0,M3
DGS,Department of General Services,DGS 36 Fleet Management Fleet Services,M,102711,2322.93,6678.42,19
POL,Department of Police,POL 47 PSB 3rd District Special Assignment Team,M,120811,40164.72,12641.09,P4
POL,Department of Police,POL 47 PSB 2nd District Station,M,184161,4370,0,A2
DOT,Department of Transportation,DOT 50 Transit COS Taxicab Regulation,M,133809.18,0,0,N26
SHF,Sheriff's Office,SHF 48 Court and Transport,F,116404,8888.48,3363.21,G4
POL,Department of Police,POL 47 PSB 2nd District Patrol,M,139532,8647.49,14791.84,A1
FRS,Fire and Rescue Services,FRS 45 Station 24,M,113815,33494.47,6623.99,F4
POL,Department of Police,POL 47 FSB Traffic Division Alcohol Initiatives Section,F,120811,4971.25,12807.24,P4
LIB,Department of Public Libraries,LIB 71 Germantown Library,F,39647.9,0,3930.24,13
DOT,Department of Transportation,DOT 50 Transit Gaithersburg Ride On,F,95939.35,21847.41,0,T1
HHS,Department of Health and Human Services,HHS 60 Office of Eligibility and Support Services,F,107170.72,5593.9,0,20
TBS,Department of Technology and Enterprise Business Solutions,TBS 34 ODT Web Solutions Team,F,153585,0,4913.34,N28
HHS,Department of Health and Human Services,HHS 60 Child Welfare Services,M,122603,0,12153,23
DOT,Department of Transportation,DOT 50 Transit Silver Spring Ride On,M,97081,4274.98,0,T1
DGS,Department of General Services,DGS 36 Fleet Automotive Heavy Equipment,M,99719,0,0,19
OMB,Office of Management and Budget,OMB 31 Office of Management and Budget,F,141550.72,0,0,N28
FRS,Fire and Rescue Services,FRS 45 Station 3,M,141187,33856.46,4903.9,B2
DOT,Department of Transportation,DOT 50 Transit Gaithersburg Ride On,M,71954.51,0,0,T1
LIB,Department of Public Libraries,LIB 71 Little Falls Library,F,107323,0,10083,N20
DPS,Department of Permitting Services,DPS 75 Information Technology Services,M,153585,0,9986.28,N28
DEP,Department of Environmental Protection,DEP 80 Strategic and Administrative Services Division,F,122603,0,7971.76,23
DGS,Department of General Services,DGS 36 Fleet Management Administration,M,122603,0,11518.52,N23
SHF,Sheriff's Office,SHF 48 Sheriff Domestic Violence,F,90149,1871.35,5505.4,16
FRS,Fire and Rescue Services,FRS 45 Station 6,M,113815,143964.19,11687.27,F4
FRS,Fire and Rescue Services,FRS 45 Fifth Battalion - Administration,M,125207,8526.54,13381.58,B1
COR,Correction and Rehabilitation,COR 42 DS MCCF Unit 1 Security,M,120293,32024.27,4144.36,C6
HHS,Department of Health and Human Services,HHS 60 School Health Services,F,78880.38,0,2230.59,16
CAT,County Attorney's Office,"CAT 30 Zoning, Land Use and Economic Development",M,181336,0,17036.36,N32
HHS,Department of Health and Human Services,HHS 60 Public Health Services Division,F,128198,0,11049,24
POL,Department of Police,POL 47 FSB Traffic Division Collision Reconstruction,M,120811,12811.14,4123.22,P4
FRS,Fire and Rescue Services,FRS 45 Field Operations Administration,M,125207,26396.02,1516.98,B1
ABS,Alcohol Beverage Services,ABS 85 Downtown Rockville,M,98322,2413.84,0,N18
DGS,Department of General Services,DGS 36 Building Design and Construction,M,122603,0,7971.76,23
DOT,Department of Transportation,DOT 50 Transit Nicholson Ride On,F,93655.37,2997.89,0,T1
DGS,Department of General Services,DGS 36 Property Management,M,128198,12974.65,2747.01,N24
DOT,Department of Transportation,DOT 50 Transit Silver Spring Ride On,M,95939.35,18155.51,0,T1
FRS,Fire and Rescue Services,FRS 45 EMS Logistics,M,125207,12546.02,13381.58,B1
POL,Department of Police,POL 47 PSB 4th District Patrol,F,120811,53392.1,12807.24,P4
POL,Department of Police,POL 47 MSB Training and Education Division,M,184161,16200.74,0,A2
POL,Department of Police,POL 47 MSB Communications Division,F,134086,1642.37,0,N25
POL,Department of Police,POL 47 PSB 6th District Station,M,166077.96,595.98,4574.34,A2
DOT,Department of Transportation,DOT 50 Parking Management Engineering and Capital Project Management,M,102711,8916.77,6815.28,19
DGS,Department of General Services,DGS 36 Facilities Maintenance,M,94134,9741.97,6120.72,17
SHF,Sheriff's Office,SHF 48 Court and Transport,M,127357,424.81,4387.7,D1
HHS,Department of Health and Human Services,HHS 60 Office of Eligibility and Support Services,F,94134,0,3011.4,17
CAT,County Attorney's Office,CAT 30 Finance and Procurement,F,87092.99,0,0,N16
HHS,Department of Health and Human Services,HHS 60 Public Health Services Division,F,98322,0,3145.54,18
LIB,Department of Public Libraries,LIB 71 Brigadier General Charles E. McGee Library,M,90149,0,8936.04,16
POL,Department of Police,POL 47 PSB 6th District Patrol,F,90149,7824.16,8936.04,16
DGS,Department of General Services,DGS 36 Facilities Maintenance,F,85699.33,20733.56,0,N15
DPS,Department of Permitting Services,DPS 75 Residential Construction and Fire Code Compliance,M,200829,0,0,M2
DOT,Department of Transportation,DOT 50 Highway Services,M,90149,27708.56,2884.02,16
HHS,Department of Health and Human Services,HHS 60 Behavioral Health and Crisis Services Division,F,64098.96,0,2273.29,24
LIB,Department of Public Libraries,LIB 71 Wheaton Library,F,169489.55,0,0,M3
DOT,Department of Transportation,DOT 50 Highway Services,M,89374.33,22669.23,8847.93,16
POL,Department of Police,POL 47 FSB Special Operations Division Canine Section,M,120811,72025.09,7376.67,P4
FRS,Fire and Rescue Services,FRS 45 Station 35,M,113815,104142.06,6508.82,F4
DOT,Department of Transportation,DOT 50 Transit Silver Spring Ride On,M,94797.08,15609.8,0,T1
LIB,Department of Public Libraries,LIB 71 Director's Office,F,90149,0,8936.04,16
DOT,Department of Transportation,DOT 50 Parking Management Engineering and Capital Project Management,M,86352,5626.46,2762.48,15
DOT,Department of Transportation,DOT 50 Traffic Engineering Studies Section,M,134086,0,4289.54,25
POL,Department of Police,POL 47 MSB Communications Division,M,112166,7875.96,3588.34,N21
DOT,Department of Transportation,DOT 50 Transit Gaithersburg Ride On,M,97081,19405.38,0,T1
DEP,Department of Environmental Protection,DEP 80 Stormwater BMP Inspection and Maintenance,F,174641.65,0,0,M3
DGS,Department of General Services,DGS 36 Facilities Maintenance,M,86352,2372.19,3086.25,15
HHS,Department of Health and Human Services,HHS 60 Office of Eligibility and Support Services,F,107323,0,10638.4,20
HHS,Department of Health and Human Services,HHS 60 Behavioral Health and Crisis Services Division,F,128198,0,4101.12,24
FRS,Fire and Rescue Services,FRS 45 Emergency Medical And Integrated Healthcare Services,M,132119,0,0,B2
DGS,Department of General Services,DGS 36 Building Design and Construction,M,122603,2836.21,6435.46,23
HHS,Department of Health and Human Services,HHS 60 School Health Services,F,128198,0,11832.63,24
HHS,Department of Health and Human Services,HHS 60 Behavioral Health and Crisis Services Division,F,140274,0,0,N26
BOE,Board of Elections,BOE 24 Information Technology Division,M,122603,0,3922.18,23
LIB,Department of Public Libraries,LIB 71 Marilyn J Praisner Library,F,79296,0,2536.8,13
FRS,Fire and Rescue Services,FRS 45 Fifth Battalion - Administration,M,162548,0,17207.86,B3
DOT,Department of Transportation,DOT 50 Transportation Technical Center,M,98322,13097.92,9746.18,18
LIB,Department of Public Libraries,LIB 71 Marilyn J Praisner Library,F,39648,0,4808.93,13
FRS,Fire and Rescue Services,FRS 45 Station 33,M,103472,0,2885.71,F3
DGS,Department of General Services,DGS 36 Fleet Management Fleet Services,M,102711,0,9250.97,19
DHS,Office of Emergency Management and Homeland Security,DHS 49 Policy and Planning,F,119177.17,636.62,0,23
DEP,Department of Environmental Protection,DEP 80 Monitoring and Planning,M,117252,0,11622.56,22
ABS,Alcohol Beverage Services,ABS 85 Director's Office,M,98322,312.19,9746.18,18
CEC,Community Engagement Cluster,CEC 16 Wheaton Urban District,M,69930,1961.61,786.78,10
HHS,Department of Health and Human Services,HHS 60 School Health Services,F,78880.38,0,7087.64,16
POL,Department of Police,POL 47 PSB 1st District Station,M,181789.54,0,0,A2
HHS,Department of Health and Human Services,HHS 60 Public Health Services Division,F,128198,44204.09,4101.12,24
REC,Department of Recreation,REC 72 Aquatic Team Management,F,112166,0,4022.65,21
DOT,Department of Transportation,DOT 50 Highway Services,M,86352,0,3208.28,15
POL,Department of Police,POL 47 PSB 2nd District Patrol,M,120811,9451.13,2106.79,P4
HHS,Department of Health and Human Services,HHS 60 School Health Services,F,78880.38,0,6366.68,16
DOT,Department of Transportation,DOT 50 Transit Nicholson Ride On,F,94797.38,692.99,0,T1
DOT,Department of Transportation,DOT 50 Transit Silver Spring Ride On,M,94797.08,3036.02,0,T1
HHS,Department of Health and Human Services,HHS 60 Services to End and Prevent Homelessness Division,F,124464,0,3181.73,24
DOT,Department of Transportation,DOT 50 Parking Management Engineering and Capital Project Management,M,76018,5873.05,4930.19,12
HHS,Department of Health and Human Services,HHS 60 Behavioral Health and Crisis Services Division,F,128198,7925.38,12707.6,24
POL,Department of Police,POL 47 MSB Training and Education Division,F,126852,21355.73,13447.62,P5
POL,Department of Police,POL 47 MSB Information Management and Technology Division,M,122603,1366.74,7971.76,23
HHS,Department of Health and Human Services,HHS 60 Services to End and Prevent Homelessness Division,F,107323,0,10638.4,20
DGS,Department of General Services,DGS 36 Facilities Major Programs,M,117252,10315.21,6448.52,22
HHS,Department of Health and Human Services,HHS 60 Office of Eligibility and Support Services,M,107323,0,6978.26,20
CCL,County Council,CCL 01 Council Central Staff,M,243993.63,0,0,LB1
FRS,Fire and Rescue Services,FRS 45 Station 35,M,113815,9029,12164.2,F4
POL,Department of Police,POL 47 PSB 2nd District Patrol,M,120811,14679.25,12807.24,P4
HHS,Department of Health and Human Services,HHS 60 School Health Services,F,64099,0,3443.07,24
HHS,Department of Health and Human Services,HHS 60 Aging & Disability Services Division,F,128198,0,11714.52,24
HHS,Department of Health and Human Services,HHS 60 Child Welfare Services,M,140274,0,9120.82,N26
DOT,Department of Transportation,DOT 50 Transit Silver Spring Ride On,M,94797.38,15241.45,0,T1
POL,Department of Police,POL 47 PSB 3rd District Patrol,F,90149,585.08,6342.18,16
POL,Department of Police,POL 47 MSB Personnel Division,F,201255.8,659.98,0,A3
HHS,Department of Health and Human Services,HHS 60 Behavioral Health and Crisis Services Division,F,128198,98.56,4597.5,24
DOT,Department of Transportation,DOT 50 Highway Services,M,86352,27296.8,8559.6,15
POL,Department of Police,POL 47 PSB 6th District Station,M,102711,19423.37,9649.64,N19
FRS,Fire and Rescue Services,FRS 45 Station 9,M,95441,0,0,F2
POL,Department of Police,POL 47 MSB Information Mgmt and Tech Division Telephone Reporting Section,F,90149,349.46,8936.04,16
HHS,Department of Health and Human Services,HHS 60 Public Health Services Division,F,90149,0,5861.66,16
DEP,Department of Environmental Protection,DEP 80 Strategic and Administrative Services Division,F,200829,0,0,M2
COR,Correction and Rehabilitation,COR 42 DS MCCF Unit 1 Security,F,131637,63769.78,4535.22,C1
HHS,Department of Health and Human Services,HHS 60 Child Welfare Services,F,90149,0,5861.66,16
HHS,Department of Health and Human Services,HHS 60 Child Welfare Services,F,140274,0,0,N26
HHS,Department of Health and Human Services,HHS 60 School Health Services,F,78880.38,33.57,2550.29,16
FRS,Fire and Rescue Services,FRS 45 Field Operations Administration,M,141187,59619.09,1710.57,B2
POL,Department of Police,POL 47 PSB 4th District Patrol,M,120811,114538.34,12807.24,P4
DOT,Department of Transportation,DOT 50 Sign and Marking Shop,M,79296,3318.02,2536.8,13
DEP,Department of Environmental Protection,DEP 80 Stewardship Programs,F,122603,0,3922.18,23
DOT,Department of Transportation,DOT 50 Transit Nicholson Ride On,M,93655.37,2832.11,0,T1
HHS,Department of Health and Human Services,HHS 60 School Health Services,F,152583.51,0,0,M3
FRS,Fire and Rescue Services,FRS 45 Fleet Support,M,94134,19574.19,4587.24,17
DPS,Department of Permitting Services,DPS 75 Zoning and Site Plan Compliance,F,134086,0,12597.4,N25
POL,Department of Police,POL 47 FSB Traffic Division School Safety Section,F,34964.97,0,430.98,10
DOT,Department of Transportation,DOT 50 Highway Services,M,86352,18618.51,2762.48,15
FRS,Fire and Rescue Services,FRS 45 Second Battalion - Administration,M,160741.57,2186.68,17376.21,B3
POL,Department of Police,POL 47 PSB 3rd District Patrol,M,120811,90170.33,12807.3,P4
POL,Department of Police,POL 47 PSB 2nd District Special Assignment Team,M,126852,27147.56,13447.62,P5
FRS,Fire and Rescue Services,FRS 45 Station 30,M,113815,55416.07,1378.95,F4
POL,Department of Police,POL 47 MSB Communications Division,F,122603,114.12,3624.6,23
POL,Department of Police,POL 47 Management Services Bureau,F,94134,0,6120.72,N17
POL,Department of Police,POL 47 PSB 3rd District Patrol,M,139532,23400.94,2433.23,A1
CAT,County Attorney's Office,CAT 30 Labor Relations and Public Safety,F,181336,0,0,N32
CCL,County Council,CCL 01 Council Central Staff,M,122603,0,0,N23
DOT,Department of Transportation,DOT 50 Transit Gaithersburg Ride On,F,94797.38,5133.43,0,T1
HCA,Department of Housing and Community Affairs,HCA 76 Housing Code Enforcement,F,122603,0,11042.66,23
POL,Department of Police,POL 47 FSB Traffic Division Central Traffic Enforcement,M,120811,13539.4,10481.14,P4
FRS,Fire and Rescue Services,FRS 45 Training,M,160741.57,0,11174.08,B3
CAT,County Attorney's Office,CAT 30 Insurance Defense Litigation,F,98322,19.08,9237.38,N18
COR,Correction and Rehabilitation,COR 42 DS Detention Services,M,119250.88,0,0,N25
DOT,Department of Transportation,DOT 50 Transportation Management,M,102723.23,18565.49,0,23
DOT,Department of Transportation,DOT 50 Transportation Construction Section,M,134086,366.05,8088.48,25
DGS,Department of General Services,DGS 36 Facilities Major Programs,M,146770,0,6589.52,27
POL,Department of Police,POL 47 MSB Training and Education Division,M,211381.72,20666.73,0,A3
DOT,Department of Transportation,DOT 50 Commuter Services,M,112166,0,3588.34,21
POL,Department of Police,POL 47 FSB Traffic Division School Safety Section,M,120811,24074.18,12807.24,P4
DGS,Department of General Services,DGS 36 Building Design and Construction,M,122603,0,3922.18,23
FRS,Fire and Rescue Services,FRS 45 Fire Chief's Executive Office,M,134086,0,8718.54,N25
ABS,Alcohol Beverage Services,ABS 85 Goshen Crossing,M,110403.66,0,0,N21
LIB,Department of Public Libraries,LIB 71 Potomac Library,F,32226.13,0,1117.09,8
DGS,Department of General Services,DGS 36 Central Duplicating,F,107323,2346.54,0,N20
DOT,Department of Transportation,DOT 50 Transit Silver Spring Ride On,M,107358,13669.32,0,T2
DOT,Department of Transportation,DOT 50 Highway Services,M,90149,23025.48,2884.02,16
DOT,Department of Transportation,DOT 50 Transit Gaithersburg Ride On,M,97081,24175.7,0,T1
DOT,Department of Transportation,DOT 50 Transit Central Communication,F,163656.15,0,0,M3
DOT,Department of Transportation,DOT 50 Transit Gaithersburg Ride On,M,93655.37,9081.62,0,T1
POL,Department of Police,POL 47 FSB Traffic Division School Safety Section,F,36062.88,0,238.95,10
COR,Correction and Rehabilitation,"COR 42 MSD Employee Health, Welfare and Safety",M,122603,47.56,11518.52,N23
HHS,Department of Health and Human Services,HHS 60 Aging & Disability Services Division,F,128198,0,4101.12,24
DGS,Department of General Services,DGS 36 Fleet Management Fleet Services,M,102711,0,6678.42,19
DOT,Department of Transportation,DOT 50 Transit Silver Spring Ride On,M,95939.38,8164.49,0,T1
POL,Department of Police,POL 47 PSB 2nd District Patrol,M,120811,2637.7,12807.24,P4
DOT,Department of Transportation,DOT 50 Transit Gaithersburg Ride On,M,97081,2989.18,0,T1
POL,Department of Police,POL 47 FSB Traffic Division School Safety Section,F,34964.97,0,1840.69,10
DOT,Department of Transportation,DOT 50 Transit Gaithersburg Ride On,M,94797.38,18168.54,0,T1
DGS,Department of General Services,DGS 36 Facilities Maintenance,M,117252,46038.66,11622.56,22
HHS,Department of Health and Human Services,HHS 60 Public Health Services Division,M,94134,0,6747.92,17
POL,Department of Police,POL 47 CRB Community Engagement Division Community Engagement Section,M,139532,34990.69,9505.31,A1
POL,Department of Police,POL 47 FSB Traffic Division School Safety Section,F,34964.97,26.89,2151.88,10
HHS,Department of Health and Human Services,HHS 60 School Health Services,F,98322,0,6393.02,18
HHS,Department of Health and Human Services,HHS 60 Office of Community Affairs Division,F,108899,0,2434.78,21
HHS,Department of Health and Human Services,HHS 60 Aging & Disability Services Division,M,128198,0,12707.6,24
DGS,Department of General Services,DGS 36 Fleet Management Fleet Services,M,102711,3757.08,3948.63,19
FRS,Fire and Rescue Services,FRS 45 Fire and Rescue Occupational Medical Services,M,141187,44703.11,9885.76,B2
POL,Department of Police,POL 47 PSB 6th District Patrol,F,120811,5799.98,12807.24,P4
POL,Department of Police,POL 47 FSB Security Services Division,F,86352,1026.58,2762.48,15
LIB,Department of Public Libraries,LIB 71 Twinbrook Library,M,90149,0,3131.36,16
POL,Department of Police,POL 47 PSB 5th District Community Operations,M,139532,17395.51,14791.84,A1
HHS,Department of Health and Human Services,HHS 60 School Health Services,F,128198,5782.37,8677.26,24
FRS,Fire and Rescue Services,FRS 45 Station 28,M,113815,113553.5,4867.52,F4
FRS,Fire and Rescue Services,FRS 45 Emergency Communications Center (ECC),F,125207,0,8766.85,B1
FRS,Fire and Rescue Services,FRS 45 Station 16,M,141187,58004.5,15089.5,B2
FRS,Fire and Rescue Services,FRS 45 Station 30,M,141187,62350.07,11624.41,B2
DOT,Department of Transportation,DOT 50 Transportation Planning and Design Section,M,153585,0,9842.01,28
DPS,Department of Permitting Services,DPS 75 Residential Plan Review,M,128198,197.6,12707.6,24
POL,Department of Police,POL 47 PSB 2nd District Patrol,M,120811,48.3,12807.24,P4
TBS,Department of Technology and Enterprise Business Solutions,TBS 34 ODT Geographic Information System,M,153585,0,0,N28
FRS,Fire and Rescue Services,FRS 45 Station 28,M,98543,13957.42,3390.64,F2
LIB,Department of Public Libraries,LIB 71 Potomac Library,F,90149,0,2884.02,16
POL,Department of Police,POL 47 PSB 6th District Special Assignment Team,M,120811,28727.27,10481.14,P4
POL,Department of Police,POL 47 FSB Special Operations Division Canine Section,M,120811,130108,6143.06,P4
FRS,Fire and Rescue Services,FRS 45 Station 24,M,113815,24841.34,3916.1,F4
FRS,Fire and Rescue Services,FRS 45 Emergency Communications Center (ECC),M,125207,111278.51,13381.71,B1
OLO,Office of Legislative Oversight,OLO 03 Legislative Oversight Staff,F,184667.69,0,0,M2
POL,Department of Police,POL 47 FSB Traffic Division School Safety Section,F,34964.97,0,2850.31,10
DOT,Department of Transportation,DOT 50 Highway Services,F,86352,27869.66,5614.68,15
FRS,Fire and Rescue Services,FRS 45 Station 10,M,103472,29746.26,3560.22,F3
HHS,Department of Health and Human Services,HHS 60 Behavioral Health and Crisis Services Division,F,170067.32,0,0,M3
HHS,Department of Health and Human Services,HHS 60 Child Welfare Services,M,79296,59.19,5156.04,13
ABS,Alcohol Beverage Services,ABS 85 Administrative Services,F,108508.33,0,0,21
POL,Department of Police,POL 47 FSB Traffic Division School Safety Section,F,34964.97,0,2152.78,10
POL,Department of Police,POL 47 Patrol Services Bureau,F,184161,8605.29,0,A2
DOT,Department of Transportation,DOT 50 Transit Silver Spring Ride On,M,94797.08,60677.69,0,T1
LIB,Department of Public Libraries,LIB 71 Technology Management,M,102711,0,10181.2,19
DOT,Department of Transportation,DOT 50 Transit Gaithersburg Ride On,M,94797.38,30067.42,0,T1
DOT,Department of Transportation,DOT 50 Transit Gaithersburg Ride On,M,93655.37,26475.05,0,T1
COR,Correction and Rehabilitation,COR 42 PRRS Facility and Security,M,117252,10666.64,11622.56,22
FRS,Fire and Rescue Services,FRS 45 Station 35,M,103472,9078.73,3557.83,F3
FRS,Fire and Rescue Services,FRS 45 Station 31,M,125207,87163.97,0,B1
DOT,Department of Transportation,DOT 50 Transit Silver Spring Ride On,M,97081,13864.54,0,T1
DOT,Department of Transportation,DOT 50 Highway Services,M,86352,32381.87,8559.6,15
DPS,Department of Permitting Services,DPS 75 Commercial Bldg/LS/Access/FPS,M,128198,0,12707.6,24
DOT,Department of Transportation,DOT 50 Transit Silver Spring Ride On,M,93654.81,14340.07,0,T1
FRS,Fire and Rescue Services,FRS 45 Station 1,M,141187,15064.4,15089.5,B2
POL,Department of Police,POL 47 FSB Security Services Division,M,86352,12819.39,5506.19,15
HHS,Department of Health and Human Services,HHS 60 Office of Eligibility and Support Services,F,119715.37,1559.75,0,N24
COR,Correction and Rehabilitation,COR 42 DS MCDC Custody and Security,F,109539,57286.91,7679.72,C5
COR,Correction and Rehabilitation,COR 42 DS MCDC Custody and Security,F,131637,56297.69,14087.02,C1
FRS,Fire and Rescue Services,FRS 45 Rescue 2,M,113815,112881.82,7969.2,F4
HHS,Department of Health and Human Services,HHS 60 Public Health Services Division,F,107323,0,3380.54,20
TBS,Department of Technology and Enterprise Business Solutions,TBS 34 OSP Low Code Governance and Administration,M,153585,0,4913.34,N28
FRS,Fire and Rescue Services,FRS 45 Training,M,141187,41804.21,7744.01,B2
DOT,Department of Transportation,DOT 50 Transit Nicholson Ride On,M,95939.38,26364.11,0,T1
FRS,Fire and Rescue Services,FRS 45 Station 9,M,98543,609.64,3340.75,F2
DOT,Department of Transportation,DOT 50 Transit Silver Spring Ride On,M,94797.08,1074.61,0,T1
DOT,Department of Transportation,DOT 50 Transit Silver Spring Ride On,M,90927.54,230.85,0,T1
HHS,Department of Health and Human Services,HHS 60 School Health Services,F,78880.38,0,7730.33,16
DOT,Department of Transportation,DOT 50 Transit Nicholson Ride On,M,93655.37,9663.67,0,T1
FRS,Fire and Rescue Services,FRS 45 Volunteer Services Division,M,190000,0,0,EX3
COR,Correction and Rehabilitation,COR 42 PTS Supervision,F,124464,0,96.49,24
COR,Correction and Rehabilitation,COR 42 DS MCDC Central Processing Unit,M,109539,26621.76,7603.83,C5
DOT,Department of Transportation,DOT 50 Transit Silver Spring Ride On,M,93655.37,37935.84,0,T1
ABS,Alcohol Beverage Services,ABS 85 Olney,M,82745,36.89,5380.3,14
DGS,Department of General Services,DGS 36 Fleet Management Fleet Services,M,102711,6991.8,6678.42,19
DOT,Department of Transportation,DOT 50 Transit Nicholson Ride On,M,90927.54,1526.65,0,T1
DOT,Department of Transportation,DOT 50 Transit Nicholson Ride On,M,103361.53,19640.42,0,T2
DOT,Department of Transportation,DOT 50 Transit Silver Spring Ride On,M,112166,2909.24,8165.93,N21
FRS,Fire and Rescue Services,FRS 45 Station 26,M,103472,78057.68,7245.08,F3
POL,Department of Police,POL 47 PSB Duty Commander,M,202747,0,0,A3
HHS,Department of Health and Human Services,HHS 60 Aging & Disability Services Division,F,128198,0,9018.92,24
POL,Department of Police,POL 47 MSB Information Management and Technology Division,M,141779.59,0,0,N28
DGS,Department of General Services,DGS 36 Fleet Management Fleet Services,M,117252,14442.14,7330.04,N22
COR,Correction and Rehabilitation,COR 42 DS Inmate Records,F,91392,0,1044.9,17
SHF,Sheriff's Office,SHF 48 Court and Transport,F,127357,9790.8,8928.9,D1
POL,Department of Police,POL 47 CRB Community Engagement Division Community Engagement Section,F,120811,6652.92,12807.24,P4
HHS,Department of Health and Human Services,HHS 60 Public Health Services Division,F,79296,0,7860.22,13
FRS,Fire and Rescue Services,FRS 45 Station 18,M,103472,27713.21,7245.08,F3
DOT,Department of Transportation,DOT 50 Transit Central Communication,M,98322,1258.85,3145.54,18
DOT,Department of Transportation,DOT 50 Transit Gaithersburg Ride On,M,92514,6508.36,0,T1
TBS,Department of Technology and Enterprise Business Solutions,TBS 34 CIO Enterprise Information Security Office,F,153585,0,4913.34,N28
POL,Department of Police,POL 47 PSB 1st District Community Operations,F,120811,35139.97,12807.24,P4
LIB,Department of Public Libraries,LIB 71 Aspen Hill Library,M,128198,0,4101.12,24
LIB,Department of Public Libraries,LIB 71 Twinbrook Library,M,79296,0,7532.89,13
HHS,Department of Health and Human Services,HHS 60 Office of Eligibility and Support Services,M,107323,0,10638.4,20
POL,Department of Police,POL 47 FSB Traffic Division Central Traffic Enforcement,M,120811,4518.4,8390.62,P4
FRS,Fire and Rescue Services,FRS 45 Station 26,M,136743,0,0,B2
HHS,Department of Health and Human Services,HHS 60 School Health Services,F,112173.25,0,0,24
DEP,Department of Environmental Protection,DEP 80 Strategic and Administrative Services Division,F,134086,0,4289.54,25
FRS,Fire and Rescue Services,FRS 45 Station 9,F,103472,17204.29,3596.16,F3
FRS,Fire and Rescue Services,FRS 45 Station 30,M,141187,14928.11,4859.36,B2
FRS,Fire and Rescue Services,FRS 45 Fire and Explosive Investigations,M,103472,54894.65,3526.49,F3
POL,Department of Police,POL 47 PSB 4th District Special Assignment Team,M,120811,82050.5,12807.24,P4
HHS,Department of Health and Human Services,HHS 60 Behavioral Health and Crisis Services Division,M,128198,0,4101.12,24
DPS,Department of Permitting Services,DPS 75 Commercial Bldg/LS/Access/FPS,M,140274,0,4487.56,26
HHS,Department of Health and Human Services,HHS 60 School Health Services,F,78880.38,33.57,2496.23,16
FRS,Fire and Rescue Services,FRS 45 Station 17,M,103472,13518.83,4391.53,F3
HCA,Department of Housing and Community Affairs,HCA 76 Housing Code Enforcement,M,130181,0,0,N25
OLO,Office of Legislative Oversight,OLO 03 Legislative Oversight Staff,F,140274,0,0,N26
FRS,Fire and Rescue Services,FRS 45 Station 22,M,113815,8015.53,3174.14,F4
DOT,Department of Transportation,DOT 50 Transit Gaithersburg Ride On,M,94797.38,33584.59,0,T1
TBS,Department of Technology and Enterprise Business Solutions,TBS 34 OSP Low Code Governance and Administration,F,153585,0,4913.34,N28
DOT,Department of Transportation,DOT 50 Highway Services,M,90149,12269.58,5861.66,16
COR,Correction and Rehabilitation,COR 42 DS MCDC Custody and Security,M,109539,48857.34,7679.72,C5
FRS,Fire and Rescue Services,FRS 45 Station 24,M,113815,15256.78,1378.98,F4
DEP,Department of Environmental Protection,DEP 80 Design and Construction,M,117252,0,11622.56,22
HHS,Department of Health and Human Services,HHS 60 Child Welfare Services,F,140274,6741.83,9120.82,N26
FRS,Fire and Rescue Services,FRS 45 First Battalion - Administration,M,125207,3838.7,1516.98,B1
LIB,Department of Public Libraries,LIB 71 Marilyn J Praisner Library,F,107323,0,6978.26,N20
LIB,Department of Public Libraries,LIB 71 Brigadier General Charles E. McGee Library,M,134086,0,0,N25
FRS,Fire and Rescue Services,FRS 45 Station 6,M,103472,836.71,3423.19,F3
POL,Department of Police,POL 47 FSB Traffic Division Central Traffic Enforcement,M,120811,12265.82,12807.24,P4
HHS,Department of Health and Human Services,HHS 60 Services to End and Prevent Homelessness Division,F,107323,1985.04,10638.4,20
FRS,Fire and Rescue Services,FRS 45 Station 4,M,103472,71360.45,3560.22,F3
HHS,Department of Health and Human Services,HHS 60 Public Health Services Division,F,166513.14,0,0,M3
HHS,Department of Health and Human Services,HHS 60 School Health Services,F,76582.63,0,1461.63,16
DOT,Department of Transportation,DOT 50 Highway Administration,M,117252,15227.41,3751.04,22
HHS,Department of Health and Human Services,HHS 60 Services to End and Prevent Homelessness Division,F,98322,0,3145.54,18
DPS,Department of Permitting Services,"DPS 75 Commercial Sustainability, Energy, and Mechanical",F,140274,0,9120.82,26
CEC,Community Engagement Cluster,CEC 16 Silver Spring Urban District,M,94134,14493.49,8843.8,N17
DGS,Department of General Services,DGS 36 Facilities Maintenance,M,94134,33527.55,6120.72,17
DOT,Department of Transportation,DOT 50 Parking Management Parking Operations,M,86352,0,0,15
DOT,Department of Transportation,DOT 50 Transit Nicholson Ride On,M,94797.08,2017.5,0,T1
DOT,Department of Transportation,DOT 50 Transit Silver Spring Ride On,F,93655.37,27557.12,0,T1
DGS,Department of General Services,DGS 36 Facilities Maintenance,F,64452,238.57,2061.92,8
REC,Department of Recreation,REC 72 Senior Programs,F,112166,0,3588.34,21
COR,Correction and Rehabilitation,COR 42 MBHS Medical and Behavioral Health Services,F,128198,717.68,8335.6,24
DEP,Department of Environmental Protection,DEP 80 Recycling and Refuse Services,M,112166,11530.23,7293.28,21
DOT,Department of Transportation,DOT 50 Transit Nicholson Ride On,F,94797.08,14800.28,0,T1
POL,Department of Police,POL 47 PSB 3rd District Patrol,F,90149,14606.02,8936.04,16
DOT,Department of Transportation,DOT 50 Highway Services,M,86352,34273.06,2762.48,15
HHS,Department of Health and Human Services,HHS 60 Children Youth and Family Services Division,M,174249.66,0,0,M3
DOT,Department of Transportation,DOT 50 Transit Silver Spring Ride On,M,92036.29,1664.73,0,T1
COR,Correction and Rehabilitation,COR 42 DS MCCF Unit 2 Security,F,131637,50526.9,10937.33,C1
SHF,Sheriff's Office,SHF 48 Child Support,F,79296,0,7860.22,13
DOT,Department of Transportation,DOT 50 Transit Silver Spring Ride On,F,94797.38,1564.99,0,T1
LIB,Department of Public Libraries,LIB 71 Davis Library,F,128198,0,12707.6,24
LIB,Department of Public Libraries,LIB 71 Collection Management,F,128198,0,12581.05,24
COR,Correction and Rehabilitation,COR 42 DS MCDC Custody and Security,F,109539,39076.19,3618.62,C5
DOT,Department of Transportation,DOT 50 Highway Services,M,86352,17501.41,2762.48,15
DOT,Department of Transportation,DOT 50 Transit Silver Spring Ride On,M,97081,21193.93,0,T1
POL,Department of Police,POL 47 Field Services Bureau,M,120811,285.34,12807.24,P4
DPS,Department of Permitting Services,DPS 75 Zoning and Site Plan Compliance,M,122603,0,3922.18,23
POL,Department of Police,POL 47 MSB Communications Division,F,122603,9667.73,0,N23
POL,Department of Police,POL 47 PSB 2nd District Patrol,M,120811,2290.74,12807.24,P4
POL,Department of Police,POL 47 PSB 2nd District Community Operations,M,120811,0,12807.24,P4
HHS,Department of Health and Human Services,HHS 60 Child Welfare Services,F,98322,966.9,4668.22,18
FRS,Fire and Rescue Services,FRS 45 Station 40,M,103472,15910.74,2885.67,F3
ABS,Alcohol Beverage Services,ABS 85 Beer Delivery Operations,M,86352,17891.15,2762.48,15
FRS,Fire and Rescue Services,FRS 45 Station 7,M,113815,210123.77,3916.1,F4
DOT,Department of Transportation,DOT 50 Transit Nicholson Ride On,F,93655.37,807.9,0,T1
FRS,Fire and Rescue Services,FRS 45 Third Battalion - Administration,M,125207,77801.36,4308.1,B1
HHS,Department of Health and Human Services,HHS 60 Public Health Services Division,F,128198,0,12707.6,24
LIB,Department of Public Libraries,LIB 71 Quince Orchard Library,F,41034.85,0,2668.2,13
DOT,Department of Transportation,DOT 50 Transit Nicholson Ride On,F,94797.08,8687.77,0,T1
DOT,Department of Transportation,DOT 50 Transit Central Communication,M,98322,3635.39,9746.18,18
DOT,Department of Transportation,DOT 50 Transit Nicholson Ride On,M,97081,22970.41,0,T1
POL,Department of Police,POL 47 PSB 5th District Station,M,171890.69,0,7397.28,A2
POL,Department of Police,POL 47 FSB Traffic Division School Safety Section,F,34964.97,0,2201.51,10
DGS,Department of General Services,DGS 36 Fleet Management Fleet Services,M,102711,6029.16,3285.78,19
DOT,Department of Transportation,DOT 50 Transit Special Transportation and Medicaid,M,200829,0,0,M2
DOT,Department of Transportation,DOT 50 Transit Gaithersburg Ride On,M,103361.53,6932.34,0,T2
HHS,Department of Health and Human Services,HHS 60 School Health Services,F,78880.38,134.25,2446.59,16
POL,Department of Police,POL 47 FSB Security Services Division,F,98322,21325.22,6393.02,18
TBS,Department of Technology and Enterprise Business Solutions,TBS 34 OPS Public Safety Data Systems,M,153585,0,4913.34,N28
POL,Department of Police,POL 47 PSB 1st District Special Assignment Team,M,126852,28152.2,8810.14,P5
COR,Correction and Rehabilitation,COR 42 DS MCCF Unit 3 Security,M,144116,0,9129.1,C2
FRS,Fire and Rescue Services,FRS 45 Station 9,M,103472,57403.83,10841.51,F3
HRC,Office of Human Rights,HRC 46 Compliance,F,165174.99,0,0,M3
DEP,Department of Environmental Protection,DEP 80 Resource Conversion,M,122603,2018.13,0,N23
FRS,Fire and Rescue Services,FRS 45 Station 3,M,125207,17433.44,4308.1,B1
HHS,Department of Health and Human Services,HHS 60 Aging & Disability Services Division,F,134086,0,0,N25
LIB,Department of Public Libraries,LIB 71 Potomac Library,F,107323,0,0,N20
POL,Department of Police,POL 47 MSB Information Management and Technology Division,F,174641.65,0,0,M3
POL,Department of Police,POL 47 MSB Budget and Capital Management Division Financial and Grants Management Section,F,122603,4786.38,2941.32,23
HHS,Department of Health and Human Services,HHS 60 Office of Eligibility and Support Services,F,79296,0,2536.8,13
POL,Department of Police,POL 47 PSB 4th District Patrol,M,120811,33743.83,12807.24,P4
DOT,Department of Transportation,DOT 50 Transit Gaithersburg Ride On,M,112166,647.12,0,N21
HHS,Department of Health and Human Services,HHS 60 Public Health Services Division,F,128198,0,5093.88,24
DOT,Department of Transportation,DOT 50 Transit Silver Spring Ride On,M,97081,14477.35,0,T1
DGS,Department of General Services,DGS 36 Facilities Maintenance,M,98322,21047.93,6393.02,18
HHS,Department of Health and Human Services,HHS 60 Behavioral Health and Crisis Services Division,F,122603,0,11693.32,23
HHS,Department of Health and Human Services,HHS 60 School Health Services,F,128198,0,4101.12,24
ABS,Alcohol Beverage Services,ABS 85 Goshen Crossing,M,60814.4,479.95,6406.22,12
POL,Department of Police,POL 47 FSB Traffic Division Automated Traffic Enforcement Section,M,86352,0,5614.68,15
POL,Department of Police,POL 47 FSB Traffic Division School Safety Section,F,34964.97,0,1004.3,10
HHS,Department of Health and Human Services,HHS 60 Child Welfare Services,F,128198,0,8677.26,24
DEP,Department of Environmental Protection,DEP 80 Materials Management,M,146770,0,9543.1,27
DGS,Department of General Services,DGS 36 Facilities Major Programs,M,146770,0,4695.32,27
POL,Department of Police,POL 47 PSB 1st District Patrol,M,115223,0,1380.97,P4
POL,Department of Police,POL 47 PSB 6th District Patrol,M,120811,46581.85,8390.62,P4
FRS,Fire and Rescue Services,FRS 45 Station 23,M,125207,104412.72,13381.58,B1
REC,Department of Recreation,REC 72 Youth Development Youth Services,F,119032,0,3961.71,N23
DOT,Department of Transportation,DOT 50 Transit Silver Spring Ride On,M,94797.38,2481.81,0,T1
DPS,Department of Permitting Services,DPS 75 Commercial Electrical and FPS Inspections,M,170487.35,0,0,M3
HHS,Department of Health and Human Services,HHS 60 Office of Eligibility and Support Services,F,107323,15118.25,6305.86,20
DPS,Department of Permitting Services,DPS 75 Residential Inspections,M,112166,89.04,11118.46,21
REC,Department of Recreation,REC 72 Programs Division,F,188450.97,0,0,M2
ABS,Alcohol Beverage Services,ABS 85 Director's Office,F,153585,0,14429.2,N28
TBS,Department of Technology and Enterprise Business Solutions,TBS 34 OBP Community Technology (GF),F,112166,1877.36,0,20
DGS,Department of General Services,DGS 36 Fleet Management Fleet Services,M,99719,0,0,19
DOT,Department of Transportation,DOT 50 Highway Services,M,128198,82846.14,11546.58,N24
HHS,Department of Health and Human Services,HHS 60 Public Health Services Division,M,154243.42,0,0,M3
ABS,Alcohol Beverage Services,ABS 85 Liquor and Wine Loading,M,76018,2233.78,2432.01,12
HCA,Department of Housing and Community Affairs,HCA 76 Housing Code Enforcement,M,122603,291.96,12153,23
HHS,Department of Health and Human Services,HHS 60 School Health Services,F,163612.15,0,0,M3
DOT,Department of Transportation,DOT 50 Parking Management Parking Operations,M,79296,0,5925.31,13
DOT,Department of Transportation,DOT 50 Transit Silver Spring Ride On,F,97081,27940.07,0,T1
ABS,Alcohol Beverage Services,ABS 85 Wheaton,M,60814.4,26.4,3420.84,12
DOT,Department of Transportation,DOT 50 Transit Silver Spring Ride On,M,97081,12852.28,0,T1
DOT,Department of Transportation,DOT 50 Transit Gaithersburg Ride On,M,93655.37,10294.13,0,T1
DOT,Department of Transportation,DOT 50 Parking Management Parking Operations,M,98322,0,3145.54,N18
POL,Department of Police,POL 47 FSB Security Services Division,M,86352,776.61,5614.68,15
HHS,Department of Health and Human Services,HHS 60 School Health Services,F,96148.5,0,2971.88,24
DPS,Department of Permitting Services,DPS 75 Commercial Structural and Complex Structures,M,140274,0,7538.89,26
HHS,Department of Health and Human Services,HHS 60 Public Health Services Division,F,76018,934.24,2432,12
DOT,Department of Transportation,DOT 50 Highway Services,M,86352,21137.71,2762.48,15
POL,Department of Police,POL 47 MSB Information Mgmt and Tech Division Warrant Control Section,F,90149,5845.33,8936.04,16
DOT,Department of Transportation,DOT 50 Transit Nicholson Ride On,M,94797.38,25695.83,0,T1
DOT,Department of Transportation,DOT 50 Transit Gaithersburg Ride On,M,97081,6875.94,0,T1
FRS,Fire and Rescue Services,FRS 45 Station 11,M,103472,173.97,557.17,F3
POL,Department of Police,POL 47 FSB Traffic Division School Safety Section,M,34964.97,0,841.68,10
POL,Department of Police,POL 47 MSB Communications Division,F,174642,0,0,M3
HHS,Department of Health and Human Services,HHS 60 Aging & Disability Services Division,F,64099,0,6390.68,24
HHS,Department of Health and Human Services,HHS 60 Public Health Services Division,F,112166,0,7293.28,21
DOT,Department of Transportation,DOT 50 Highway Services,M,120859.61,82078.13,0,N24
DGS,Department of General Services,DGS 36 Fleet Management Administration,M,112166,10083.5,2771.56,21
DOT,Department of Transportation,DOT 50 Transit Nicholson Ride On,F,112166,2370.98,0,N21
DGS,Department of General Services,DGS 36 Fleet Management Services,M,90149,619.12,2884.02,16
TBS,Department of Technology and Enterprise Business Solutions,TBS 34 OBP Voice Services,M,107323,6670.16,3433.42,20
DOT,Department of Transportation,DOT 50 Transit Silver Spring Ride On,M,97081,2965.8,0,T1
DOT,Department of Transportation,DOT 50 Transit Nicholson Ride On,M,93655.37,7116.4,0,T1
POL,Department of Police,POL 47 PSB 1st District Patrol,F,139532,99119.62,14791.84,A1
DEP,Department of Environmental Protection,DEP 80 Environmental Compliance Group,F,128198,2290.94,4101.12,24
HHS,Department of Health and Human Services,HHS 60 School Health Services,F,78880.38,1040.45,2270.1,16
POL,Department of Police,POL 47 FSB Security Services Division,F,112166,11467.67,7093.8,21
HHS,Department of Health and Human Services,HHS 60 Public Health Services Division,F,128198,0,12707.6,24
HHS,Department of Health and Human Services,HHS 60 Children Youth and Family Services Division,F,112166,0,0,21
HHS,Department of Health and Human Services,HHS 60 Child Welfare Services,F,61301.48,0,6076.56,23
DOT,Department of Transportation,DOT 50 Highway Services,M,86352,18467.76,2762.48,15
POL,Department of Police,POL 47 MSB Information Mgmt and Tech Division Records Management Section,F,102070.53,17929.1,3265.4,16
DGS,Department of General Services,DGS 36 Fleet Management Fleet Services,M,102711,4645.86,6815.28,19
ABS,Alcohol Beverage Services,ABS 85 Beer Delivery Operations,M,69930,10979.8,4529.27,10
HHS,Department of Health and Human Services,HHS 60 School Health Services,F,78880.38,0,7002.93,16
HHS,Department of Health and Human Services,HHS 60 School Health Services,F,174641.65,0,0,M3
DOT,Department of Transportation,DOT 50 Transit Silver Spring Ride On,M,97081,6304.37,0,T1
DOT,Department of Transportation,DOT 50 Transit Silver Spring Ride On,M,97081,1728.15,0,T1
POL,Department of Police,POL 47 FSB Traffic Division School Safety Section,F,34964.97,0,2545.22,10
POL,Department of Police,POL 47 MSB Training and Education Division,M,120811,4116.23,12807.24,P4
DOT,Department of Transportation,DOT 50 Transit Gaithersburg Ride On,F,94797.38,9930.02,0,T1
DPS,Department of Permitting Services,DPS 75 Director's Office,M,223879.77,0,0,M1
DOT,Department of Transportation,DOT 50 Transit Silver Spring Ride On,M,94797.08,4766.96,0,T1
POL,Department of Police,POL 47 MSB Training and Education Division,M,120811,22479.35,12807.24,P4
DOT,Department of Transportation,DOT 50 Transit Silver Spring Ride On,F,94797.08,9093.53,0,T1
OHR,Office of Human Resources,OHR 33 Professional Learning and Org Development,F,112166,0,1121.68,N21
DGS,Department of General Services,DGS 36 Fleet Management Fleet Services,M,102711,3112.58,6678.42,19
DOT,Department of Transportation,DOT 50 Highway Services,M,86352,12638.74,1873.78,15
DOT,Department of Transportation,DOT 50 Transit Nicholson Ride On,F,112166,1819.28,0,N21
COR,Correction and Rehabilitation,COR 42 DS MCCF Unit 3 Security,M,139918,0,7605.91,C2
DOT,Department of Transportation,DOT 50 Transit Silver Spring Ride On,F,94797.08,19252.05,0,T1
HCA,Department of Housing and Community Affairs,HCA 76 Licensing,M,90149,0,5861.66,16
POL,Department of Police,POL 47 PSB 5th District Patrol,M,120811,0,13168.59,P4
DOT,Department of Transportation,DOT 50 Transit Gaithersburg Ride On,M,97081,5036.6,0,T1
HHS,Department of Health and Human Services,HHS 60 Chief Operating Officer Division,M,140274,0,13904.58,26
ABS,Alcohol Beverage Services,ABS 85 Beer Loading,M,98322,3382.57,0,N18
HHS,Department of Health and Human Services,HHS 60 Aging & Disability Services Division,F,128198,0,8335.6,24
REC,Department of Recreation,REC 72 Countywide Programs,F,112166,0,11118.46,21
DGS,Department of General Services,DGS 36 Fleet Management Fleet Services,M,113837,0,1879.93,N22
DOT,Department of Transportation,DOT 50 Highway Services,M,94134,27907.06,6120.72,17
FRS,Fire and Rescue Services,FRS 45 Field Operations Administration,M,125207,109935.97,10391.75,B1
FRS,Fire and Rescue Services,FRS 45 Station 35,M,103472,34638.52,1253.64,F3
HHS,Department of Health and Human Services,HHS 60 School Health Services,F,78880.38,0,6881.6,16
DOT,Department of Transportation,DOT 50 Traffic Engineering Design and Operations,M,174641.65,0,0,M3
FRS,Fire and Rescue Services,FRS 45 Station 6,M,113815,0,11687.32,F4
LIB,Department of Public Libraries,LIB 71 White Oak Library,F,79296,0,5156.04,13
DOT,Department of Transportation,DOT 50 Transit Silver Spring Ride On,M,93655.37,8415.78,0,T1
FRS,Fire and Rescue Services,FRS 45 Station 14,M,103472,72432.46,3560.22,F3
LIB,Department of Public Libraries,LIB 71 White Oak Library,F,112166,0,7293.28,21
POL,Department of Police,POL 47 PSB 4th District Patrol,M,120811,46766.03,12807.24,P4
POL,Department of Police,POL 47 MSB Communications Division,M,122603,26315.55,0,N23
SHF,Sheriff's Office,SHF 48 Administration,M,162088,0,3049.97,D3
SHF,Sheriff's Office,SHF 48 Administration,M,205259.57,0,0,
CAT,County Attorney's Office,CAT 30 Government Operations,F,181336,0,11031.27,N32
FRS,Fire and Rescue Services,FRS 45 Station 7,M,103472,1819.29,1253.64,F3
POL,Department of Police,POL 47 MSB Information Mgmt and Tech Division Records Management Section,M,90149,425.2,8936.04,16
HHS,Department of Health and Human Services,HHS 60 School Health Services,F,78880.38,0,4100.8,16
POL,Department of Police,POL 47 PSB 4th District Patrol,F,90149,3013.44,2884.02,16
DEP,Department of Environmental Protection,DEP 80 Design and Construction,F,146770,0,4695.32,27
HHS,Department of Health and Human Services,HHS 60 Chief Operating Officer Division,M,57576,0,4664.4,5
HHS,Department of Health and Human Services,HHS 60 School Health Services,F,78880.38,0,4199.84,16
FRS,Fire and Rescue Services,FRS 45 Station 6,M,141187,64637.13,6084.18,B2
DGS,Department of General Services,DGS 36 Fleet Management Services,M,90149,2803.88,7536.48,16
CCL,County Council,CCL 01 Council Central Staff,F,200839.7,0,0,M1
HHS,Department of Health and Human Services,HHS 60 School Health Services,F,78880.38,0,7818.92,16
LIB,Department of Public Libraries,LIB 71 Public Service Administration,F,122603,0,8952.04,23
HHS,Department of Health and Human Services,HHS 60 School Health Services,F,78880.38,0,2521.91,16
FRS,Fire and Rescue Services,FRS 45 Station 10,M,113815,1622.89,12164.15,F4
DOT,Department of Transportation,DOT 50 Transit Gaithersburg Ride On,M,97081,11741.68,0,T1
OLR,Office of Labor Relations,OLR 26 Labor Relations Division,M,173924.64,0,0,M3
ORE,Office of Racial Equity and Social Justice,ORE 25 Director's Office,F,112166,0,3588.34,N21
COR,Correction and Rehabilitation,COR 42 DS MCDC Custody and Security,F,131637,13304.56,6884.9,C1
LIB,Department of Public Libraries,LIB 71 Long Branch Library,F,79296,0,4460.52,13
POL,Department of Police,POL 47 FSB Security Services Division,F,90149,3234.06,6319.81,16
FRS,Fire and Rescue Services,FRS 45 Rescue 2,M,141187,99205.73,15089.5,B2
LIB,Department of Public Libraries,LIB 71 Connie Morella Library,F,79296,0,7860.22,13
POL,Department of Police,POL 47 PSB 6th District Special Assignment Team,M,120811,36366.58,8390.62,P4
COR,Correction and Rehabilitation,COR 42 DS MCCF Unit 1 Security,F,109539,119692.02,6791.72,C5
DGS,Department of General Services,DGS 36 Fleet Management Fleet Services,M,102711,789.65,6678.42,19
FRS,Fire and Rescue Services,FRS 45 Station 20,M,113815,42254.76,3916.1,F4
SHF,Sheriff's Office,SHF 48 Court and Transport,F,116404,8299.23,3599.22,G4
TBS,Department of Technology and Enterprise Business Solutions,TBS 34 ODT Geographic Information System,F,153585,0,9986.28,N28
FRS,Fire and Rescue Services,FRS 45 Station 34,M,113815,95569.38,8044.69,F4
HHS,Department of Health and Human Services,HHS 60 Services to End and Prevent Homelessness Division,F,134086,57479.41,4289.54,N25
TBS,Department of Technology and Enterprise Business Solutions,TBS 34 OMC MC311 Call Center,F,90149,1076.6,5861.66,16
DGS,Department of General Services,DGS 36 Automation,M,140274,0,13904.58,26
POL,Department of Police,POL 47 PSB 3rd District Patrol,M,120811,48147.75,8390.62,P4
BOE,Board of Elections,BOE 24 Polling Place Management,M,101108.18,0,0,21
HCA,Department of Housing and Community Affairs,HCA 76 Housing Code Enforcement,M,72411.45,516.93,0,19
BOE,Board of Elections,BOE 24 Registration Services,F,79571.36,0,0,16
BOE,Board of Elections,BOE 24 Registration Services,F,79571.36,0,0,16
HHS,Department of Health and Human Services,HHS 60 School Health Services,F,90149,64.96,0,16
HHS,Department of Health and Human Services,HHS 60 Behavioral Health and Crisis Services Division,F,125921.4,0,0,N26
DPS,Department of Permitting Services,DPS 75 Land Development Sediment and Stormwater Inspection,M,92429.28,9710.72,0,19
TBS,Department of Technology and Enterprise Business Solutions,TBS 34 OMC MC311 Call Center,F,134086,0,0,N25
POL,Department of Police,POL 47 FSB Traffic Division School Safety Section,M,34965,0,0,10
POL,Department of Police,POL 47 PSB 5th District Patrol,M,120811,7863.82,975.84,P4
HHS,Department of Health and Human Services,HHS 60 Children Youth and Family Services Division,F,61301.5,0,3985.94,23
OCP,Office of Consumer Protection,OCP 39 Operations,M,127965.7,0,0,M3
REC,Department of Recreation,REC 72 Business Services,F,134086,0,0,N25
COR,Correction and Rehabilitation,COR 42 DS MCDC Custody and Security,M,109539,41895.45,3344.39,C5
HHS,Department of Health and Human Services,HHS 60 Social Services,M,134086,0,0,N25
HHS,Department of Health and Human Services,HHS 60 Office of Eligibility and Support Services,F,112166,0,0,21
DOT,Department of Transportation,DOT 50 Transportation Technical Center,M,107323,8245.54,0,20
CCL,County Council,CCL 01 Council Members and Staff,F,171351.09,0,0,LB3
HHS,Department of Health and Human Services,HHS 60 Aging & Disability Services Division,F,135831.87,4727.73,0,N26
COR,Correction and Rehabilitation,COR 42 PTS Supervision,F,128198,91.4,0,24
HHS,Department of Health and Human Services,HHS 60 School Health Services,F,78880.38,0,0,16
HHS,Department of Health and Human Services,HHS 60 Behavioral Health and Crisis Services Division,F,72288.9,0,0,13
LIB,Department of Public Libraries,LIB 71 Gaithersburg Library,F,32226.13,0,0,8
HHS,Department of Health and Human Services,HHS 60 Behavioral Health and Crisis Services Division,M,75173.78,3131.94,0,13
REC,Department of Recreation,REC 72 Facilities Division,M,112166,0,0,21
HHS,Department of Health and Human Services,HHS 60 Behavioral Health and Crisis Services Division,F,98322,283.63,0,18
ABS,Alcohol Beverage Services,ABS 85 Administrative Services,M,79296,0,0,13
DOT,Department of Transportation,DOT 50 Transit Silver Spring Ride On,M,94797.08,13895.93,0,T1
REC,Department of Recreation,REC 72 Youth Development Youth Services,F,122603,549.74,0,N23
LIB,Department of Public Libraries,LIB 71 Chevy Chase Library,F,118020.93,0,0,24
TBS,Department of Technology and Enterprise Business Solutions,TBS 34 OMC MC311 Call Center,F,90149,0,0,16
DOT,Department of Transportation,DOT 50 Highway Administration,M,69726.98,16526.01,0,19
HHS,Department of Health and Human Services,HHS 60 School Health Services,F,128198,0,0,24
LIB,Department of Public Libraries,LIB 71 Damascus Library,F,40309.82,0,0,13
LIB,Department of Public Libraries,LIB 71 Olney Library,F,49003.07,0,0,18
DOT,Department of Transportation,DOT 50 Highway Administration,M,102711,0,0,19
HHS,Department of Health and Human Services,HHS 60 School Health Services,F,78880.38,34.66,4279.43,16
FRS,Fire and Rescue Services,FRS 45 Logistics,F,98322,0,0,N18
POL,Department of Police,POL 47 FSB Traffic Division School Safety Section,F,28292,0,0,10
ABS,Alcohol Beverage Services,ABS 85 Montrose,M,79804.7,2723.68,0,14
REC,Department of Recreation,REC 72 Senior Programs,F,112166,0,0,21
ABS,Alcohol Beverage Services,ABS 85 Director's Office,F,107879.45,0,0,N21
DOT,Department of Transportation,DOT 50 Transit Gaithersburg Ride On,F,93655,2030.24,0,T1
HHS,Department of Health and Human Services,HHS 60 Office of Eligibility and Support Services,F,38009.28,0,0,12
DOT,Department of Transportation,DOT 50 Highway Administration,M,117252,16014.37,0,22
REC,Department of Recreation,REC 72 Facilities Division,F,102442.7,573.81,0,21
POL,Department of Police,POL 47 MSB Communications Division,M,107568.52,2414.08,0,N25
DOT,Department of Transportation,DOT 50 Transit Gaithersburg Ride On,F,92514,4363.11,0,T1
DOT,Department of Transportation,DOT 50 Transit Gaithersburg Ride On,F,89818.8,4363.11,0,T1
LIB,Department of Public Libraries,LIB 71 Collection Management,F,71563.89,0,0,13
DOT,Department of Transportation,DOT 50 Transit Silver Spring Ride On,M,102219.89,17058.07,0,T2
REC,Department of Recreation,REC 72 Aquatic Team Management,F,122603,0,0,N23
FRS,Fire and Rescue Services,FRS 45 Fifth Battalion - Administration,M,120974,75.64,0,B1
ABS,Alcohol Beverage Services,ABS 85 Goshen Crossing,M,79058.76,382.28,0,14
HHS,Department of Health and Human Services,HHS 60 Aging & Disability Services Division,F,28788,0,0,5
TBS,Department of Technology and Enterprise Business Solutions,TBS 34 OMC MC311 Call Center,F,90149,524.46,0,16
ABS,Alcohol Beverage Services,ABS 85 Silver Spring,M,38009,558.88,0,12
REC,Department of Recreation,REC 72 Youth Development Youth Services,M,113784.75,0,0,N23
REC,Department of Recreation,REC 72 Aquatic Team Management,M,116611.29,1262.17,0,N23
ABS,Alcohol Beverage Services,ABS 85 White Oak,F,56237.74,320.01,0,12
FRS,Fire and Rescue Services,FRS 45 Station 31,M,109965,94807.87,0,F4
FRS,Fire and Rescue Services,FRS 45 Emergency Communications Center (ECC),M,87116,27739.32,0,F3
COR,Correction and Rehabilitation,COR 42 DS Detention Services,M,57576,0,0,5
OAS,Office of Animal Services,OAS 38 Animal Services Division,F,107323,11043.69,0,20
HHS,Department of Health and Human Services,HHS 60 Children Youth and Family Services Division,M,88655.34,0,0,18
REC,Department of Recreation,REC 72 Special Programs,M,86033.53,0,0,18
HHS,Department of Health and Human Services,HHS 60 Office of Eligibility and Support Services,F,107323,0,0,20
DGS,Department of General Services,DGS 36 Facilities Maintenance,M,71646.03,24024.67,0,12
LIB,Department of Public Libraries,LIB 71 Little Falls Library,F,32226.13,0,0,8
POL,Department of Police,POL 47 CRB Policy and Planning Division,F,174641.65,0,0,M3
DOT,Department of Transportation,DOT 50 Transit Safety and Instruction,M,102711,481.47,0,N19
OHR,Office of Human Resources,OHR 33 Professional Learning and Org Development,F,94234.44,0,0,N22
CEC,Community Engagement Cluster,CEC 16 Gilchrist Center,F,85958.38,341.09,0,16
ABS,Alcohol Beverage Services,ABS 85 Flower Avenue,M,76583.63,375.05,0,14
ABS,Alcohol Beverage Services,ABS 85 Aspen Hill,M,88918.86,973.49,0,N18
ABS,Alcohol Beverage Services,ABS 85 Seneca Meadows,F,78361.41,734.3,0,14
POL,Department of Police,POL 47 PSB 6th District Community Action Team,F,108963,668,0,P4
DOT,Department of Transportation,DOT 50 Transit Silver Spring Ride On,M,94797.38,18472.96,0,T1
DOT,Department of Transportation,DOT 50 Transit Safety and Instruction,M,77375.76,1270.64,0,N19
FRS,Fire and Rescue Services,FRS 45 Fourth Battalion - Administration,M,125207,50859.06,0,B1
HHS,Department of Health and Human Services,HHS 60 Aging & Disability Services Division,M,28788,0,0,5
LIB,Department of Public Libraries,LIB 71 Olney Library,F,77924.1,0,0,13
ABS,Alcohol Beverage Services,ABS 85 White Oak,M,83498.78,657.56,0,N18
FRS,Fire and Rescue Services,FRS 45 Station 12,M,69855,15026.43,0,F2
CEC,Community Engagement Cluster,CEC 16 Silver Spring Urban District,M,67088,5348.35,0,9
POL,Department of Police,POL 47 MSB Training and Education Division,F,70056,454.7,0,P1
ABS,Alcohol Beverage Services,ABS 85 Hampden Lane,F,79804.7,117.46,0,14
DOT,Department of Transportation,DOT 50 Transit Gaithersburg Ride On,M,93654.81,1970.79,0,T1
ABS,Alcohol Beverage Services,ABS 85 Beer Warehouse Operations,M,71646.03,131.12,0,12
COR,Correction and Rehabilitation,COR 42 DS MCCF Unit 3 Security,M,99453,36320.29,0,C5
LIB,Department of Public Libraries,LIB 71 Connie Morella Library,F,87044.18,0,0,16
ABS,Alcohol Beverage Services,ABS 85 Montrose,M,82745,1100.88,0,14
HHS,Department of Health and Human Services,HHS 60 School Health Services,F,78880.38,287.84,0,16
DOT,Department of Transportation,DOT 50 Highway Administration,M,145627.03,0,0,M3
ABS,Alcohol Beverage Services,ABS 85 Downtown Rockville,M,86326.04,0,0,N18
ABS,Alcohol Beverage Services,ABS 85 Cabin John,M,82745,0,0,14
ABS,Alcohol Beverage Services,ABS 85 Liquor and Wine Loading,M,69684.52,11201.62,0,12
FIN,Department of Finance,FIN 32 Safety,F,147495.07,0,0,M3
POL,Department of Police,POL 47 PSB 3rd District Special Assignment Team,M,122560,56475.39,0,P5
REC,Department of Recreation,REC 72 Aquatic Team Management,M,90964.03,0,0,21
FRS,Fire and Rescue Services,FRS 45 Station 15,M,99181,46235.13,0,F4
FRS,Fire and Rescue Services,FRS 45 Station 32,M,141187,8443.75,0,B2
REC,Department of Recreation,REC 72 Youth Development,F,120623.76,0,0,N23
LIB,Department of Public Libraries,LIB 71 Collection Management,F,71563.89,0,0,13
ABS,Alcohol Beverage Services,ABS 85 Director's Office,F,98322,0,0,18
FRS,Fire and Rescue Services,FRS 45 Field Operations Administration,M,141187,58767.05,0,B2
REC,Department of Recreation,REC 72 Senior Programs,M,97977.67,0,0,18
COR,Correction and Rehabilitation,COR 42 MBHS Medical and Behavioral Health Services,F,123096.91,8078.47,0,24
ABS,Alcohol Beverage Services,ABS 85 Beer Delivery Operations,M,86352,6703.99,0,15
CEC,Community Engagement Cluster,CEC 16 Silver Spring Urban District,M,67088,1910.36,0,9
ABS,Alcohol Beverage Services,ABS 85 Clarksburg Village,M,89195.96,279.68,0,N18
TBS,Department of Technology and Enterprise Business Solutions,TBS 34 CIO System Center Configuration Management,M,141088.62,0,0,N28
LIB,Department of Public Libraries,LIB 71 Rockville Library,F,66968.54,0,0,13
LIB,Department of Public Libraries,LIB 71 White Oak Library,F,77808.02,0,0,13
HHS,Department of Health and Human Services,HHS 60 School Health Services,F,78880.38,0,0,16
LIB,Department of Public Libraries,LIB 71 Gaithersburg Library,F,79296,0,0,13
ABS,Alcohol Beverage Services,ABS 85 Cabin John,M,86434.63,159.63,0,N18
LIB,Department of Public Libraries,LIB 71 Materials Delivery,M,76018,0,0,12
ABS,Alcohol Beverage Services,ABS 85 King Farm,F,60814.4,131.71,0,12
ABS,Alcohol Beverage Services,ABS 85 Wheaton,M,60814.4,1366.09,0,12
FRS,Fire and Rescue Services,FRS 45 Station 31,M,109965,56918.39,0,F4
CCL,County Council,CCL 01 Council Members and Staff,M,53384.69,0,0,N22
HHS,Department of Health and Human Services,HHS 60 School Health Services,F,99823.04,0,0,24
LIB,Department of Public Libraries,LIB 71 Aspen Hill Library,F,107291.71,0,0,21
CEC,Community Engagement Cluster,CEC 16 Wheaton Urban District,M,84339.3,1406.98,0,N16
ABS,Alcohol Beverage Services,ABS 85 Cloverly,M,58039.79,0,0,12
FRS,Fire and Rescue Services,FRS 45 Emergency Medical And Integrated Healthcare Services,F,144439.74,0,0,M3
FRS,Fire and Rescue Services,FRS 45 Station 16,M,125207,67590.25,0,B1
POL,Department of Police,POL 47 PSB 1st District Special Assignment Team,M,112778,10784.37,0,P4
REC,Department of Recreation,REC 72 Office of the Director,F,92700,0,0,N18
FRS,Fire and Rescue Services,FRS 45 Station 17,F,103472,25665.44,0,F3
COR,Correction and Rehabilitation,COR 42 DS MCCF Unit 3 Security,M,68620,10260.44,0,C4
ABS,Alcohol Beverage Services,ABS 85 Darnestown,M,82745,1563.58,0,14
FRS,Fire and Rescue Services,FRS 45 Emergency Communications Center (ECC),M,103472,47184.78,0,F3
ABS,Alcohol Beverage Services,ABS 85 White Oak,M,32202.94,1348.19,0,12
HHS,Department of Health and Human Services,HHS 60 Children Youth and Family Services Division,M,72100,0,0,18
REC,Department of Recreation,REC 72 Youth Development Youth Services,F,94915.84,531.65,0,21
PIO,Office of Public Information,PIO 23 Cable Programming,F,112166,0,0,N21
DOT,Department of Transportation,DOT 50 Highway Administration,M,113351.59,23694.75,0,22
DOT,Department of Transportation,DOT 50 Transit Gaithersburg Ride On,M,93654.81,13808.88,0,T1
REC,Department of Recreation,REC 72 Facilities Division,F,80986.78,0,0,18
DOT,Department of Transportation,DOT 50 Transit Gaithersburg Ride On,M,94797.08,25307.63,0,T1
COR,Correction and Rehabilitation,COR 42 MBHS Medical and Behavioral Health Services,F,134086,0,0,N25
TBS,Department of Technology and Enterprise Business Solutions,TBS 34 OMC MC311 Call Center,M,116969.23,0,0,N23
DGS,Department of General Services,DGS 36 Central Duplicating,M,107323,13581.06,0,N20
LIB,Department of Public Libraries,LIB 71 Detention Center Library,F,58046.18,0,0,21
LIB,Department of Public Libraries,LIB 71 Kensington Park Library,F,39647.9,0,0,13
ABS,Alcohol Beverage Services,ABS 85 Westwood,M,54740.44,119.35,0,12
HHS,Department of Health and Human Services,HHS 60 Public Health Services Division,F,79296,0,0,13
ABS,Alcohol Beverage Services,ABS 85 Beer Delivery Operations,F,76592.02,20739.08,0,N18
LIB,Department of Public Libraries,LIB 71 Olney Library,F,39648,0,0,13
REC,Department of Recreation,REC 72 Facilities Division,F,78148.11,0,0,18
COR,Correction and Rehabilitation,COR 42 MBHS Medical and Behavioral Health Services,M,98322,20253.37,0,18
DOT,Department of Transportation,DOT 50 Transit Central Communication,F,98322,2224.39,0,18
DPS,Department of Permitting Services,DPS 75 Zoning and Site Plan Compliance,F,112166,323.56,0,21
HHS,Department of Health and Human Services,HHS 60 School Health Services,F,65680.86,0,0,16
DOT,Department of Transportation,DOT 50 Highway Administration,M,126141.22,0,0,N25
DOT,Department of Transportation,DOT 50 Transit Silver Spring Ride On,M,112166,4080.85,0,N21
CEC,Community Engagement Cluster,CEC 16 Silver Spring Urban District,M,86852.8,4480.62,0,N17
HHS,Department of Health and Human Services,HHS 60 Public Health Services Division,F,85657.35,0,0,18
ABS,Alcohol Beverage Services,ABS 85 Kingsview,F,60814.4,462.55,0,12
ABS,Alcohol Beverage Services,ABS 85 Beer Delivery Operations,M,86352,11813.57,0,15
FRS,Fire and Rescue Services,FRS 45 Station 15,M,103472,0,0,F3
HHS,Department of Health and Human Services,HHS 60 School Health Services,F,76762.9,0,0,16
FRS,Fire and Rescue Services,FRS 45 Station 3,M,113815,4664.72,0,F4
DOT,Department of Transportation,DOT 50 Transit Nicholson Ride On,M,93655,3381.18,0,T1
DOT,Department of Transportation,DOT 50 Transit Silver Spring Ride On,M,93655.37,69996.62,0,T1
DOT,Department of Transportation,DOT 50 Transit Nicholson Ride On,M,97081,13156.97,0,T1
ABS,Alcohol Beverage Services,ABS 85 Burtonsville,F,56349.31,240.56,0,12
ABS,Alcohol Beverage Services,ABS 85 Muddy Branch,M,77721.38,1630.15,0,14
DOT,Department of Transportation,DOT 50 Transit Gaithersburg Ride On,M,93654.81,36408.17,0,T1
CEC,Community Engagement Cluster,CEC 16 Silver Spring Urban District,M,88832.78,20543.23,0,N17
ABS,Alcohol Beverage Services,ABS 85 King Farm,M,81577.85,771.23,0,14
ABS,Alcohol Beverage Services,ABS 85 Wholesale Operations,M,112166,3969.14,0,21
CCL,County Council,CCL 01 Council Members and Staff,F,187490.56,0,0,LB3
LIB,Department of Public Libraries,LIB 71 White Oak Library,F,104192.94,0,0,21
LIB,Department of Public Libraries,LIB 71 Davis Library,M,39647.9,0,0,13
FRS,Fire and Rescue Services,FRS 45 Station 8,M,102653,19317.88,0,F4
DOT,Department of Transportation,DOT 50 Highway Administration,M,117252,18335.2,0,22
REC,Department of Recreation,REC 72 Facilities Division,F,88529.35,255.38,0,18
REC,Department of Recreation,REC 72 Aquatic Team Management,M,92796.64,0,0,21
DOT,Department of Transportation,DOT 50 Transit Gaithersburg Ride On,F,93655.37,19131,0,T1
FRS,Fire and Rescue Services,FRS 45 Station 33,M,98543,28547.51,0,F2
DOT,Department of Transportation,DOT 50 Transit Gaithersburg Ride On,M,95939.35,15631.39,0,T1
HHS,Department of Health and Human Services,HHS 60 Office of Eligibility and Support Services,M,127847.37,516.75,0,N24
CEX,Offices of the County Executive,CEX 15 Business Advancement Team,M,134086,0,0,N25
FRS,Fire and Rescue Services,FRS 45 Field Operations Administration,M,113815,2610.18,0,F4
REC,Department of Recreation,REC 72 Facilities Division,F,112166,628.28,0,21
FRS,Fire and Rescue Services,FRS 45 Station 23,M,98543,234.76,0,F2
DOT,Department of Transportation,DOT 50 Parking Management Engineering and Capital Project Management,M,76018,2419.09,0,12
FRS,Fire and Rescue Services,FRS 45 Station 23,M,84172,34567.08,0,F3
HHS,Department of Health and Human Services,HHS 60 Child Welfare Services,F,98322,5463.11,0,18
REC,Department of Recreation,REC 72 Aquatic Team Management,M,99194.21,0,0,21
LIB,Department of Public Libraries,LIB 71 Kensington Park Library,F,39333.82,0,0,13
HHS,Department of Health and Human Services,HHS 60 School Health Services,F,78880.38,0,0,16
DOT,Department of Transportation,DOT 50 Highway Services,M,86352,32470.3,0,15
ABS,Alcohol Beverage Services,ABS 85 Liquor and Wine Delivery Operations,M,69930,3624.63,0,10
ABS,Alcohol Beverage Services,ABS 85 Beer Delivery Operations,M,86352,0,0,15
CEC,Community Engagement Cluster,CEC 16 Silver Spring Urban District,M,65134,2409.72,0,9
DOT,Department of Transportation,DOT 50 Transit Gaithersburg Ride On,M,112166,3732.35,0,N21
ABS,Alcohol Beverage Services,ABS 85 Kingsview,M,81639.22,1040.65,0,14
FRS,Fire and Rescue Services,FRS 45 Emergency Communications Center (ECC),M,113815,44275.61,0,F4
DOT,Department of Transportation,DOT 50 Transit Gaithersburg Ride On,M,92513.57,24381.52,0,T1
DGS,Department of General Services,DGS 36 Fleet Management Fleet Services,M,102711,0,0,19
DOT,Department of Transportation,DOT 50 Development Review,M,134086,0,0,25
POL,Department of Police,POL 47 MSB Communications Division,F,120691.31,9823.98,0,N23
TBS,Department of Technology and Enterprise Business Solutions,TBS 34 OMC MC311 Call Center,F,79296,0,0,13
DOT,Department of Transportation,DOT 50 Transportation Technical Center,M,96933.77,29936.7,0,18
HHS,Department of Health and Human Services,HHS 60 Office of Eligibility and Support Services,F,116464.27,1175.86,0,22
COR,Correction and Rehabilitation,COR 42 DS Food Services,M,96797.67,29352.06,0,18
HHS,Department of Health and Human Services,HHS 60 School Health Services,F,78880.38,227.55,0,16
HHS,Department of Health and Human Services,HHS 60 School Health Services,F,78880.38,0,0,16
DOT,Department of Transportation,DOT 50 Transit Silver Spring Ride On,F,93654.81,15669.92,0,T1
HHS,Department of Health and Human Services,HHS 60 Aging & Disability Services Division,F,118055.2,0,0,23
HHS,Department of Health and Human Services,HHS 60 School Health Services,F,78880.38,292.59,0,16
HHS,Department of Health and Human Services,HHS 60 School Health Services,F,78880.38,126.24,0,16
CUS,Community Use of Public Facilities,CUS 70 Community Relations and Special Projects,F,98322,0,0,18
DEP,Department of Environmental Protection,DEP 80 Strategic and Administrative Services Division,M,139266.18,0,0,N30
REC,Department of Recreation,REC 72 Aquatic Team Management,F,90149,0,0,16
HHS,Department of Health and Human Services,HHS 60 Behavioral Health and Crisis Services Division,F,107323,0,0,20
HHS,Department of Health and Human Services,HHS 60 Child Welfare Services,F,98322,0,0,18
DOT,Department of Transportation,DOT 50 Transit Gaithersburg Ride On,M,92513.57,14650.2,0,T1
DOT,Department of Transportation,DOT 50 Transit Gaithersburg Ride On,M,92513.57,25605.9,0,T1
DEP,Department of Environmental Protection,DEP 80 Monitoring and Planning,M,122603,0,0,23
HHS,Department of Health and Human Services,HHS 60 Behavioral Health and Crisis Services Division,F,64098.96,0,2673.51,24
DOT,Department of Transportation,DOT 50 Transit Silver Spring Ride On,M,92513.57,13280.7,0,T1
DOT,Department of Transportation,DOT 50 Transit Gaithersburg Ride On,M,92513.57,13787.61,0,T1
DOT,Department of Transportation,DOT 50 Transit Gaithersburg Ride On,M,103361.53,17283.66,0,T2
DOT,Department of Transportation,DOT 50 Transit Silver Spring Ride On,M,92513.57,13057.21,0,T1
ABS,Alcohol Beverage Services,ABS 85 Fallsgrove,F,25500,1.84,0,12
DOT,Department of Transportation,DOT 50 Transit Gaithersburg Ride On,M,92513.57,3845.62,0,T1
TBS,Department of Technology and Enterprise Business Solutions,TBS 34 OMC MC311 Call Center,M,122603,0,0,N23
DOT,Department of Transportation,DOT 50 Transit Gaithersburg Ride On,M,92513.83,4149.79,0,T1
ABS,Alcohol Beverage Services,ABS 85 Gaithersburg Square,M,77326.91,1140.16,0,14
REC,Department of Recreation,REC 72 Aquatic Team Management,M,113768.5,0,0,N23
LIB,Department of Public Libraries,LIB 71 Marilyn J Praisner Library,F,39648,0,496.84,13
FRS,Fire and Rescue Services,FRS 45 Station 4,M,98543,23604.44,0,F2
FRS,Fire and Rescue Services,FRS 45 Station 15,M,113815,58012.34,0,F4
NDA,Non-Departmental Account,NDA 99 MCIB,M,214884,0,0,N39
FRS,Fire and Rescue Services,FRS 45 Station 16,M,87116,0,0,F3
FRS,Fire and Rescue Services,FRS 45 Station 18,M,113815,47659.22,0,F4
FRS,Fire and Rescue Services,FRS 45 Station 18,M,99972,674.64,0,F3
REC,Department of Recreation,REC 72 Youth Development Youth Services,M,112166,706.81,0,21
FRS,Fire and Rescue Services,FRS 45 Station 6,M,103472,722.72,0,F3
ABS,Alcohol Beverage Services,"ABS 85 Licensure, Regulation and Education",M,117252,0,0,22
HHS,Department of Health and Human Services,HHS 60 Chief Operating Officer Division,F,174641.65,0,0,M3
HHS,Department of Health and Human Services,HHS 60 Behavioral Health and Crisis Services Division,M,128198,0,0,24
HHS,Department of Health and Human Services,HHS 60 School Health Services,F,72565.33,0,0,16
POL,Department of Police,POL 47 FSB Traffic Division Central Traffic Enforcement,M,120811,15946.65,0,P4
HHS,Department of Health and Human Services,HHS 60 Child Welfare Services,F,128198,0,0,24
DGS,Department of General Services,DGS 36 Fleet Automotive Heavy Equipment,M,82087.32,1784.36,0,18
DEP,Department of Environmental Protection,DEP 80 Communications and Public Engagement,F,105059.9,0,0,23
POL,Department of Police,POL 47 PSB 4th District Patrol,M,139532,53300.86,0,A1
HHS,Department of Health and Human Services,HHS 60 Child Welfare Services,F,128426.77,0,0,N25
COR,Correction and Rehabilitation,COR 42 MBHS Medical and Behavioral Health Services,M,128198,137.34,0,24
COR,Correction and Rehabilitation,COR 42 DS MCCF Unit 1 Security,M,120293,23374.3,0,C6
LIB,Department of Public Libraries,LIB 71 Davis Library,F,30457.2,0,0,8
LIB,Department of Public Libraries,LIB 71 Gaithersburg Library,F,56296.77,0,0,13
POL,Department of Police,POL 47 PSB 1st District Patrol,M,120811,25866.03,0,P4
POL,Department of Police,POL 47 MSB Training and Education Division,F,120811,15224.77,0,P4
POL,Department of Police,POL 47 PSB 5th District Special Assignment Team,M,120811,19488.47,0,P4
POL,Department of Police,POL 47 PSB 5th District Special Assignment Team,M,139532,37238.74,0,A1
POL,Department of Police,POL 47 FSB Traffic Division Central Traffic Enforcement,M,120811,9567.83,0,P4
POL,Department of Police,POL 47 PSB 6th District Patrol,M,139532,5840.93,0,A1
POL,Department of Police,POL 47 PSB 1st District Special Assignment Team,M,120811,48544.57,0,P4
POL,Department of Police,POL 47 PSB 2nd District Patrol,M,120811,593.77,0,P4
POL,Department of Police,POL 47 PSB 3rd District Community Operations,F,120811,8472.5,8390.62,P4
POL,Department of Police,POL 47 PSB 1st District Patrol,M,120811,1096.35,0,P4
POL,Department of Police,POL 47 PSB 5th District Patrol,M,126852,17508.96,0,P5
POL,Department of Police,POL 47 MSB Training and Education Division,M,120811,14246.12,0,P4
REC,Department of Recreation,REC 72 Countywide Programs,F,112166,0,0,21
CEC,Community Engagement Cluster,CEC 16 Community Partnerships,F,55277.69,0,0,23
HHS,Department of Health and Human Services,HHS 60 Office of Eligibility and Support Services,F,38009.28,0,0,12
POL,Department of Police,POL 47 CRB Community Engagement Division Community Engagement Section,M,139532,34197.71,0,A1
DOT,Department of Transportation,DOT 50 Transit Gaithersburg Ride On,M,93654.81,44513.83,0,T1
DOT,Department of Transportation,DOT 50 Transit Silver Spring Ride On,M,93654.81,3816.42,0,T1
DOT,Department of Transportation,DOT 50 Transit Gaithersburg Ride On,M,89818.8,7227.52,0,T1
DOT,Department of Transportation,DOT 50 Transit Nicholson Ride On,M,92513.57,2930.42,0,T1
ABS,Alcohol Beverage Services,ABS 85 Liquor and Wine Loading,M,69424.38,2280.47,0,13
COR,Correction and Rehabilitation,COR 42 PRRS Facility and Security,M,107323,28637.77,0,20
COR,Correction and Rehabilitation,COR 42 DS MCDC Custody and Security,M,109539,33931.42,0,C5
LIB,Department of Public Libraries,LIB 71 Connie Morella Library,F,47345.73,0,0,18
HHS,Department of Health and Human Services,HHS 60 School Health Services,F,128198,0,0,24
HHS,Department of Health and Human Services,HHS 60 Aging & Disability Services Division,F,128198,0,0,24
HHS,Department of Health and Human Services,HHS 60 Aging & Disability Services Division,F,90149,0,0,16
HHS,Department of Health and Human Services,HHS 60 School Health Services,F,76514.34,0,0,16
HHS,Department of Health and Human Services,HHS 60 School Health Services,F,76513.82,0,0,16
HHS,Department of Health and Human Services,HHS 60 School Health Services,F,76513.82,157.66,0,16
POL,Department of Police,POL 47 FSB Security Services Division,M,116969.11,32342.57,0,N23
ABS,Alcohol Beverage Services,ABS 85 Beer Delivery Operations,M,86352,3253.02,0,15
POL,Department of Police,POL 47 FSB Traffic Division School Safety Section,F,34965,0,0,10
POL,Department of Police,POL 47 MSB Budget and Capital Management Division False Alarm Reduction Unit,M,98322,13796.51,1990.44,18
HHS,Department of Health and Human Services,HHS 60 Office of Eligibility and Support Services,F,128198,0,0,N24
POL,Department of Police,POL 47 FSB Traffic Division School Safety Section,F,34965,0,0,10
POL,Department of Police,POL 47 FSB Traffic Division School Safety Section,F,34965,0,0,10
POL,Department of Police,POL 47 FSB Traffic Division School Safety Section,F,34965,0,0,10
DOT,Department of Transportation,DOT 50 Transit Special Transportation and Medicaid,F,112166,0,0,21
DGS,Department of General Services,DGS 36 Director,M,223879.77,0,0,M1
HHS,Department of Health and Human Services,HHS 60 School Health Services,M,98322,0,0,18
HHS,Department of Health and Human Services,HHS 60 Aging & Disability Services Division,F,112166,0,0,21
POL,Department of Police,POL 47 PSB 1st District Patrol,M,112778,989.16,0,P4
POL,Department of Police,POL 47 FSB Traffic Division School Safety Section,F,34965,0,0,10
HHS,Department of Health and Human Services,HHS 60 Aging & Disability Services Division,F,112166,0,0,21
POL,Department of Police,POL 47 FSB Traffic Division School Safety Section,F,34965,0,0,10
DOT,Department of Transportation,DOT 50 Transit Gaithersburg Ride On,F,92514,472.64,0,T1
LIB,Department of Public Libraries,LIB 71 Twinbrook Library,F,32226.13,0,0,8
ABS,Alcohol Beverage Services,ABS 85 Special Order Liquor and Wine Warehouse Operations,M,84087.47,17443.16,0,N17
CAT,County Attorney's Office,CAT 30 County Attorney's Office,M,181336,0,0,N32
LIB,Department of Public Libraries,LIB 71 Connie Morella Library,F,25976.93,0,0,13
HHS,Department of Health and Human Services,HHS 60 Behavioral Health and Crisis Services Division,F,115606.01,0,0,N25
DOT,Department of Transportation,DOT 50 Transportation Construction Section,M,98453.85,0,0,23
TBS,Department of Technology and Enterprise Business Solutions,TBS 34 OMC MC311 Call Center,M,116969.25,0,0,N23
HHS,Department of Health and Human Services,HHS 60 Child Welfare Services,M,128198,276.18,0,24
DOT,Department of Transportation,DOT 50 Transit Services Information Technology,M,102711,0,0,19
ABS,Alcohol Beverage Services,ABS 85 Special Order Liquor and Wine Warehouse Operations,M,75172.68,6596.78,0,13
COR,Correction and Rehabilitation,COR 42 MSD Procurement and Contracts,F,122603,0,0,N23
POL,Department of Police,POL 47 MSB Personnel Division Background Section,F,134086,0,2987.7,N25
DOT,Department of Transportation,DOT 50 Highway Services,M,86352,32998.47,0,15
POL,Department of Police,POL 47 MSB Personnel Division Background Section,M,108899,0,0,21
CEC,Community Engagement Cluster,CEC 16 Silver Spring Urban District,M,92265.47,24846.23,0,N17
POL,Department of Police,POL 47 MSB Personnel Division Background Section,M,112166,0,0,21
LIB,Department of Public Libraries,LIB 71 Twinbrook Library,F,93597.82,0,0,N20
HCA,Department of Housing and Community Affairs,HCA 76 Finance and Administration Division,F,200829,0,0,M2
CCL,County Council,CCL 01 Council Central Staff,M,153585,0,0,N28
HHS,Department of Health and Human Services,HHS 60 Children Youth and Family Services Division,F,134086,0,0,N25
DOT,Department of Transportation,DOT 50 Transit Gaithersburg Ride On,M,95939.35,17095.69,0,T1
DOT,Department of Transportation,DOT 50 Transit Operations and Planning,F,95565.36,0,0,N21
DOT,Department of Transportation,DOT 50 Transit Gaithersburg Ride On,M,92513.57,1919.06,0,T1
DOT,Department of Transportation,DOT 50 Transit Gaithersburg Ride On,M,92513.57,20452.52,0,T1
DOT,Department of Transportation,DOT 50 Transit Gaithersburg Ride On,M,93654.81,14282.02,0,T1
DOT,Department of Transportation,DOT 50 Transit Silver Spring Ride On,M,92513.57,9946.05,0,T1
DOT,Department of Transportation,DOT 50 Highway Services,M,90149,20400.41,0,16
DPS,Department of Permitting Services,DPS 75 Commercial Electrical and FPS Inspections,M,122603,1591.5,0,23
POL,Department of Police,POL 47 FSB Traffic Division School Safety Section,F,34965,0,0,10
HHS,Department of Health and Human Services,HHS 60 Child Welfare Services,M,128198,17203.52,0,24
HHS,Department of Health and Human Services,HHS 60 Chief Operating Officer Division,F,122603,0,0,23
HHS,Department of Health and Human Services,HHS 60 Children Youth and Family Services Division,F,87497.12,0,0,18
POL,Department of Police,POL 47 MSB Communications Division,F,102711,11230.91,0,19
POL,Department of Police,POL 47 MSB Information Mgmt and Tech Division Warrant Control Section,M,86704.93,1001.86,0,16
POL,Department of Police,POL 47 PSB 3rd District Patrol,F,82393.41,13856.3,0,16
POL,Department of Police,POL 47 MSB Communications Division,M,51355.5,188.08,0,19
DPS,Department of Permitting Services,DPS 75 Commercial Electrical and FPS Inspections,M,122603,0,0,23
DPS,Department of Permitting Services,DPS 75 Commercial Bldg/LS/Access/FPS,M,140274,0,0,26
POL,Department of Police,POL 47 MSB Budget and Capital Management Division Financial and Grants Management Section,F,84609.33,1432.09,0,16
POL,Department of Police,POL 47 FSB Security Services Division,M,109702.67,519.49,0,N23
POL,Department of Police,POL 47 PSB 4th District Patrol,M,94951,189.31,0,P4
LIB,Department of Public Libraries,LIB 71 Damascus Library,F,71205.15,0,0,16
DGS,Department of General Services,DGS 36 Fleet Management Fleet Services,M,102711,0,0,19
DOT,Department of Transportation,DOT 50 Highway Services,M,93556.38,52450.01,0,N21
DGS,Department of General Services,DGS 36 Fleet Management Fleet Services,M,102711,0,0,19
DGS,Department of General Services,DGS 36 Fleet Automotive Heavy Equipment,M,102711,9845.75,0,19
DOT,Department of Transportation,DOT 50 Parking Management Parking Operations,F,72411.38,0,0,11
HHS,Department of Health and Human Services,HHS 60 Behavioral Health and Crisis Services Division,F,128198,0,0,24
HHS,Department of Health and Human Services,HHS 60 Child Welfare Services,F,128198,0,0,24
HHS,Department of Health and Human Services,HHS 60 Office of Eligibility and Support Services,M,102785.29,8852.14,0,20
DPS,Department of Permitting Services,DPS 75 Commercial Electrical and FPS Inspections,M,122603,3386.47,0,23
HHS,Department of Health and Human Services,HHS 60 School Health Services,F,76513.85,0,0,16
HHS,Department of Health and Human Services,HHS 60 School Health Services,F,76514.34,0,0,16
FRS,Fire and Rescue Services,FRS 45 Fleet Operations,M,122603,16446.81,0,23
DOT,Department of Transportation,DOT 50 Transit Management Services,F,122603,0,0,N23
LIB,Department of Public Libraries,LIB 71 Brigadier General Charles E. McGee Library,F,27580.44,0,0,8
DOT,Department of Transportation,DOT 50 Transit Silver Spring Ride On,M,77668,6767.95,0,T1
DOT,Department of Transportation,DOT 50 Transit Gaithersburg Ride On,M,92513.57,39816.56,0,T1
DOT,Department of Transportation,DOT 50 Transit Gaithersburg Ride On,M,92513.57,16320.12,0,T1
DOT,Department of Transportation,DOT 50 Transit Nicholson Ride On,M,92513.57,8131.17,0,T1
DOT,Department of Transportation,DOT 50 Transit Gaithersburg Ride On,M,92513.57,15817.44,0,T1
DOT,Department of Transportation,DOT 50 Transit Silver Spring Ride On,M,92513.57,21928.73,0,T1
DEP,Department of Environmental Protection,DEP 80 Strategic and Administrative Services Division,F,121868.94,0,0,26
PIO,Office of Public Information,PIO 23 Cable Programming,F,122603,0,0,N23
DOT,Department of Transportation,DOT 50 Transit Gaithersburg Ride On,M,94797.38,0,0,T1
HHS,Department of Health and Human Services,HHS 60 Director's Office Division,F,200829,0,0,M2
LIB,Department of Public Libraries,LIB 71 Marilyn J Praisner Library,F,78330.71,0,0,18
HHS,Department of Health and Human Services,HHS 60 Public Health Services Division,F,82745,115.88,0,14
HHS,Department of Health and Human Services,HHS 60 Child Welfare Services,F,90149,0,0,16
HCA,Department of Housing and Community Affairs,HCA 76 Housing Code Enforcement,M,69010,373.26,0,19
DGS,Department of General Services,DGS 36 Fleet Management Administration,M,134086,0,0,N25
HHS,Department of Health and Human Services,HHS 60 Behavioral Health and Crisis Services Division,F,128198,0,0,24
HHS,Department of Health and Human Services,HHS 60 Office of Eligibility and Support Services,F,112294.58,0,0,22
FRS,Fire and Rescue Services,FRS 45 Station 3,M,113815,2072.73,0,F4
POL,Department of Police,POL 47 MSB Budget & Capital Management Division,M,130000,0,0,25
FRS,Fire and Rescue Services,FRS 45 Station 13,F,98543,461.09,0,F2
FIN,Department of Finance,FIN 32 Division of Fiscal Management,F,174641.65,0,0,M3
FRS,Fire and Rescue Services,FRS 45 Station 34,M,103472,62.19,0,F3
FRS,Fire and Rescue Services,FRS 45 Emergency Communications Center (ECC),M,103472,66299.96,0,F3
HHS,Department of Health and Human Services,HHS 60 Behavioral Health and Crisis Services Division,M,128198,0,0,24
FRS,Fire and Rescue Services,FRS 45 Station 33,M,113815,87324.55,0,F4
LIB,Department of Public Libraries,LIB 71 Germantown Library,F,53890.72,0,0,13
FRS,Fire and Rescue Services,FRS 45 Station 13,M,141187,57059.58,0,B2
FRS,Fire and Rescue Services,FRS 45 Station 2,M,113815,2983.19,0,F4
FRS,Fire and Rescue Services,FRS 45 Safety,M,141187,75207.74,0,B2
FRS,Fire and Rescue Services,FRS 45 Station 6,M,98543,0,0,F2
FRS,Fire and Rescue Services,FRS 45 Station 15,M,125207,70702.03,0,B1
FRS,Fire and Rescue Services,FRS 45 Fourth Battalion - Administration,M,125207,58100.7,0,B1
FRS,Fire and Rescue Services,FRS 45 Station 29,M,113815,67688.37,0,F4
FRS,Fire and Rescue Services,FRS 45 Station 40,M,125207,16648.24,0,B1
FRS,Fire and Rescue Services,FRS 45 Station 40,M,103472,109406.01,0,F3
FRS,Fire and Rescue Services,FRS 45 Station 31,M,103472,37981.58,0,F3
FRS,Fire and Rescue Services,FRS 45 Station 32,M,103472,105664.47,0,F3
FRS,Fire and Rescue Services,FRS 45 First Battalion - Administration,M,125207,24099.19,0,B1
FRS,Fire and Rescue Services,FRS 45 Fifth Battalion - Administration,M,125207,34144.78,0,B1
HHS,Department of Health and Human Services,HHS 60 Behavioral Health and Crisis Services Division,M,107323,0,0,20
FRS,Fire and Rescue Services,FRS 45 Station 25,M,113815,1004.5,0,F4
FRS,Fire and Rescue Services,FRS 45 Station 40,M,113815,28274.63,0,F4
FRS,Fire and Rescue Services,FRS 45 Station 35,M,103472,434.81,0,F3
DOT,Department of Transportation,DOT 50 Transit Silver Spring Ride On,M,92513.57,2599.6,0,T1
DOT,Department of Transportation,DOT 50 Transit Gaithersburg Ride On,M,77668,10797.43,0,T1
DOT,Department of Transportation,DOT 50 Highway Services,M,98322,29131.59,0,N18
DGS,Department of General Services,DGS 36 Fleet Management Fleet Services,M,117252,5024.23,0,N22
COR,Correction and Rehabilitation,COR 42 PTS Supervision,F,123203.64,156.84,0,N25
DOT,Department of Transportation,DOT 50 Transit Special Transportation and Medicaid,F,79243.84,120.62,0,16
HHS,Department of Health and Human Services,HHS 60 Behavioral Health and Crisis Services Division,M,149426,0,0,M3
DOT,Department of Transportation,DOT 50 Traffic Engineering Design and Operations,M,112629.88,81.23,0,N25
HHS,Department of Health and Human Services,HHS 60 Chief Operating Officer Division,F,134086,0,0,N25
SHF,Sheriff's Office,SHF 48 Court and Transport,M,112701,397.39,0,G4
DGS,Department of General Services,DGS 36 Fleet Management Fleet Services,M,114453.11,2475.72,0,N22
HHS,Department of Health and Human Services,HHS 60 Office of Eligibility and Support Services,F,102785.29,9406.97,0,20
TBS,Department of Technology and Enterprise Business Solutions,TBS 34 ODT Geographic Information System,F,123832.02,0,0,26
HHS,Department of Health and Human Services,HHS 60 Office of Eligibility and Support Services,F,103207.34,0,0,20
SHF,Sheriff's Office,SHF 48 Sheriff Domestic Violence,M,139417,95.1,0,D2
HCA,Department of Housing and Community Affairs,HCA 76 Community Development,F,74532.64,0,0,16
DOT,Department of Transportation,DOT 50 Transit Silver Spring Ride On,M,102219.89,13107.08,0,T2
ABS,Alcohol Beverage Services,ABS 85 Administrative Services,M,72524.01,761.68,0,13
DOT,Department of Transportation,DOT 50 Director Transportation Policy,M,146770,0,0,N27
POL,Department of Police,POL 47 FSB Traffic Division Automated Traffic Enforcement Section,M,134086,0,0,N25
DOT,Department of Transportation,DOT 50 Highway Services,M,79509.44,0,0,15
DEP,Department of Environmental Protection,DEP 80 Stewardship Programs,M,122603,0,0,23
DEP,Department of Environmental Protection,DEP 80 Monitoring and Planning,M,151329.7,0,0,M3
HHS,Department of Health and Human Services,HHS 60 Child Welfare Services,F,123400.9,0,0,24
HHS,Department of Health and Human Services,HHS 60 Behavioral Health and Crisis Services Division,F,140274,0,0,N26
HHS,Department of Health and Human Services,HHS 60 Public Health Services Division,F,128198,0,0,24
HHS,Department of Health and Human Services,HHS 60 Office of Eligibility and Support Services,M,96670.1,0,0,20
DPS,Department of Permitting Services,DPS 75 Customer Support,F,94134,450.08,0,17
HHS,Department of Health and Human Services,HHS 60 Public Health Services Division,F,127774.36,0,0,24
DOT,Department of Transportation,DOT 50 Highway Services,M,86352,22545.51,0,15
DOT,Department of Transportation,DOT 50 Highway Services,M,49928,5401.1,0,12
FRS,Fire and Rescue Services,FRS 45 Training,M,106769.35,3350.39,0,20
COR,Correction and Rehabilitation,COR 42 DS MCCF Unit 1 Security,F,116457,17843.95,0,C6
FRS,Fire and Rescue Services,FRS 45 Field Operations Administration,M,113815,17842.41,0,F4
FRS,Fire and Rescue Services,FRS 45 First Battalion - Administration,F,120974,7024.1,0,B1
FRS,Fire and Rescue Services,FRS 45 First Battalion - Administration,M,120974,15109.22,0,B1
FRS,Fire and Rescue Services,FRS 45 Station 8,M,103472,17243.25,0,F3
HHS,Department of Health and Human Services,HHS 60 Behavioral Health and Crisis Services Division,F,140274,3276.4,0,N26
HHS,Department of Health and Human Services,HHS 60 School Health Services,F,72079.79,89.13,0,16
HHS,Department of Health and Human Services,HHS 60 Director's Office Division,F,198786.34,0,0,M2
DOT,Department of Transportation,DOT 50 Transit Silver Spring Ride On,M,103361.53,9604.9,0,T2
CEC,Community Engagement Cluster,CEC 16 Wheaton Urban District,M,69930,5291.18,0,10
ABS,Alcohol Beverage Services,ABS 85 Silver Spring,M,64714.5,430.62,0,14
ABS,Alcohol Beverage Services,ABS 85 Wheaton,M,77326.9,1452.1,0,14
FRS,Fire and Rescue Services,FRS 45 Budgets and Grants,M,88655.34,0,0,N21
DOT,Department of Transportation,DOT 50 Highway Services,M,84761.05,27628.5,0,15
TBS,Department of Technology and Enterprise Business Solutions,TBS 34 OMC MC311,M,134086,0,0,N25
DOT,Department of Transportation,DOT 50 Transit Gaithersburg Ride On,M,92513.57,28121.18,0,T1
HHS,Department of Health and Human Services,HHS 60 Children Youth and Family Services Division,F,98322,0,0,18
DGS,Department of General Services,DGS 36 Real Estate Office,M,134086,0,0,25
DOT,Department of Transportation,DOT 50 Transit Nicholson Ride On,M,85662.01,11842.44,0,T1
DOT,Department of Transportation,DOT 50 Transit Silver Spring Ride On,M,89088.13,14107.75,0,T1
DOT,Department of Transportation,DOT 50 Transit Silver Spring Ride On,M,92513.57,25382.4,0,T1
HHS,Department of Health and Human Services,HHS 60 Office of Eligibility and Support Services,F,112294.57,0,0,22
DOT,Department of Transportation,DOT 50 Transit Silver Spring Ride On,M,92513.57,8191.23,0,T1
DGS,Department of General Services,DGS 36 Facilities,F,135185.86,0,0,N26
POL,Department of Police,POL 47 MSB Communications Division,M,90756.4,18466.03,0,N21
FRS,Fire and Rescue Services,FRS 45 Station 7,M,141187,13407.1,0,B2
PRO,Office of Procurement,PRO 35 Procurement Operations Section,M,86297.32,0,0,23
FRS,Fire and Rescue Services,FRS 45 Volunteer Services Division,M,117025.41,0,0,N25
FRS,Fire and Rescue Services,FRS 45 Station 20,M,84172,25085.64,0,F3
COR,Correction and Rehabilitation,COR 42 DS Intake Classification and Re-Entry Services,F,123899.54,0,0,24
CEC,Community Engagement Cluster,CEC 16 Silver Spring Urban District,M,69930,20282.18,0,10
CEC,Community Engagement Cluster,CEC 16 Silver Spring Urban District,M,67088,19017.84,0,9
CEC,Community Engagement Cluster,CEC 16 Silver Spring Urban District,F,69930,4641.15,0,10
ABS,Alcohol Beverage Services,ABS 85 Darnestown,M,58206.06,51.61,0,12
ABS,Alcohol Beverage Services,ABS 85 Kensington,F,76583.63,3821.97,0,14
ABS,Alcohol Beverage Services,ABS 85 Muddy Branch,M,77326.9,1030.26,0,14
ABS,Alcohol Beverage Services,ABS 85 Montrose,F,79264.07,630.76,0,14
POL,Department of Police,POL 47 HQ Office of the Chief,M,122560,16723.42,0,P5
LIB,Department of Public Libraries,LIB 71 Little Falls Library,M,31164.2,0,0,18
COR,Correction and Rehabilitation,COR 42 DS MCCF Unit 3 Security,M,61765,42415.47,0,C3
FIN,Department of Finance,FIN 32 Tax Operations,F,171753.84,0,0,M3
FRS,Fire and Rescue Services,FRS 45 Station 21,M,103472,746.22,0,F3
FRS,Fire and Rescue Services,FRS 45 Station 19,M,113815,2656.98,0,F4
FRS,Fire and Rescue Services,FRS 45 Station 32,M,103472,8080.59,0,F3
FRS,Fire and Rescue Services,FRS 45 Fourth Battalion - Administration,M,125207,20073.14,0,B1
FRS,Fire and Rescue Services,FRS 45 Station 23,M,125207,38923.76,0,B1
FRS,Fire and Rescue Services,FRS 45 First Battalion - Administration,M,125207,19997.22,0,B1
FRS,Fire and Rescue Services,FRS 45 Station 31,M,113815,60053.81,0,F4
FRS,Fire and Rescue Services,FRS 45 Station 28,M,103472,1516.3,0,F3
COR,Correction and Rehabilitation,COR 42 DS Inmate Records,F,76825.69,860.64,0,16
FRS,Fire and Rescue Services,FRS 45 Emergency Medical And Integrated Healthcare Services,M,125207,43775.77,0,B1
FRS,Fire and Rescue Services,FRS 45 Station 11,M,141187,401.4,0,B2
FRS,Fire and Rescue Services,FRS 45 Station 15,M,125207,41106.63,0,B1
FRS,Fire and Rescue Services,FRS 45 Fifth Battalion - Administration,M,125207,9942.82,0,B1
FRS,Fire and Rescue Services,FRS 45 Station 14,F,113815,20685.42,0,F4
FRS,Fire and Rescue Services,FRS 45 Station 29,M,103472,0,0,F3
FRS,Fire and Rescue Services,FRS 45 Field Operations Administration,M,141187,28936.72,0,B2
FRS,Fire and Rescue Services,FRS 45 Station 8,M,103472,7505.46,0,F3
FRS,Fire and Rescue Services,FRS 45 Fifth Battalion - Administration,M,141187,65184.76,0,B2
FRS,Fire and Rescue Services,FRS 45 Field Operations Administration,M,125207,64565.75,0,B1
FRS,Fire and Rescue Services,FRS 45 Station 21,M,113815,151.21,0,F4
FRS,Fire and Rescue Services,FRS 45 Station 34,M,103472,1224.11,0,F3
FRS,Fire and Rescue Services,FRS 45 Third Battalion - Administration,M,141187,65410.14,0,B2
FRS,Fire and Rescue Services,FRS 45 Station 35,M,103472,32737.4,0,F3
FRS,Fire and Rescue Services,FRS 45 Third Battalion - Administration,M,125207,57751.18,0,B1
FRS,Fire and Rescue Services,FRS 45 Station 17,M,103472,4412.23,0,F3
FRS,Fire and Rescue Services,FRS 45 Station 15,M,113815,65901.47,0,F4
FRS,Fire and Rescue Services,FRS 45 Station 30,M,103472,2599.19,0,F3
FRS,Fire and Rescue Services,FRS 45 Station 24,M,103472,10974.14,0,F3
FRS,Fire and Rescue Services,FRS 45 First Battalion - Administration,M,125207,49643.79,0,B1
LIB,Department of Public Libraries,LIB 71 Quince Orchard Library,F,78400.59,0,0,13
FRS,Fire and Rescue Services,FRS 45 Station 1,M,84172,34622.93,0,F3
FRS,Fire and Rescue Services,FRS 45 Station 10,M,103472,52929.98,0,F3
ABS,Alcohol Beverage Services,ABS 85 Potomac,M,74245.19,2155.68,0,14
DOT,Department of Transportation,DOT 50 Transit Gaithersburg Ride On,M,92513.57,21530.41,0,T1
HHS,Department of Health and Human Services,HHS 60 Child Welfare Services,F,128198,0,0,24
HHS,Department of Health and Human Services,HHS 60 Office of Eligibility and Support Services,F,108845.91,0,0,21
COR,Correction and Rehabilitation,COR 42 DS Detention Services,M,109539,2459.9,0,C5
DOT,Department of Transportation,DOT 50 Transit Gaithersburg Ride On,M,92514,5939.59,0,T1
OAS,Office of Animal Services,OAS 38 Animal Services Division,F,77893.06,280.87,0,14
DOT,Department of Transportation,DOT 50 Transit Gaithersburg Ride On,F,92513.57,3296.91,0,T1
ABS,Alcohol Beverage Services,ABS 85 Beer Delivery Operations,M,54930.87,4783.09,0,10
REC,Department of Recreation,REC 72 Facilities Division,F,116318.08,943.89,0,N23
HHS,Department of Health and Human Services,HHS 60 Office of Eligibility and Support Services,F,112717.85,7202.68,0,22
COR,Correction and Rehabilitation,COR 42 DS MCCF Unit 3 Security,M,116457,120325.18,0,C6
REC,Department of Recreation,REC 72 Aquatic Team Management,F,90019.79,0,0,21
FRS,Fire and Rescue Services,FRS 45 Station 18,M,78571,104.39,0,F3
FIN,Department of Finance,FIN 32 Division of Fiscal Management,M,200829,0,0,M2
DGS,Department of General Services,DGS 36 Central Duplicating,M,82745,6627.8,0,14
HHS,Department of Health and Human Services,HHS 60 Office of Eligibility and Support Services,F,117252,0,0,22
ABS,Alcohol Beverage Services,ABS 85 Burtonsville,M,96492.2,0,0,N18
HHS,Department of Health and Human Services,HHS 60 Child Welfare Services,F,134231.8,14255.57,0,N26
POL,Department of Police,POL 47 FSB Special Operations Division Canine Section,M,120811,54366.67,0,P4
POL,Department of Police,POL 47 PSB 4th District Patrol,M,126852,14151.7,0,P5
TBS,Department of Technology and Enterprise Business Solutions,TBS 34 OBP Community Engagement (GF),M,149879.74,0,0,M3
POL,Department of Police,POL 47 PSB 6th District Patrol,M,139532,53178.37,0,A1
TBS,Department of Technology and Enterprise Business Solutions,TBS 34 OPS Radio Communications Services,M,174641.65,0,0,M3
OMB,Office of Management and Budget,OMB 31 Office of Management and Budget,F,168264,0,0,N30
HHS,Department of Health and Human Services,HHS 60 Children Youth and Family Services Division,M,91361,0,0,N21
POL,Department of Police,POL 47 PSB 2nd District Special Assignment Team,M,120811,23320.65,0,P4
POL,Department of Police,POL 47 PSB 4th District Community Action Team,M,126852,6246.56,0,P5
POL,Department of Police,POL 47 PSB 6th District Patrol,M,120811,61791.38,0,P4
POL,Department of Police,POL 47 PSB 1st District Patrol,M,120811,21449.33,0,P4
OLO,Office of Legislative Oversight,OLO 03 Legislative Oversight Staff,F,175237.09,0,0,M2
POL,Department of Police,POL 47 PSB 1st District Special Assignment Team,M,120811,29245.88,0,P4
POL,Department of Police,POL 47 PSB 4th District Patrol,M,120811,18087.18,0,P4
POL,Department of Police,POL 47 PSB 3rd District Patrol,M,120811,9018.48,0,P4
POL,Department of Police,POL 47 HQ Office of the Chief,M,126852,3630.47,0,P5
POL,Department of Police,POL 47 PSB 3rd District Patrol,M,120811,1224.82,0,P4
POL,Department of Police,POL 47 MSB Training and Education Division,M,120811,889.98,0,P4
POL,Department of Police,POL 47 PSB 6th District Patrol,M,120811,871.26,0,P4
POL,Department of Police,POL 47 PSB 3rd District Patrol,M,120811,16157.91,0,P4
POL,Department of Police,POL 47 PSB 4th District Patrol,M,120811,21296.75,0,P4
POL,Department of Police,POL 47 PSB 6th District Community Action Team,M,126852,32577.81,0,P5
POL,Department of Police,POL 47 PSB 4th District Special Assignment Team,M,126852,63280.84,0,P5
POL,Department of Police,POL 47 PSB 4th District Patrol,M,126852,37674.8,0,P5
POL,Department of Police,POL 47 PSB 2nd District Patrol,F,120811,435.63,0,P4
POL,Department of Police,POL 47 PSB 1st District Patrol,M,120811,23243.13,0,P4
POL,Department of Police,POL 47 PSB 6th District Special Assignment Team,M,120811,30841.98,0,P4
POL,Department of Police,POL 47 PSB 1st District Special Assignment Team,M,120811,15367.76,0,P4
POL,Department of Police,POL 47 PSB 1st District Patrol,F,126852,31756.4,0,P5
DOT,Department of Transportation,DOT 50 Transit Gaithersburg Ride On,M,92513.57,10110.87,0,T1
DOT,Department of Transportation,DOT 50 Transit Silver Spring Ride On,M,92513.57,0,0,T1
DOT,Department of Transportation,DOT 50 Transit Silver Spring Ride On,M,92513.83,12177.9,0,T1
DOT,Department of Transportation,DOT 50 Transit Silver Spring Ride On,M,92513.57,19061.3,0,T1
DPS,Department of Permitting Services,DPS 75 Residential Inspections,M,115268.07,0,0,23
DOT,Department of Transportation,DOT 50 Transit Silver Spring Ride On,M,92513.57,14184.63,0,T1
ABS,Alcohol Beverage Services,ABS 85 Wholesale Operations,M,87140.99,0,0,21
CAT,County Attorney's Office,CAT 30 Finance and Procurement,M,200829,0,0,M2
HHS,Department of Health and Human Services,HHS 60 Behavioral Health and Crisis Services Division,F,99238.4,0,0,23
HHS,Department of Health and Human Services,HHS 60 Aging & Disability Services Division,F,128198,0,0,24
HHS,Department of Health and Human Services,HHS 60 School Health Services,F,128198,0,0,24
HHS,Department of Health and Human Services,HHS 60 Services to End and Prevent Homelessness Division,M,130181,0,0,N25
FRS,Fire and Rescue Services,FRS 45 Procurement,F,86240.73,0,0,16
HHS,Department of Health and Human Services,HHS 60 Office of Eligibility and Support Services,F,100962.45,3989.58,0,20
HHS,Department of Health and Human Services,HHS 60 School Health Services,F,73926.33,0,0,16
HHS,Department of Health and Human Services,HHS 60 School Health Services,F,73926.41,0,0,16
COR,Correction and Rehabilitation,COR 42 MSD Human Resources,F,86299.71,2354.11,0,N16
HHS,Department of Health and Human Services,HHS 60 School Health Services,F,73926.41,0,0,16
HHS,Department of Health and Human Services,HHS 60 School Health Services,F,73926.41,0,0,16
HHS,Department of Health and Human Services,HHS 60 School Health Services,F,73926.44,0,0,16
FIN,Department of Finance,FIN 32 Treasury Operations,F,124938.02,0,0,N25
HHS,Department of Health and Human Services,HHS 60 Children Youth and Family Services Division,F,113831.27,0,0,N23
DEP,Department of Environmental Protection,"DEP 80 Planning, Design, Construction and Monitoring",M,167904.71,0,0,M3
HHS,Department of Health and Human Services,HHS 60 Public Health Services Division,F,134086,0,0,N25
HHS,Department of Health and Human Services,HHS 60 School Health Services,F,128198,0,0,24
ABS,Alcohol Beverage Services,ABS 85 Cloverly,M,70832.17,1228.86,0,14
FIN,Department of Finance,FIN 32 Information Technology,M,181336,0,0,N32
POL,Department of Police,POL 47 FSB Traffic Division School Safety Section,M,34947.85,0,0,10
HHS,Department of Health and Human Services,HHS 60 School Health Services,F,122603,0,0,N23
FRS,Fire and Rescue Services,FRS 45 Property and Supply,M,89576.27,2524.24,0,17
DGS,Department of General Services,DGS 36 Fleet Management Fleet Services,M,102711,5098.68,0,19
DOT,Department of Transportation,DOT 50 Transit COS Taxicab Regulation,M,122603,0,0,23
DOT,Department of Transportation,DOT 50 Transit Gaithersburg Ride On,M,92513.57,16511.53,0,T1
DOT,Department of Transportation,DOT 50 Transit Gaithersburg Ride On,M,92513.57,1947.41,0,T1
DOT,Department of Transportation,DOT 50 Transit Services Information Technology,M,122603,0,0,N23
LIB,Department of Public Libraries,LIB 71 Chevy Chase Library,M,22948.86,0,0,8
DPS,Department of Permitting Services,DPS 75 Zoning and Site Plan Compliance,F,122603,0,0,23
OHR,Office of Human Resources,OHR 33 Occupational Medical Services Team,F,160978.1,0,0,M3
POL,Department of Police,POL 47 MSB Information Management and Technology Division,M,126463.3,2467.26,0,26
POL,Department of Police,POL 47 FSB Traffic Division Central Traffic Enforcement,M,120811,59736.34,0,P4
POL,Department of Police,POL 47 PSB 4th District Patrol,M,120811,0,0,P4
LIB,Department of Public Libraries,LIB 71 Aspen Hill Library,M,85692.22,0,0,16
SHF,Sheriff's Office,SHF 48 Sheriff Domestic Violence,F,102785.29,399.82,0,20
HHS,Department of Health and Human Services,HHS 60 Children Youth and Family Services Division,F,96328.48,0,0,18
HHS,Department of Health and Human Services,HHS 60 Children Youth and Family Services Division,F,112166,0,0,21
HHS,Department of Health and Human Services,HHS 60 Children Youth and Family Services Division,F,108977.99,0,0,22
HHS,Department of Health and Human Services,HHS 60 Behavioral Health and Crisis Services Division,F,128198,12532.22,0,24
DGS,Department of General Services,DGS 36 Fleet Management Administration,M,112166,0,0,21
CAT,County Attorney's Office,CAT 30 Government Operations,F,146642,0,0,N32
FIN,Department of Finance,FIN 32 Financial Analysis Audit and Compliance,M,153585,0,0,N28
CCL,County Council,CCL 01 Council Central Staff,F,153585,0,0,N28
COR,Correction and Rehabilitation,COR 42 DS MCDC Custody and Security,F,116457,2843.26,0,C6
COR,Correction and Rehabilitation,COR 42 DS MCDC Central Processing Unit,M,116457,44580.16,0,C6
COR,Correction and Rehabilitation,COR 42 DS MCCF Unit 1 Security,F,128233.12,27957.49,0,C1
ABS,Alcohol Beverage Services,ABS 85 Beer Warehouse Operations,M,76117.04,342.98,0,13
CEC,Community Engagement Cluster,CEC 16 Wheaton Urban District,M,84339.31,16281.21,0,N16
BOE,Board of Elections,BOE 24 Polling Place Management,M,64130.83,370,0,12
DPS,Department of Permitting Services,DPS 75 Land Development Sediment and Stormwater Inspection,M,112166,0,0,21
DGS,Department of General Services,DGS 36 Central Duplicating,M,72898,51.05,0,11
DGS,Department of General Services,DGS 36 Administration and Budget,F,140274,0,0,N26
DGS,Department of General Services,DGS 36 Central Duplicating,F,82745,811.11,0,14
DGS,Department of General Services,DGS 36 Facilities Major Programs,M,75703.19,3704.53,0,13
LIB,Department of Public Libraries,LIB 71 Gaithersburg Library,M,111437.34,0,0,24
DGS,Department of General Services,DGS 36 Fleet Management Fleet Services,M,102711,5098.68,0,19
TBS,Department of Technology and Enterprise Business Solutions,TBS 34 OBP Community Engagement (GF),F,122603,0,0,23
LIB,Department of Public Libraries,LIB 71 Wheaton Library,M,128198,0,0,24
DGS,Department of General Services,DGS 36 Central Duplicating,M,72898,178.67,0,11
HCA,Department of Housing and Community Affairs,HCA 76 Housing Code Enforcement,M,102140.31,1362.72,0,21
DOT,Department of Transportation,DOT 50 Transit Silver Spring Ride On,M,91371.3,8948.68,0,T1
DOT,Department of Transportation,DOT 50 Transit Gaithersburg Ride On,M,92513.57,3975.84,0,T1
DOT,Department of Transportation,DOT 50 Highway Services,M,84376.41,71559.57,0,15
DOT,Department of Transportation,DOT 50 Highway Services,M,92265.47,47182.31,0,N18
DOT,Department of Transportation,DOT 50 Highway Services,M,84761.01,29351,0,15
LIB,Department of Public Libraries,LIB 71 Rockville Library,F,140848.05,0,0,M3
HHS,Department of Health and Human Services,HHS 60 Behavioral Health and Crisis Services Division,M,70137,0,0,N26
CEC,Community Engagement Cluster,CEC 16 Wheaton Urban District,F,69896.63,403.26,0,10
LIB,Department of Public Libraries,LIB 71 Rockville Library,F,85918.09,0,0,18
DPS,Department of Permitting Services,DPS 75 Zoning and Site Plan Compliance,M,103681.14,0,0,21
DPS,Department of Permitting Services,DPS 75 Land Development Right-of-Way Inspection,F,134086,164.76,12597.4,N25
DPS,Department of Permitting Services,DPS 75 Land Development Sediment and Stormwater Inspection,M,122603,0,0,23
TBS,Department of Technology and Enterprise Business Solutions,TBS 34 OMC MC311 Call Center,M,87523,0,0,16
REC,Department of Recreation,REC 72 Youth Development Youth Services,M,112166,0,0,21
HHS,Department of Health and Human Services,HHS 60 Aging & Disability Services Division,F,134086,0,0,N25
LIB,Department of Public Libraries,LIB 71 Quince Orchard Library,F,109987.04,0,0,24
HHS,Department of Health and Human Services,HHS 60 Chief Operating Officer Division,F,140274,0,0,N26
OHR,Office of Human Resources,OHR 33 Health and Employee Welfare,F,117252,0,0,N22
HHS,Department of Health and Human Services,HHS 60 Aging & Disability Services Division,F,102785.28,0,0,20
HHS,Department of Health and Human Services,HHS 60 Behavioral Health and Crisis Services Division,M,134086,0,0,25
HHS,Department of Health and Human Services,HHS 60 Behavioral Health and Crisis Services Division,F,140274,0,0,N26
ABS,Alcohol Beverage Services,ABS 85 Kingsview,F,56237.72,625.72,0,12
DOT,Department of Transportation,DOT 50 Commuter Services Trips,F,98322,0,0,18
LIB,Department of Public Libraries,LIB 71 Germantown Library,M,156298.57,0,0,M3
DGS,Department of General Services,DGS 36 Central Duplicating,M,90149,0,0,16
ABS,Alcohol Beverage Services,ABS 85 Montrose,M,83498.73,233.85,0,N18
ABS,Alcohol Beverage Services,ABS 85 Darnestown,F,56237.72,99.06,0,12
ABS,Alcohol Beverage Services,ABS 85 Westwood,F,83711.95,0,0,N18
ABS,Alcohol Beverage Services,ABS 85 Wheaton,M,84241.99,2225.35,0,N18
DOT,Department of Transportation,DOT 50 Transportation Management,M,85555.48,15835.54,0,19
ABS,Alcohol Beverage Services,ABS 85 Westwood,M,56237.72,752.94,0,12
OAS,Office of Animal Services,OAS 38 Animal Services Division,F,82748.75,711.06,0,16
TBS,Department of Technology and Enterprise Business Solutions,TBS 34 OMC MC311 Call Center,F,70969.35,553.47,0,13
POL,Department of Police,POL 47 MSB Budget and Capital Management Division Financial and Grants Management Section,M,112166,5815.55,0,21
HHS,Department of Health and Human Services,HHS 60 Chief Operating Officer Division,M,153585,0,0,N28
DOT,Department of Transportation,DOT 50 Highway Services,F,70072.68,17076.02,0,15
DOT,Department of Transportation,DOT 50 Transit Gaithersburg Ride On,M,82236,2275.46,0,T1
HHS,Department of Health and Human Services,HHS 60 Services to End and Prevent Homelessness Division,M,103864.86,0,0,20
HHS,Department of Health and Human Services,HHS 60 Behavioral Health and Crisis Services Division,M,107323,0,0,20
LIB,Department of Public Libraries,LIB 71 Collection Management,F,122730.19,0,0,N25
COR,Correction and Rehabilitation,COR 42 DS MCCF Unit 1 Security,M,106046,7945.02,0,C5
DOT,Department of Transportation,DOT 50 Transit Silver Spring Ride On,M,92513.57,13157.81,0,T1
DOT,Department of Transportation,DOT 50 Transit Silver Spring Ride On,M,92513.57,10780.13,0,T1
ABS,Alcohol Beverage Services,ABS 85 Potomac,M,56237.72,208.43,0,12
DOT,Department of Transportation,DOT 50 Transit Silver Spring Ride On,M,92513.57,22594.89,0,T1
DOT,Department of Transportation,DOT 50 Transit Nicholson Ride On,F,92513.57,1219.38,0,T1
DOT,Department of Transportation,DOT 50 Parking Management Engineering and Capital Project Management,M,90253.55,11211.16,0,N18
HHS,Department of Health and Human Services,HHS 60 Social Services,M,199710.82,0,0,
DOT,Department of Transportation,DOT 50 Transit Management Services,F,122603,0,0,23
FIN,Department of Finance,FIN 32 Division of Fiscal Management,M,174641.65,0,0,M3
POL,Department of Police,POL 47 FSB Traffic Division School Safety Section,F,76886.3,0,0,16
HHS,Department of Health and Human Services,HHS 60 Aging & Disability Services Division,F,112166,0,0,21
DOT,Department of Transportation,DOT 50 Highway Services,M,88743.2,30302.9,0,N18
HHS,Department of Health and Human Services,HHS 60 Aging & Disability Services Division,F,120099.68,0,0,N25
HHS,Department of Health and Human Services,HHS 60 Behavioral Health and Crisis Services Division,F,113273.86,0,0,N25
HHS,Department of Health and Human Services,HHS 60 Children Youth and Family Services Division,M,47458.2,0,0,18
ABS,Alcohol Beverage Services,ABS 85 White Oak,M,76583.63,16438.24,0,14
ABS,Alcohol Beverage Services,ABS 85 Westwood,M,92083.15,0,0,N21
ABS,Alcohol Beverage Services,ABS 85 Darnestown,F,76796.85,107.37,0,14
ABS,Alcohol Beverage Services,ABS 85 Cabin John,F,56237.72,283.18,0,12
ABS,Alcohol Beverage Services,ABS 85 Gaithersburg Square,M,75227.71,218.68,0,14
FRS,Fire and Rescue Services,FRS 45 Station 17,M,103472,14681.98,0,F3
FRS,Fire and Rescue Services,FRS 45 Station 23,M,100215,0,0,F3
FRS,Fire and Rescue Services,FRS 45 Emergency Communications Center (ECC),M,103472,57320.72,0,F3
FRS,Fire and Rescue Services,FRS 45 Station 4,M,98543,29.62,0,F2
FRS,Fire and Rescue Services,FRS 45 Station 33,F,113815,3343.46,0,F4
FRS,Fire and Rescue Services,FRS 45 Station 14,M,98543,1714.81,0,F2
FRS,Fire and Rescue Services,FRS 45 Station 21,M,113815,66904.14,0,F4
FRS,Fire and Rescue Services,FRS 45 Station 10,M,103472,28529.29,0,F3
FRS,Fire and Rescue Services,FRS 45 Third Battalion - Administration,M,125207,8307.36,0,B1
FRS,Fire and Rescue Services,FRS 45 Station 12,M,113815,65216.09,0,F4
FRS,Fire and Rescue Services,FRS 45 Station 9,M,103472,1163.8,0,F3
FRS,Fire and Rescue Services,FRS 45 Station 35,M,103472,0,0,F3
FRS,Fire and Rescue Services,FRS 45 Station 14,M,103472,6679.62,0,F3
FRS,Fire and Rescue Services,FRS 45 Station 10,M,103472,96324.06,0,F3
FRS,Fire and Rescue Services,FRS 45 Station 34,M,103472,52330.09,0,F3
FRS,Fire and Rescue Services,FRS 45 Station 8,M,113815,31158.05,0,F4
FRS,Fire and Rescue Services,FRS 45 Emergency Communications Center (ECC),M,103472,85110.95,0,F3
FRS,Fire and Rescue Services,FRS 45 Fourth Battalion - Administration,M,125207,0,0,B1
FRS,Fire and Rescue Services,FRS 45 Station 30,M,103472,766.3,0,F3
FRS,Fire and Rescue Services,FRS 45 Station 30,M,98543,852.56,0,F2
FRS,Fire and Rescue Services,FRS 45 Station 40,M,103472,36306.84,0,F3
FRS,Fire and Rescue Services,FRS 45 Station 11,M,103472,50137.13,0,F3
FRS,Fire and Rescue Services,FRS 45 Station 20,M,98543,38362.33,0,F2
FRS,Fire and Rescue Services,FRS 45 Station 23,M,113815,765.79,0,F4
FRS,Fire and Rescue Services,FRS 45 Field Operations Administration,M,113815,0,0,F4
FRS,Fire and Rescue Services,FRS 45 Station 26,M,103472,15763.05,0,F3
FRS,Fire and Rescue Services,FRS 45 First Battalion - Administration,M,125207,21604.59,0,B1
FRS,Fire and Rescue Services,FRS 45 Station 23,M,113815,3154.72,0,F4
FRS,Fire and Rescue Services,FRS 45 Station 3,M,113815,12205.9,0,F4
FRS,Fire and Rescue Services,FRS 45 Station 1,M,113815,107212.88,0,F4
FRS,Fire and Rescue Services,FRS 45 Second Battalion - Administration,M,125207,33165.21,0,B1
FRS,Fire and Rescue Services,FRS 45 Station 32,F,113815,9878.6,0,F4
FRS,Fire and Rescue Services,FRS 45 Station 17,M,103472,57799.15,0,F3
FRS,Fire and Rescue Services,FRS 45 Station 26,M,103472,0,0,F3
FRS,Fire and Rescue Services,FRS 45 Station 40,M,103472,0,0,F3
FRS,Fire and Rescue Services,FRS 45 Station 20,F,113815,13761.6,0,F4
FRS,Fire and Rescue Services,FRS 45 Field Operations Administration,M,113815,4629.2,0,F4
FRS,Fire and Rescue Services,FRS 45 Station 25,M,113815,25539.48,0,F4
FRS,Fire and Rescue Services,FRS 45 Station 19,M,125207,19817.04,0,B1
FRS,Fire and Rescue Services,FRS 45 Field Operations Administration,M,141187,39683.39,0,B2
FRS,Fire and Rescue Services,FRS 45 Station 29,M,103472,111.76,0,F3
FRS,Fire and Rescue Services,FRS 45 Station 25,M,113815,6733.01,0,F4
FRS,Fire and Rescue Services,FRS 45 Station 8,M,113815,19199.82,0,F4
FRS,Fire and Rescue Services,FRS 45 Station 34,M,98543,717.92,0,F2
FRS,Fire and Rescue Services,FRS 45 Station 30,M,103472,22396.22,0,F3
FRS,Fire and Rescue Services,FRS 45 Station 26,M,141187,38701.82,0,B2
FRS,Fire and Rescue Services,FRS 45 Station 11,M,103472,630.35,0,F3
FRS,Fire and Rescue Services,FRS 45 Station 15,M,113815,16073.69,0,F4
FRS,Fire and Rescue Services,FRS 45 Station 18,M,103472,10490.38,0,F3
FRS,Fire and Rescue Services,FRS 45 Field Operations Administration,M,125207,45654.9,0,B1
FRS,Fire and Rescue Services,FRS 45 Fifth Battalion - Administration,M,125207,108685.3,0,B1
FRS,Fire and Rescue Services,FRS 45 First Battalion - Administration,M,141187,63433.65,0,B2
ABS,Alcohol Beverage Services,ABS 85 Potomac,M,25550,5.09,0,12
ABS,Alcohol Beverage Services,ABS 85 Potomac,M,25085.55,5.09,0,12
FRS,Fire and Rescue Services,FRS 45 Fleet Support,M,102711,32105.69,0,19
OAS,Office of Animal Services,OAS 38 Animal Services Division,F,96919.14,2018.94,0,20
OAS,Office of Animal Services,OAS 38 Animal Services Division,M,99826.71,20820.98,0,20
OMB,Office of Management and Budget,OMB 31 Office of Management and Budget,M,200778.43,0,0,M2
OAS,Office of Animal Services,OAS 38 Animal Services Division,F,104446.44,4517.31,0,21
DPS,Department of Permitting Services,DPS 75 Commercial Electrical and FPS Inspections,M,134086,0,0,N25
DEP,Department of Environmental Protection,DEP 80 Stormwater BMP Inspection and Maintenance,M,122603,22224.28,0,23
DPS,Department of Permitting Services,DPS 75 Commercial Bldg/LS/Access/FPS,M,140274,0,0,26
DOT,Department of Transportation,DOT 50 Parking Management Administration,M,133342.86,0,0,N25
POL,Department of Police,POL 47 PSB 3rd District Patrol,M,94951,15425.69,0,P4
FRS,Fire and Rescue Services,FRS 45 Fleet Operations,M,107323,16696.91,0,20
DOT,Department of Transportation,DOT 50 Highway Services,M,93026.35,49284.68,0,N21
COR,Correction and Rehabilitation,COR 42 DS MCCF Custody and Security,F,81951.3,0,0,16
LIB,Department of Public Libraries,LIB 71 Marilyn J Praisner Library,F,113286.65,0,0,24
COR,Correction and Rehabilitation,COR 42 PRRS Facility and Security,M,103242.84,21868.68,0,20
COR,Correction and Rehabilitation,COR 42 DS MCCF Unit 3 Security,M,124109.94,29102.63,0,C1
DOT,Department of Transportation,DOT 50 Transit Nicholson Ride On,M,89818.8,5664.25,0,T1
POL,Department of Police,POL 47 PSB 1st District Patrol,M,81748.15,4415.06,0,16
POL,Department of Police,POL 47 PSB 3rd District Patrol,F,116725,2335.96,0,P4
POL,Department of Police,POL 47 PSB 4th District Patrol,M,116725,3184.25,0,P4
FRS,Fire and Rescue Services,FRS 45 Station 4,M,103472,6328.26,0,F3
POL,Department of Police,POL 47 PSB 1st District Patrol,F,116725,30563.15,0,P4
POL,Department of Police,POL 47 PSB 5th District Patrol,M,139532,61601.55,0,A1
POL,Department of Police,POL 47 PSB 6th District Patrol,M,134814,12297.21,0,A1
POL,Department of Police,POL 47 PSB 2nd District Patrol,F,116725,3007.44,0,P4
POL,Department of Police,POL 47 PSB 4th District Patrol,M,116725,43344.58,0,P4
POL,Department of Police,POL 47 PSB 4th District Patrol,M,116725,2525.31,0,P4
DOT,Department of Transportation,DOT 50 Transit Central Communication,M,96334.6,5549.69,0,18
POL,Department of Police,POL 47 PSB 3rd District Patrol,M,134814,20022.81,0,A1
POL,Department of Police,POL 47 PSB 5th District Patrol,M,120811,6438.65,8069.54,P4
POL,Department of Police,POL 47 HQ Office of the Chief,M,122560,10571.24,0,P5
POL,Department of Police,POL 47 Field Services Bureau,F,116725,0,0,P4
POL,Department of Police,POL 47 PSB 2nd District Patrol,M,122560,1282.9,0,P5
POL,Department of Police,POL 47 PSB 4th District Patrol,M,116725,19982.69,0,P4
DOT,Department of Transportation,DOT 50 Transit Nicholson Ride On,M,92514,12162.58,0,T1
DOT,Department of Transportation,DOT 50 Transit Gaithersburg Ride On,M,112166,353.41,0,N21
DOT,Department of Transportation,DOT 50 Transit Gaithersburg Ride On,M,92514,24696.07,0,T1
POL,Department of Police,POL 47 CRB Community Engagement Division Community Engagement Section,M,116725,19570.05,0,P4
DOT,Department of Transportation,DOT 50 Transit Nicholson Ride On,F,92513.57,17183.84,0,T1
DOT,Department of Transportation,DOT 50 Transit Silver Spring Ride On,M,92514,5205.87,0,T1
POL,Department of Police,POL 47 PSB 6th District Patrol,F,116725,85425.59,0,P4
HCA,Department of Housing and Community Affairs,HCA 76 Housing Landlord and Tenant Mediation,F,120998.64,0,0,25
POL,Department of Police,POL 47 PSB 5th District Patrol,M,116725,9074.17,0,P4
POL,Department of Police,POL 47 PSB 4th District Community Action Team,F,116725,20912.79,0,P4
POL,Department of Police,POL 47 PSB 3rd District Patrol,M,120811,5670.36,0,P4
POL,Department of Police,POL 47 PSB 2nd District Patrol,M,116725,0,0,P4
POL,Department of Police,POL 47 CRB Community Engagement Division Community Engagement Section,F,116725,3159.14,0,P4
POL,Department of Police,POL 47 PSB 2nd District Patrol,M,122560,29317.93,0,P5
COR,Correction and Rehabilitation,COR 42 DS MCCF Case Managers Unit 1,M,117252,0,0,22
POL,Department of Police,POL 47 PSB 6th District Patrol,F,116725,29167.18,0,P4
SHF,Sheriff's Office,SHF 48 Court and Transport,M,131280.71,1443.05,0,D2
SHF,Sheriff's Office,SHF 48 Court and Transport,M,119346,2364.44,0,D1
SHF,Sheriff's Office,SHF 48 Court and Transport,M,109125,114.74,0,G4
POL,Department of Police,POL 47 PSB 6th District Patrol,M,116725,30422.53,0,P4
DGS,Department of General Services,DGS 36 Central Duplicating,F,79296,0,0,13
LIB,Department of Public Libraries,LIB 71 Director's Office,F,76010.81,0,0,13
LIB,Department of Public Libraries,LIB 71 Gaithersburg Library,F,73440.34,0,0,13
FRS,Fire and Rescue Services,FRS 45 Admin Services,F,85222.18,1939.25,0,N16
LIB,Department of Public Libraries,LIB 71 Long Branch Library,F,106148.11,0,0,21
TBS,Department of Technology and Enterprise Business Solutions,TBS 34 OSP Employee Productivity Services,M,153585,0,0,N28
DEP,Department of Environmental Protection,DEP 80 Stewardship Programs,F,134086,0,0,25
HHS,Department of Health and Human Services,HHS 60 Services to End and Prevent Homelessness Division,F,108497.16,0,0,22
HHS,Department of Health and Human Services,HHS 60 Office of Eligibility and Support Services,F,104212.51,0,0,N25
FIN,Department of Finance,FIN 32 Accounts Payable,F,90149,0,0,16
COR,Correction and Rehabilitation,COR 42 DS Detention Services,M,112749,16319.44,0,C6
DGS,Department of General Services,DGS 36 Central Duplicating,F,72898,0,0,11
HHS,Department of Health and Human Services,HHS 60 Office of Eligibility and Support Services,F,106559.4,3040.31,0,22
HHS,Department of Health and Human Services,HHS 60 Services to End and Prevent Homelessness Division,F,64098.96,0,2554.96,24
HHS,Department of Health and Human Services,HHS 60 Aging & Disability Services Division,F,146509.59,0,0,M3
LIB,Department of Public Libraries,LIB 71 Wheaton Library,F,30115.12,0,0,13
ECM,Ethics Commission,ECM 19 Executive Director,F,163346.36,0,0,M2
TBS,Department of Technology and Enterprise Business Solutions,TBS 34 OPS Public Safety Data Systems,F,153585,0,0,N28
POL,Department of Police,POL 47 MSB Information Management and Technology Division,F,109702.44,0,0,N25
LIB,Department of Public Libraries,LIB 71 Little Falls Library,F,134086,0,0,N25
POL,Department of Police,POL 47 PSB 4th District Patrol,F,90149,37539.08,0,16
POL,Department of Police,POL 47 MSB Information Mgmt and Tech Division Warrant Control Section,M,76825.69,12110.49,0,16
DGS,Department of General Services,DGS 36 Fleet Management Services,M,90149,4260.51,0,16
REC,Department of Recreation,REC 72 Special Programs,F,69104.53,1278.93,0,14
LIB,Department of Public Libraries,LIB 71 Potomac Library,F,28925.04,0,0,13
DOT,Department of Transportation,DOT 50 Transit Nicholson Ride On,M,92513.57,0,0,T1
DOT,Department of Transportation,DOT 50 Transit Services Information Technology,M,102711,1150.62,0,19
DOT,Department of Transportation,DOT 50 Transit Gaithersburg Ride On,M,92514,7283.06,0,T1
DOT,Department of Transportation,DOT 50 Transit Safety and Instruction,M,91312.25,98.78,0,N19
DOT,Department of Transportation,DOT 50 Transit Silver Spring Ride On,M,112166,6643.16,0,N21
FRS,Fire and Rescue Services,FRS 45 Field Recruits,M,90674,157.95,0,F1
CCL,County Council,CCL 01 Council Central Staff,M,153585,0,0,N28
DEP,Department of Environmental Protection,DEP 80 Waste Reduction and Recycling,F,122603,0,0,N23
HHS,Department of Health and Human Services,HHS 60 Public Health Services Division,F,134086,0,0,N25
HHS,Department of Health and Human Services,HHS 60 Office of Eligibility and Support Services,F,96203.07,6845.62,0,20
HHS,Department of Health and Human Services,HHS 60 School Health Services,F,128198,0,0,24
HHS,Department of Health and Human Services,HHS 60 School Health Services,F,82376.96,334.36,0,16
HHS,Department of Health and Human Services,HHS 60 Child Welfare Services,F,97730.81,2507.31,0,18
HHS,Department of Health and Human Services,HHS 60 School Health Services,F,74363.62,0,0,16
HHS,Department of Health and Human Services,HHS 60 School Health Services,F,74363.62,30.65,0,16
HHS,Department of Health and Human Services,HHS 60 School Health Services,F,74602.74,0,0,16
HHS,Department of Health and Human Services,HHS 60 School Health Services,F,74363.7,0,0,16
POL,Department of Police,POL 47 FSB Traffic Division School Safety Section,F,28161.95,0,0,10
HHS,Department of Health and Human Services,HHS 60 School Health Services,F,54639.04,0,0,16
POL,Department of Police,POL 47 CRB Community Engagement Division Crisis Response & Support Section,M,134814,16620.43,0,A1
HHS,Department of Health and Human Services,HHS 60 Office of Eligibility and Support Services,F,79296,0,0,13
COR,Correction and Rehabilitation,COR 42 DS Food Services,M,90361.65,20426.34,0,18
LIB,Department of Public Libraries,LIB 71 Community Outreach,F,85657.6,0,0,18
DGS,Department of General Services,DGS 36 Central Duplicating,M,94134,1280.34,0,N17
DOT,Department of Transportation,DOT 50 Ride On Operations,M,172748.99,0,0,M2
ABS,Alcohol Beverage Services,ABS 85 Potomac,F,54537.06,185.85,0,12
HHS,Department of Health and Human Services,HHS 60 Children Youth and Family Services Division,F,122603,0,0,23
CUS,Community Use of Public Facilities,CUS 70 Finance and Administrative Support Team,F,90149,0,0,16
DGS,Department of General Services,DGS 36 Fleet Management Services,F,140274,0,0,N26
DEP,Department of Environmental Protection,DEP 80 Recycling and Refuse Services,M,98322,4455.43,0,18
DGS,Department of General Services,DGS 36 Building Design and Construction,M,174637.49,0,0,M3
REC,Department of Recreation,REC 72 Business Services,F,152043.75,0,0,M3
HHS,Department of Health and Human Services,HHS 60 Office of Eligibility and Support Services,F,160735.62,0,0,M3
HHS,Department of Health and Human Services,HHS 60 Office of Eligibility and Support Services,F,101954.99,5663.88,0,20
DGS,Department of General Services,DGS 36 Central Duplicating,M,85792.63,0,0,15
ABS,Alcohol Beverage Services,ABS 85 Special Order Liquor and Wine Warehouse Operations,M,71914.52,3696.93,0,13
FRS,Fire and Rescue Services,FRS 45 Field Recruits,M,62102,15.31,0,F1
FRS,Fire and Rescue Services,FRS 45 Station 23,M,75915,664.27,0,F3
DOT,Department of Transportation,DOT 50 Transit Gaithersburg Ride On,M,92514,16467.79,0,T1
DOT,Department of Transportation,DOT 50 Transit Gaithersburg Ride On,M,92513.57,6138.28,0,T1
POL,Department of Police,POL 47 MSB Budget and Capital Management Division False Alarm Reduction Unit,M,134086,0,0,N25
POL,Department of Police,POL 47 MSB Budget and Capital Management Division Financial and Grants Management Section,F,140274,523.8,0,N26
DPS,Department of Permitting Services,DPS 75 Commercial Structural and Complex Structures,M,140274,0,0,26
ABS,Alcohol Beverage Services,ABS 85 Walnut Hill,F,56237.72,197.23,0,12
HHS,Department of Health and Human Services,HHS 60 Chief Operating Officer Division,F,122603,0,0,N23
DGS,Department of General Services,DGS 36 Fleet Management Fleet Services,M,102711,0,0,19
HHS,Department of Health and Human Services,HHS 60 Behavioral Health and Crisis Services Division,F,128198,28511.53,0,24
DOT,Department of Transportation,DOT 50 Transit Gaithersburg Ride On,M,92513.57,31227.14,0,T1
DOT,Department of Transportation,DOT 50 Transit Silver Spring Ride On,M,91371.35,16748.17,0,T1
ABS,Alcohol Beverage Services,ABS 85 Beer Delivery Operations,M,69104.01,5217.26,0,10
DOT,Department of Transportation,DOT 50 Transit Gaithersburg Ride On,M,92514,8896.51,0,T1
DOT,Department of Transportation,DOT 50 Transit Gaithersburg Ride On,M,92514,12312.23,0,T1
DOT,Department of Transportation,DOT 50 Transit Gaithersburg Ride On,M,91371.39,2221.42,0,T1
FRS,Fire and Rescue Services,FRS 45 Station 8,M,90165,15250.34,0,F3
LIB,Department of Public Libraries,LIB 71 Wheaton Library,F,85918.11,0,0,18
CUS,Community Use of Public Facilities,CUS 70 Community Relations and Special Projects,M,158763.75,0,0,M3
DPS,Department of Permitting Services,DPS 75 Residential Inspections,F,134086,0,0,N25
HHS,Department of Health and Human Services,HHS 60 Office of Eligibility and Support Services,F,105651.29,0,0,20
POL,Department of Police,POL 47 MSB Information Management and Technology Division Data Systems Section,F,91380.92,0,0,20
REC,Department of Recreation,REC 72 Facilities Division,M,119913.48,0,0,N23
DEP,Department of Environmental Protection,DEP 80 Waste Reduction and Recycling,M,134086,0,0,N25
POL,Department of Police,POL 47 MSB Communications Division,F,110392.12,1180.88,0,N21
POL,Department of Police,POL 47 MSB Communications Division,F,96790.77,36381.54,0,19
POL,Department of Police,POL 47 MSB Communications Division,M,110768.05,31903.67,0,21
FRS,Fire and Rescue Services,FRS 45 Station 3,M,103472,8693.29,0,F3
HHS,Department of Health and Human Services,HHS 60 Children Youth and Family Services Division,M,111188.85,0,0,23
HHS,Department of Health and Human Services,HHS 60 Behavioral Health and Crisis Services Division,M,98322,0,0,18
HHS,Department of Health and Human Services,HHS 60 Office of Eligibility and Support Services,F,107323,1815.74,0,20
COR,Correction and Rehabilitation,COR 42 DS MCDC Central Processing Unit,M,112749,22069.7,0,C6
COR,Correction and Rehabilitation,COR 42 DS MCCF Unit 1 Security,M,112749,50824.85,0,C6
POL,Department of Police,POL 47 MSB Information Management and Technology Division Crime Analysis Section,M,117252,0,0,22
TBS,Department of Technology and Enterprise Business Solutions,TBS 34 CIO Change Management,F,174641.65,0,0,M3
FRS,Fire and Rescue Services,FRS 45 Station 8,M,74829,14037.48,0,F2
DPS,Department of Permitting Services,DPS 75 Land Development Sediment Stormwater Plan Review,M,140274,0,0,26
CEX,Offices of the County Executive,CEX 15 Chief Administrative Officer's Office,M,134086,0,0,N25
DGS,Department of General Services,DGS 36 Automation,F,168264,0,0,N30
POL,Department of Police,POL 47 PSB 3rd District Patrol,M,116725,12964.69,0,P4
COR,Correction and Rehabilitation,COR 42 MSD Fiscal Services,F,90149,410.28,0,16
COR,Correction and Rehabilitation,COR 42 DS MCDC Custody and Security,M,124023,26538.85,0,C1
DOT,Department of Transportation,DOT 50 Transit Gaithersburg Ride On,F,92513.57,22887.42,0,T1
DOT,Department of Transportation,DOT 50 Transit Gaithersburg Ride On,M,92514,14546.77,0,T1
DOT,Department of Transportation,DOT 50 Transit Gaithersburg Ride On,M,92513.57,14293.93,0,T1
DOT,Department of Transportation,DOT 50 Transit Gaithersburg Ride On,M,92513.57,11658.58,0,T1
DOT,Department of Transportation,DOT 50 Transit Gaithersburg Ride On,F,102219.89,18101.53,0,T2
TBS,Department of Technology and Enterprise Business Solutions,TBS 34 OMC MC311 Call Center,F,90149,2172.83,0,16
DEP,Department of Environmental Protection,DEP 80 Strategic and Administrative Services Division,F,122603,0,0,23
OMB,Office of Management and Budget,OMB 31 Office of Management and Budget,F,212097.6,0,0,M1
POL,Department of Police,POL 47 MSB Training and Education Division,M,120811,46114.18,0,P4
HHS,Department of Health and Human Services,HHS 60 Child Welfare Services,F,116412.36,0,0,24
HHS,Department of Health and Human Services,HHS 60 Children Youth and Family Services Division,F,95168.74,0,0,18
ABS,Alcohol Beverage Services,ABS 85 Kingsview,M,25837.85,19.75,0,12
TBS,Department of Technology and Enterprise Business Solutions,TBS 34 CIO Finance and Human Resources,F,122603,0,0,23
DGS,Department of General Services,DGS 36 Facilities Maintenance,M,102711,9342.77,0,19
DOT,Department of Transportation,DOT 50 Transit Gaithersburg Ride On,M,82236,9973.81,0,T1
POL,Department of Police,POL 47 PSB 4th District Patrol,F,116725,15946.22,0,P4
POL,Department of Police,POL 47 FSB Traffic Division Central Traffic Enforcement,M,116725,6542.49,0,P4
POL,Department of Police,POL 47 MSB Budget and Capital Management Division Procurement and Logistics,M,76994.35,5027.44,0,N19
ABS,Alcohol Beverage Services,ABS 85 Beer Warehouse Operations,M,72021.09,9421.25,0,13
HHS,Department of Health and Human Services,HHS 60 Chief Operating Officer Division,F,112166,0,0,21
SHF,Sheriff's Office,SHF 48 Sheriff Domestic Violence,M,158242.92,0,0,M3
DOT,Department of Transportation,DOT 50 Traffic Engineering and Operations,M,63591,0,0,13
REC,Department of Recreation,REC 72 Facilities Division,F,92200,0,0,21
ABS,Alcohol Beverage Services,ABS 85 Olney,F,25750,0,0,12
FRS,Fire and Rescue Services,FRS 45 Station 29,M,125207,45154.16,0,B1
FRS,Fire and Rescue Services,FRS 45 Station 15,M,125207,19988.12,0,B1
FRS,Fire and Rescue Services,FRS 45 Third Battalion - Administration,M,125207,25617.15,0,B1
FRS,Fire and Rescue Services,FRS 45 Field Operations Administration,M,113815,6671.86,0,F4
FRS,Fire and Rescue Services,FRS 45 Station 34,M,103472,232.76,0,F3
FRS,Fire and Rescue Services,FRS 45 Station 16,M,98298.4,9080.82,0,F3
FRS,Fire and Rescue Services,FRS 45 Station 24,M,103472,15254.07,0,F3
FRS,Fire and Rescue Services,FRS 45 Station 10,M,103472,0,0,F3
FRS,Fire and Rescue Services,FRS 45 Station 24,M,98543,8013.73,0,F2
FRS,Fire and Rescue Services,FRS 45 Station 30,M,103472,14627.23,0,F3
FRS,Fire and Rescue Services,FRS 45 Station 24,M,103472,0,0,F3
FRS,Fire and Rescue Services,FRS 45 Station 19,M,103472,18664.23,0,F3
FRS,Fire and Rescue Services,FRS 45 Station 25,M,103472,1969.04,0,F3
FRS,Fire and Rescue Services,FRS 45 Station 3,M,103472,28581.43,0,F3
FRS,Fire and Rescue Services,FRS 45 Station 17,M,103472,23962.89,0,F3
FRS,Fire and Rescue Services,FRS 45 Station 10,M,103472,18005.03,0,F3
FRS,Fire and Rescue Services,FRS 45 Station 29,M,103472,8450.11,0,F3
FRS,Fire and Rescue Services,FRS 45 Station 16,M,103472,4189.65,0,F3
FRS,Fire and Rescue Services,FRS 45 Station 40,M,103472,10479.35,0,F3
FRS,Fire and Rescue Services,FRS 45 Station 12,M,113815,60617.45,0,F4
FRS,Fire and Rescue Services,FRS 45 First Battalion - Administration,M,125207,5734.46,0,B1
FRS,Fire and Rescue Services,FRS 45 Station 22,M,103472,109204.31,0,F3
FRS,Fire and Rescue Services,FRS 45 Station 26,M,103472,207.67,0,F3
FRS,Fire and Rescue Services,FRS 45 Station 18,M,125207,47514.75,0,B1
FRS,Fire and Rescue Services,FRS 45 Station 19,M,103472,27646.16,0,F3
FRS,Fire and Rescue Services,FRS 45 Field Operations Administration,M,125207,7170.18,0,B1
FRS,Fire and Rescue Services,FRS 45 Station 33,M,98543,0,0,F2
FRS,Fire and Rescue Services,FRS 45 Station 15,M,103472,27170.63,0,F3
FRS,Fire and Rescue Services,FRS 45 Station 8,M,103472,1070.27,0,F3
FRS,Fire and Rescue Services,FRS 45 Station 23,M,103472,6092.37,0,F3
FRS,Fire and Rescue Services,FRS 45 Station 21,M,103472,223.88,0,F3
DOT,Department of Transportation,DOT 50 Transit Gaithersburg Ride On,F,92514,18690.9,0,T1
FIN,Department of Finance,FIN 32 Tax Operations,F,75436.96,25.52,0,13
FRS,Fire and Rescue Services,FRS 45 Fourth Battalion - Administration,M,125207,34914.46,0,B1
FRS,Fire and Rescue Services,FRS 45 Station 18,M,103472,1389.29,0,F3
DOT,Department of Transportation,DOT 50 Transit Nicholson Ride On,M,91371.93,9003.35,0,T1
DOT,Department of Transportation,DOT 50 Transit Silver Spring Ride On,M,92514,0,0,T1
FRS,Fire and Rescue Services,FRS 45 Station 24,M,103472,10934.23,0,F3
FRS,Fire and Rescue Services,FRS 45 Station 17,M,103472,1390.31,0,F3
FRS,Fire and Rescue Services,FRS 45 Station 10,M,103472,957.88,0,F3
CEC,Community Engagement Cluster,CEC 16 Wheaton Urban District,M,69930,3066.54,0,10
DOT,Department of Transportation,DOT 50 Transit Silver Spring Ride On,M,92514,22540.65,0,T1
CEC,Community Engagement Cluster,CEC 16 Silver Spring Urban District,M,67793.1,20305.13,0,10
DOT,Department of Transportation,DOT 50 Transit Gaithersburg Ride On,M,92513.57,10953.35,0,T1
LIB,Department of Public Libraries,LIB 71 Community Outreach,F,88655.62,0,0,18
ABS,Alcohol Beverage Services,ABS 85 Beer Warehouse Operations,M,72021.09,916.38,0,13
DOT,Department of Transportation,DOT 50 Highway Services,M,87403.72,20567.47,0,17
FRS,Fire and Rescue Services,FRS 45 Fleet Operations,M,107323,21707.29,0,20
HCA,Department of Housing and Community Affairs,HCA 76 Asset Management,M,134086,0,0,25
DGS,Department of General Services,DGS 36 Facilities Maintenance,F,64452,1653.27,0,8
HHS,Department of Health and Human Services,HHS 60 Aging & Disability Services Division,F,128198,0,0,24
HHS,Department of Health and Human Services,HHS 60 Office of Eligibility and Support Services,M,105751.82,2484.35,0,22
DGS,Department of General Services,DGS 36 Fleet Automotive Heavy Equipment,M,102711,7370.46,0,19
HHS,Department of Health and Human Services,HHS 60 Services to End and Prevent Homelessness Division,F,122603,0,0,23
COR,Correction and Rehabilitation,COR 42 DS MCCF Unit 2 Security,M,112749,109858.59,0,C6
HHS,Department of Health and Human Services,HHS 60 Behavioral Health and Crisis Services Division,F,139309.5,7612.36,0,N26
HHS,Department of Health and Human Services,HHS 60 School Health Services,M,161282.96,0,0,M2
HHS,Department of Health and Human Services,HHS 60 School Health Services,F,74602.72,0,0,16
HHS,Department of Health and Human Services,HHS 60 School Health Services,F,72318.83,119.22,0,16
HHS,Department of Health and Human Services,HHS 60 School Health Services,F,128198,0,0,24
HHS,Department of Health and Human Services,HHS 60 School Health Services,F,128198,184.91,0,24
HHS,Department of Health and Human Services,HHS 60 School Health Services,F,112173.25,0,0,24
COR,Correction and Rehabilitation,COR 42 MSD Human Resources,F,97648.65,0,0,N18
HHS,Department of Health and Human Services,HHS 60 School Health Services,F,87456.33,0,0,24
HHS,Department of Health and Human Services,HHS 60 School Health Services,F,74602.74,0,0,16
ABS,Alcohol Beverage Services,ABS 85 Administrative Services,M,172178.8,0,0,M3
POL,Department of Police,POL 47 PSB 6th District Patrol,F,116725,102807.46,0,P4
POL,Department of Police,POL 47 PSB 6th District Patrol,F,120811,20497.15,0,P4
POL,Department of Police,POL 47 PSB 2nd District Patrol,F,116725,45522.92,0,P4
POL,Department of Police,POL 47 CRB Community Engagement Division Community Engagement Section,M,120811,23395.85,1626.4,P4
POL,Department of Police,POL 47 PSB 5th District Patrol,F,116725,6548.01,0,P4
POL,Department of Police,POL 47 PSB 4th District Special Assignment Team,M,116725,34040.48,0,P4
DEP,Department of Environmental Protection,DEP 80 Resource Conversion,F,76583.63,16965.44,0,13
POL,Department of Police,POL 47 PSB 5th District Patrol,M,122560,4471.15,0,P5
POL,Department of Police,POL 47 PSB 3rd District Patrol,M,116725,4225.05,0,P4
POL,Department of Police,POL 47 PSB 1st District Patrol,M,139532,30442.81,6706.18,A1
POL,Department of Police,POL 47 PSB 3rd District Special Assignment Team,F,116725,37066.42,0,P4
HHS,Department of Health and Human Services,HHS 60 Aging & Disability Services Division,F,134086,0,0,N25
DPS,Department of Permitting Services,DPS 75 Fire Code Compliance,M,134086,0,0,N25
POL,Department of Police,POL 47 PSB 6th District Patrol,F,58363,77.57,0,P4P
POL,Department of Police,POL 47 PSB 2nd District Patrol,M,116725,20558.11,0,P4
POL,Department of Police,POL 47 PSB 2nd District Patrol,M,116725,158.91,0,P4
HCA,Department of Housing and Community Affairs,HCA 76 Housing Code Enforcement,M,129253.67,0,0,N25
POL,Department of Police,POL 47 PSB 5th District Special Assignment Team,M,116725,30827.69,0,P4
POL,Department of Police,POL 47 PSB 4th District Patrol,M,116725,5793.76,0,P4
POL,Department of Police,POL 47 PSB 4th District Patrol,M,120811,10907.91,0,P4
COR,Correction and Rehabilitation,COR 42 DS Inmate Records,M,85311.39,8103.1,0,17
SHF,Sheriff's Office,SHF 48 Courthouse Security,M,109125,19216.08,0,G4
SHF,Sheriff's Office,SHF 48 Child Support,M,105667,1997.6,0,G4
POL,Department of Police,POL 47 PSB 1st District Patrol,F,120811,6592.49,0,P4
SHF,Sheriff's Office,SHF 48 Court and Transport,M,119346,16918.48,0,D1
POL,Department of Police,POL 47 PSB 1st District Patrol,M,116725,0,0,P4
HHS,Department of Health and Human Services,HHS 60 Public Health Services Division,M,95218.49,0,0,20
POL,Department of Police,POL 47 Management Services Bureau,M,150590.82,1586.36,0,A2
POL,Department of Police,POL 47 PSB 3rd District Patrol,M,116725,4663.52,0,P4
FRS,Fire and Rescue Services,FRS 45 Station 32,M,98543,11101.77,0,F2
POL,Department of Police,POL 47 PSB 5th District Patrol,M,116725,0,0,P4
POL,Department of Police,POL 47 PSB 4th District Patrol,F,120811,7578.89,0,P4
POL,Department of Police,POL 47 PSB 3rd District Patrol,F,134814,30334.5,0,A1
POL,Department of Police,POL 47 PSB 2nd District Community Operations,M,134814,7351.84,0,A1
POL,Department of Police,POL 47 PSB 5th District Patrol,M,116725,376.39,0,P4
ABS,Alcohol Beverage Services,ABS 85 Kingsview,F,77326.88,1017.51,0,14
POL,Department of Police,POL 47 PSB 3rd District Patrol,M,139532,53563.11,0,A1
POL,Department of Police,POL 47 PSB 2nd District Patrol,M,116725,3887.63,0,P4
POL,Department of Police,POL 47 PSB 1st District Patrol,M,116725,19392.81,0,P4
POL,Department of Police,POL 47 FSB Special Operations Division Tactical Operations Section,M,116725,11483.53,0,P4
POL,Department of Police,POL 47 PSB 5th District Patrol,F,116725,4637.83,0,P4
ABS,Alcohol Beverage Services,ABS 85 Cloverly,M,56237.72,5953.73,0,12
ABS,Alcohol Beverage Services,ABS 85 Potomac,M,83711.95,0,0,N18
ABS,Alcohol Beverage Services,ABS 85 White Oak,M,84242.02,399.85,0,N18
ABS,Alcohol Beverage Services,ABS 85 Hampden Lane,F,76583.65,139.51,0,14
COR,Correction and Rehabilitation,COR 42 PTS Supervision,M,128198,0,0,24
COR,Correction and Rehabilitation,COR 42 DS MCDC Custody and Security,M,93983,24952.54,0,C4
POL,Department of Police,POL 47 FSB Traffic Division Automated Traffic Enforcement Section,M,91489.68,0,0,N18
POL,Department of Police,POL 47 FSB Traffic Division School Safety Section,F,33896.55,0,0,10
HHS,Department of Health and Human Services,HHS 60 Public Health Services Division,F,140274,0,0,26
HHS,Department of Health and Human Services,HHS 60 Public Health Services Division,F,98322,0,0,18
DGS,Department of General Services,DGS 36 Facilities Maintenance,M,86352,2026.06,0,15
HHS,Department of Health and Human Services,HHS 60 Behavioral Health and Crisis Services Division,F,94134,0,0,N17
HHS,Department of Health and Human Services,HHS 60 Public Health Services Division,F,239794.2,0,0,MD4
HHS,Department of Health and Human Services,HHS 60 Aging & Disability Services Division,M,122603,0,0,23
POL,Department of Police,POL 47 FSB Traffic Division School Safety Section,F,33896.55,0,0,10
DOT,Department of Transportation,DOT 50 Transit Gaithersburg Ride On,M,92513.57,8357.06,0,T1
DOT,Department of Transportation,DOT 50 Transit Gaithersburg Ride On,M,92513.57,21237.2,0,T1
DOT,Department of Transportation,DOT 50 Transit Silver Spring Ride On,M,92514,10156.34,0,T1
HCA,Department of Housing and Community Affairs,HCA 76 Housing Development,M,71852.99,0,0,13
DOT,Department of Transportation,DOT 50 Transit COS Marketing,M,134086,0,0,N25
CAT,County Attorney's Office,CAT 30 Finance and Procurement,F,28788,0,0,N5
HHS,Department of Health and Human Services,HHS 60 Aging & Disability Services Division,M,140274,598.12,0,N26
DEP,Department of Environmental Protection,DEP 80 Recycling and Refuse Services,M,28788.06,0,0,5
OHR,Office of Human Resources,OHR 33 Recruitment and Selection,F,134086,0,0,N25
FRS,Fire and Rescue Services,FRS 45 Planning and Accreditation,F,169753.14,0,0,M3
ABS,Alcohol Beverage Services,ABS 85 Aspen Hill,M,26742.46,170.92,0,12
POL,Department of Police,POL 47 MSB Information Management and Technology Division,M,107323,4335.77,0,20
LIB,Department of Public Libraries,LIB 71 Business Office,F,92083.15,0,0,N21
CEC,Community Engagement Cluster,CEC 16 Community Partnerships,F,50036.25,0,0,23
LIB,Department of Public Libraries,LIB 71 Wheaton Library,F,30039.31,0,0,13
FRS,Fire and Rescue Services,FRS 45 Station 23,M,103472,19011.32,0,F3
COR,Correction and Rehabilitation,COR 42 DS MCCF Unit 1 Security,M,93983,89793.48,0,C4
LIB,Department of Public Libraries,LIB 71 Olney Library,F,41506.53,0,0,18
ABS,Alcohol Beverage Services,ABS 85 Beer Delivery Operations,M,80041.15,7951.51,0,15
DOT,Department of Transportation,DOT 50 Transportation Construction Section,F,140274,0,0,N26
FRS,Fire and Rescue Services,FRS 45 Procurement,F,134086,0,0,25
DPS,Department of Permitting Services,DPS 75 Customer Support,F,155360.39,0,0,M3
CCL,County Council,CCL 01 Council Central Staff,M,200850,0,0,M1
POL,Department of Police,POL 47 FSB Traffic Division Vehicle Recovery Section,M,96963.49,14114.92,0,N18
ABS,Alcohol Beverage Services,ABS 85 Beer Delivery Operations,M,66052.47,1123.87,0,10
DGS,Department of General Services,DGS 36 Fleet Management Fleet Services,M,102711,6558.53,0,19
CCL,County Council,CCL 01 Council Members and Staff,M,147501.87,0,0,LB3
DGS,Department of General Services,DGS 36 Facilities Maintenance,M,81200.09,12654.08,0,15
HHS,Department of Health and Human Services,HHS 60 Behavioral Health and Crisis Services Division,F,115856.28,313.51,0,23
OIG,Office of the Inspector General,OIG 06 Office of the Inspector General,F,153585,0,0,N28
FIN,Department of Finance,FIN 32 Division of Fiscal Management,F,153585,0,0,N28
DPS,Department of Permitting Services,DPS 75 Director's Office,F,153585,0,0,N28
DPS,Department of Permitting Services,DPS 75 Fire Code Compliance,M,122603,5176.27,0,23
COR,Correction and Rehabilitation,COR 42 DS MCDC Custody and Security,F,102691,9285.1,0,C5
HHS,Department of Health and Human Services,HHS 60 Behavioral Health and Crisis Services Division,M,90149,0,0,16
FIN,Department of Finance,FIN 32 Timekeeping and Payroll,M,174641.65,0,0,M3
LIB,Department of Public Libraries,LIB 71 Connie Morella Library,F,33484.25,0,0,13
DPS,Department of Permitting Services,DPS 75 Fire Code Compliance,M,134086,0,0,N25
DPS,Department of Permitting Services,DPS 75 Customer Support,M,94134,16.48,0,17
HCA,Department of Housing and Community Affairs,HCA 76 Affordable Housing Programs,F,86851.16,0,0,16
DPS,Department of Permitting Services,DPS 75 Fire Code Compliance,M,122603,2262.84,0,23
REC,Department of Recreation,REC 72 Facilities Division,F,112166,0,0,21
POL,Department of Police,POL 47 FSB Traffic Division School Safety Section,F,33896.92,0,0,10
BOE,Board of Elections,BOE 24 Information Technology Division,F,112166,0,0,21
POL,Department of Police,POL 47 MSB Personnel Division Administration,F,122603,0,0,N23
FIN,Department of Finance,FIN 32 Information Technology,M,181336,0,0,N32
DGS,Department of General Services,DGS 36 Fleet Management Fleet Services,M,167865.95,0,0,M3
TBS,Department of Technology and Enterprise Business Solutions,TBS 34 OMC MC311 Call Center,M,83354.19,932.01,0,16
HHS,Department of Health and Human Services,HHS 60 Behavioral Health and Crisis Services Division,F,85937.48,0,0,16
HHS,Department of Health and Human Services,HHS 60 Child Welfare Services,F,90149,0,0,16
COR,Correction and Rehabilitation,COR 42 DS MCDC Central Processing Unit,F,112749,61648.55,0,C6
LIB,Department of Public Libraries,LIB 71 Aspen Hill Library,F,40535.34,0,0,18
COR,Correction and Rehabilitation,COR 42 DS Intake Classification and Re-Entry Services,F,119447.26,0,0,24
ABS,Alcohol Beverage Services,ABS 85 Beer Warehouse Operations,M,72174.62,982.66,0,13
DEP,Department of Environmental Protection,DEP 80 Strategic and Administrative Services Division,F,117252,0,0,N22
COR,Correction and Rehabilitation,COR 42 PRRS Facility and Security,F,107323,13246.53,0,20
LIB,Department of Public Libraries,LIB 71 Olney Library,F,128198,0,0,24
DGS,Department of General Services,DGS 36 Fleet Management Fleet Services,M,163770.15,0,0,M3
DGS,Department of General Services,DGS 36 Central Duplicating,M,90149,852.11,0,16
COR,Correction and Rehabilitation,COR 42 DS MCCF Unit 3 Security,M,112749,24306.92,0,C6
POL,Department of Police,POL 47 FSB Traffic Division School Safety Section,M,33896.92,0,0,10
DGS,Department of General Services,DGS 36 Facilities Major Programs,M,105683.06,23035.12,0,20
FRS,Fire and Rescue Services,FRS 45 Facilities,F,114581.25,0,0,N23
LIB,Department of Public Libraries,LIB 71 Davis Library,F,56083.26,0,0,21
LIB,Department of Public Libraries,LIB 71 Davis Library,M,89663.41,0,0,16
DOT,Department of Transportation,DOT 50 Transit Management Services,F,110090.84,0,0,N23
LIB,Department of Public Libraries,LIB 71 Damascus Library,M,90559.53,0,0,N20
COR,Correction and Rehabilitation,COR 42 DS MCDC Custody and Security,M,102691,31936.96,0,C5
HHS,Department of Health and Human Services,HHS 60 Public Health Services Division,F,100125.88,0,0,N23
DGS,Department of General Services,DGS 36 Planning and Development,F,146770,0,0,N27
HHS,Department of Health and Human Services,HHS 60 Behavioral Health and Crisis Services Division,M,92821.49,0,0,18
REC,Department of Recreation,REC 72 Office of the Director,F,200829,0,0,M2
POL,Department of Police,POL 47 MSB Communications Division,F,101083.91,16723.4,0,19
OFR,Office of Food Systems Resilience,OFR 28 Food Systems Resilience,F,108757.94,0,0,N23
CEX,Offices of the County Executive,CEX 15 Chief Administrative Officer's Office,F,147618.53,0,0,M3
LIB,Department of Public Libraries,LIB 71 White Oak Library,F,35650.65,0,0,13
OAS,Office of Animal Services,OAS 38 Animal Services Division,M,108934.81,0,0,N25
LIB,Department of Public Libraries,LIB 71 Chevy Chase Library,M,112166,0,0,21
LIB,Department of Public Libraries,LIB 71 Wheaton Library,F,106882.53,0,0,N20
DPS,Department of Permitting Services,DPS 75 Fire Code Compliance,M,134086,0,0,N25
HHS,Department of Health and Human Services,HHS 60 Chief Operating Officer Division,F,70932.04,0,0,13
HHS,Department of Health and Human Services,HHS 60 Public Health Services Division,F,74487.83,0,0,16
OAS,Office of Animal Services,OAS 38 Animal Services Division,F,73406.59,0,0,14
OAS,Office of Animal Services,OAS 38 Animal Services Division,M,78255.1,555.87,0,14
OAS,Office of Animal Services,OAS 38 Animal Services Division,M,97342.33,3205.57,0,20
OAS,Office of Animal Services,OAS 38 Animal Services Division,F,97342.33,2378.74,0,20
OAS,Office of Animal Services,OAS 38 Animal Services Division,M,85918.1,3840.47,0,17
POL,Department of Police,POL 47 PSB 6th District Patrol,F,105277,0,0,P4
POL,Department of Police,POL 47 PSB 4th District Special Assignment Team,M,94951,25376.98,0,P4
DOT,Department of Transportation,DOT 50 Commuter Services,F,134086,0,0,N25
DPS,Department of Permitting Services,DPS 75 Commercial Structural and Complex Structures,M,122603,0,0,23
DPS,Department of Permitting Services,DPS 75 Land Development Division,F,200829,0,0,M2
HHS,Department of Health and Human Services,HHS 60 Children Youth and Family Services Division,F,59516,0,0,N23
DPS,Department of Permitting Services,DPS 75 Residential Plan Review,M,174641.65,0,0,M3
DPS,Department of Permitting Services,DPS 75 Land Development Right-of-Way Plan Review,M,140274,0,0,26
DPS,Department of Permitting Services,DPS 75 Well and Septic Review and Inspections,F,173477.43,0,0,M3
POL,Department of Police,POL 47 FSB Special Operations Division Canine Section,M,112778,34513.06,0,P4
POL,Department of Police,POL 47 PSB 3rd District Patrol,F,105277,15637.45,0,P4
DGS,Department of General Services,DGS 36 Facilities Maintenance,M,102711,20749.45,0,19
DGS,Department of General Services,DGS 36 Fleet Management Fleet Services,M,117252,6009.37,0,N22
DGS,Department of General Services,DGS 36 Fleet Management Fleet Services,M,94134,0,0,17
DOT,Department of Transportation,DOT 50 Transit Silver Spring Ride On,M,89087.79,62651.39,0,T1
DOT,Department of Transportation,DOT 50 Transit Silver Spring Ride On,M,64246.5,3729.09,0,T1
DOT,Department of Transportation,DOT 50 Transit Gaithersburg Ride On,M,92514,1518.46,0,T1
DGS,Department of General Services,DGS 36 Real Estate Office,F,134086,0,0,N25
HHS,Department of Health and Human Services,HHS 60 Aging & Disability Services Division,F,125273.7,0,0,N28
DPS,Department of Permitting Services,DPS 75 Land Development Right-of-Way Plan Review,M,140274,0,0,26
DPS,Department of Permitting Services,DPS 75 Commercial Bldg/LS/Access/FPS,F,128198,7426.75,0,24
DOT,Department of Transportation,DOT 50 Highway Services,M,92609.68,24975.84,0,N21
OMB,Office of Management and Budget,OMB 31 Office of Management and Budget,F,168264,0,0,N30
POL,Department of Police,POL 47 FSB Security Services Division,F,69163.72,0,0,15
LIB,Department of Public Libraries,LIB 71 Wheaton Library,F,36773.48,0,0,13
DPS,Department of Permitting Services,DPS 75 Central Services Unit,F,108153.91,0,0,N21
DOT,Department of Transportation,DOT 50 Highway Services,M,77584.2,26683.16,0,15
DGS,Department of General Services,DGS 36 Fleet Management Fleet Services,M,102711,740.72,0,19
DOT,Department of Transportation,DOT 50 Highway Services,M,82968.51,37904.68,0,16
COR,Correction and Rehabilitation,COR 42 DS MCCF Unit 3 Security,M,109170,16656.5,0,C6
DGS,Department of General Services,DGS 36 Facilities Maintenance,M,102711,42210.19,0,19
HHS,Department of Health and Human Services,HHS 60 Services to End and Prevent Homelessness Division,F,67037.95,0,0,13
LIB,Department of Public Libraries,LIB 71 Wheaton Library,F,28263.95,0,0,8
HHS,Department of Health and Human Services,HHS 60 School Health Services,F,72079.86,0,0,16
HHS,Department of Health and Human Services,HHS 60 School Health Services,F,69873.37,0,0,16
HHS,Department of Health and Human Services,HHS 60 School Health Services,F,72079.89,0,0,16
HHS,Department of Health and Human Services,HHS 60 School Health Services,F,128198,0,0,24
HHS,Department of Health and Human Services,HHS 60 School Health Services,F,78880.38,65.02,0,16
HHS,Department of Health and Human Services,HHS 60 Public Health Services Division,F,88326.77,0,0,21
HHS,Department of Health and Human Services,HHS 60 School Health Services,F,72079.89,0,0,16
HHS,Department of Health and Human Services,HHS 60 School Health Services,F,71754.72,0,0,16
TBS,Department of Technology and Enterprise Business Solutions,TBS 34 OMC MC311 Call Center,F,91371.39,0,0,13
DOT,Department of Transportation,DOT 50 Transit Central Communication,M,98322,7121.82,0,18
CAT,County Attorney's Office,CAT 30 Insurance Defense Litigation,F,90149,0,0,N16
HHS,Department of Health and Human Services,HHS 60 Child Welfare Services,F,83953.14,60.55,0,18
COR,Correction and Rehabilitation,COR 42 DS MCDC Custody and Security,M,109170,44783.56,0,C6
CCL,County Council,CCL 01 Council Members and Staff,M,94691.89,0,0,N26
DPS,Department of Permitting Services,DPS 75 Commercial Bldg/LS/Access/FPS,M,140274,2226.16,0,26
DGS,Department of General Services,DGS 36 Facilities Major Programs,M,153585,0,0,28
TBS,Department of Technology and Enterprise Business Solutions,TBS 34 OBP FiberNet Infrastructure,M,174642,22030.53,0,M3
POL,Department of Police,POL 47 PSB 1st District Patrol,M,116725,7357.06,0,P4
POL,Department of Police,POL 47 PSB 4th District Patrol,F,88429.08,0,0,16
POL,Department of Police,POL 47 PSB 6th District Patrol,M,118417,0,0,P5
POL,Department of Police,POL 47 MSB Communications Division,M,106914.52,1767.45,0,N21
HHS,Department of Health and Human Services,HHS 60 Aging & Disability Services Division,F,89703.24,0,0,21
POL,Department of Police,POL 47 FSB Special Operations Division,M,122560,30942.37,0,P5
TBS,Department of Technology and Enterprise Business Solutions,TBS 34 OSP DevOps and Server Support,M,181336,0,0,N32
POL,Department of Police,POL 47 PSB 3rd District Patrol,M,112778,81.34,0,P4
POL,Department of Police,POL 47 PSB 3rd District Community Action Team,M,125850,11294.5,0,A1
HHS,Department of Health and Human Services,HHS 60 Aging & Disability Services Division,F,119032,0,0,23
POL,Department of Police,POL 47 MSB Communications Division,M,97665.62,13022.65,0,19
POL,Department of Police,POL 47 PSB 2nd District Patrol,M,112778,4939.36,0,P4
TBS,Department of Technology and Enterprise Business Solutions,TBS 34 ODT Technical Support Team,M,181336,0,0,N32
POL,Department of Police,POL 47 PSB 2nd District Patrol,M,112778,21704.01,0,P4
POL,Department of Police,POL 47 PSB 6th District Patrol,M,120811,29194.52,0,P4
POL,Department of Police,POL 47 PSB 5th District Patrol,M,112778,11746.72,0,P4
POL,Department of Police,POL 47 PSB 3rd District Patrol,F,112778,1223.59,0,P4
POL,Department of Police,POL 47 PSB 6th District Patrol,M,108963,51505.58,0,P4
POL,Department of Police,POL 47 PSB 4th District Patrol,M,112778,43869.97,0,P4
POL,Department of Police,POL 47 HQ Office of the Chief,M,126852,46172.67,0,P5
POL,Department of Police,POL 47 PSB 4th District Patrol,M,93594,39139.71,0,P3
POL,Department of Police,POL 47 PSB 3rd District Patrol,M,112778,622.1,0,P4
POL,Department of Police,POL 47 PSB 3rd District Patrol,M,139532,15629.99,0,A1
POL,Department of Police,POL 47 PSB 6th District Special Assignment Team,M,112778,21428.48,0,P4
POL,Department of Police,POL 47 PSB 3rd District Patrol,M,112778,28696.76,0,P4
POL,Department of Police,POL 47 PSB 2nd District Patrol,M,139532,27613.24,0,A1
POL,Department of Police,POL 47 PSB 6th District Patrol,M,116725,5317.77,0,P4
POL,Department of Police,POL 47 PSB 5th District Patrol,M,112778,16053.52,0,P4
POL,Department of Police,POL 47 PSB 1st District Special Assignment Team,M,112778,12201.42,0,P4
POL,Department of Police,POL 47 PSB 3rd District Station,M,149793.25,58544.9,0,A2
POL,Department of Police,POL 47 PSB 4th District Patrol,M,120811,68663.82,3037.45,P4
POL,Department of Police,POL 47 PSB 3rd District Community Action Team,M,118417,26583.28,0,P5
POL,Department of Police,POL 47 PSB 5th District Patrol,M,112778,17832.63,0,P4
POL,Department of Police,POL 47 PSB 6th District Patrol,M,112778,19712.81,0,P4
POL,Department of Police,POL 47 PSB 2nd District Patrol,M,130255,48489.59,0,A1
POL,Department of Police,POL 47 PSB 3rd District Patrol,M,130255,37958.41,0,A1
POL,Department of Police,POL 47 PSB 5th District Special Assignment Team,M,112778,21310.6,0,P4
POL,Department of Police,POL 47 PSB 3rd District Patrol,F,112778,5356.55,0,P4
POL,Department of Police,POL 47 PSB 6th District Patrol,M,112778,8686.66,0,P4
POL,Department of Police,POL 47 PSB 2nd District Patrol,M,112778,15507.55,0,P4
POL,Department of Police,POL 47 CRB Community Engagement Division Community Engagement Section,F,112778,16968.34,0,P4
POL,Department of Police,POL 47 PSB 4th District Patrol,F,130255,10910.18,0,A1
POL,Department of Police,POL 47 HQ Office of the Chief,M,126852,125651.81,4329.42,P5
POL,Department of Police,POL 47 PSB 2nd District Patrol,M,112778,0,0,P4
FRS,Fire and Rescue Services,FRS 45 Station 24,M,120974,48978.77,0,B1
FRS,Fire and Rescue Services,FRS 45 First Battalion - Administration,M,120974,1933.31,0,B1
FRS,Fire and Rescue Services,FRS 45 Station 17,M,99972,24120.78,0,F3
FRS,Fire and Rescue Services,FRS 45 Rescue 2,F,95208,0,0,F2
FRS,Fire and Rescue Services,FRS 45 Station 26,M,109965,1875.13,0,F4
FRS,Fire and Rescue Services,FRS 45 Field Operations Administration,F,120974,42482.32,0,B1
FRS,Fire and Rescue Services,FRS 45 Second Battalion - Administration,M,120974,3654.64,0,B1
FRS,Fire and Rescue Services,FRS 45 Station 32,M,99972,98297.15,0,F3
FRS,Fire and Rescue Services,FRS 45 Station 8,M,99972,449.76,0,F3
FRS,Fire and Rescue Services,FRS 45 Station 31,M,99972,28959.01,0,F3
FRS,Fire and Rescue Services,FRS 45 Station 30,M,99972,0,0,F3
FRS,Fire and Rescue Services,FRS 45 Station 23,M,99972,5918.62,0,F3
FRS,Fire and Rescue Services,FRS 45 Fourth Battalion - Administration,M,120974,5724.52,0,B1
FRS,Fire and Rescue Services,FRS 45 Station 29,M,99972,31270.76,0,F3
FRS,Fire and Rescue Services,FRS 45 Station 31,M,109965,16726.79,0,F4
FRS,Fire and Rescue Services,FRS 45 First Battalion - Administration,M,120974,23243.56,0,B1
FRS,Fire and Rescue Services,FRS 45 Station 15,M,99972,56700.15,0,F3
FRS,Fire and Rescue Services,FRS 45 Station 17,M,99972,6158.77,0,F3
FRS,Fire and Rescue Services,FRS 45 Field Operations Administration,M,136411,22655.9,0,B2
FRS,Fire and Rescue Services,FRS 45 Station 12,M,109965,30130.01,0,F4
FRS,Fire and Rescue Services,FRS 45 Second Battalion - Administration,M,120974,63888.66,0,B1
FRS,Fire and Rescue Services,FRS 45 Station 22,M,99972,18562.42,0,F3
FRS,Fire and Rescue Services,FRS 45 Station 7,M,99972,53550.34,0,F3
FRS,Fire and Rescue Services,FRS 45 Station 25,M,99972,19282.51,0,F3
FRS,Fire and Rescue Services,FRS 45 Station 29,M,120974,11798.23,0,B1
FRS,Fire and Rescue Services,FRS 45 Fifth Battalion - Administration,M,120974,5394.62,0,B1
FRS,Fire and Rescue Services,FRS 45 Station 8,M,109965,22669.92,0,F4
FRS,Fire and Rescue Services,FRS 45 Station 29,M,109965,93672.32,0,F4
FRS,Fire and Rescue Services,FRS 45 Station 26,M,95208,0,0,F2
FRS,Fire and Rescue Services,FRS 45 Station 31,M,109965,13082.27,0,F4
FRS,Fire and Rescue Services,FRS 45 Station 3,M,109965,21336.8,0,F4
FRS,Fire and Rescue Services,FRS 45 Station 31,M,99972,4844.86,0,F3
FRS,Fire and Rescue Services,FRS 45 Third Battalion - Administration,M,120974,31769.95,0,B1
FRS,Fire and Rescue Services,FRS 45 Station 16,M,109965,13047.66,0,F4
FRS,Fire and Rescue Services,FRS 45 Station 35,M,99972,642.11,0,F3
FRS,Fire and Rescue Services,FRS 45 Station 24,M,99972,37983.5,0,F3
FRS,Fire and Rescue Services,FRS 45 Station 24,M,99972,22447.34,0,F3
FRS,Fire and Rescue Services,FRS 45 Station 35,M,99972,39243.15,0,F3
FRS,Fire and Rescue Services,FRS 45 Field Operations Administration,M,120974,5020.5,0,B1
FRS,Fire and Rescue Services,FRS 45 Fourth Battalion - Administration,M,120974,36573.99,0,B1
FRS,Fire and Rescue Services,FRS 45 Station 29,M,99972,36345.91,0,F3
FRS,Fire and Rescue Services,FRS 45 Station 6,M,99972,4907.74,0,F3
FRS,Fire and Rescue Services,FRS 45 EMS Logistics,M,115731.63,0,0,N25
FRS,Fire and Rescue Services,FRS 45 Station 8,M,95208,0,0,F2
FRS,Fire and Rescue Services,FRS 45 Station 21,M,99972,5961.74,0,F3
FRS,Fire and Rescue Services,FRS 45 Station 40,F,99972,40037.02,0,F3
FRS,Fire and Rescue Services,FRS 45 Field Operations Administration,M,120974,6088.14,0,B1
FRS,Fire and Rescue Services,FRS 45 Emergency Communications Center (ECC),M,109965,68397.79,0,F4
FRS,Fire and Rescue Services,FRS 45 Station 16,M,99972,30762.81,0,F3
FRS,Fire and Rescue Services,FRS 45 Station 40,M,99972,72386.27,0,F3
FRS,Fire and Rescue Services,FRS 45 Station 16,M,99972,0,0,F3
FRS,Fire and Rescue Services,FRS 45 Station 24,M,109965,23284.27,0,F4
FRS,Fire and Rescue Services,FRS 45 Fourth Battalion - Administration,M,120974,70057.54,0,B1
FRS,Fire and Rescue Services,FRS 45 Station 29,M,99972,92170.26,0,F3
LIB,Department of Public Libraries,LIB 71 Wheaton Library,F,61235.14,0,0,13
FRS,Fire and Rescue Services,FRS 45 Station 31,M,109965,89993.24,0,F4
DGS,Department of General Services,DGS 36 Facilities,F,153395.23,0,0,M3
OHR,Office of Human Resources,OHR 33 Administrative Services Team,F,124909.91,0,0,N25
ABS,Alcohol Beverage Services,ABS 85 Administrative Services,M,174639.09,0,0,M3
DEP,Department of Environmental Protection,DEP 80 Strategic and Administrative Services Division,M,100444.79,0,0,N21
HHS,Department of Health and Human Services,HHS 60 Office of Eligibility and Support Services,M,94038.41,8081.26,0,20
LIB,Department of Public Libraries,LIB 71 Public Service Administration,F,106674.82,0,0,23
POL,Department of Police,POL 47 MSB Information Management and Technology Division Crime Analysis Section,F,96492.2,0,0,20
DOT,Department of Transportation,DOT 50 Transit Silver Spring Ride On,M,92514,16729.36,0,T1
DOT,Department of Transportation,DOT 50 Transit Silver Spring Ride On,M,92514,10416.2,0,T1
DOT,Department of Transportation,DOT 50 Transit Silver Spring Ride On,M,91371.3,49289.84,0,T1
DOT,Department of Transportation,DOT 50 Transit Silver Spring Ride On,M,92514,26164.79,0,T1
REC,Department of Recreation,REC 72 Youth Development,M,97002.26,574.19,0,21
HCA,Department of Housing and Community Affairs,HCA 76 Housing Code Enforcement,M,111449.7,0,0,23
HHS,Department of Health and Human Services,HHS 60 Chief Operating Officer Division,F,134086,0,0,N25
FRS,Fire and Rescue Services,FRS 45 Fire Chief's Executive Office,M,174641.65,0,0,M3
FIN,Department of Finance,FIN 32 Division of Fiscal Management,M,160742,0,0,N29
DOT,Department of Transportation,DOT 50 Development Review,F,174217.6,0,0,M3
DEP,Department of Environmental Protection,DEP 80 Stormwater BMP Inspection and Maintenance,F,134086,0,0,N25
HHS,Department of Health and Human Services,HHS 60 Behavioral Health and Crisis Services Division,M,79296,2046.22,0,13
DOT,Department of Transportation,DOT 50 Commuter Services,F,106743.48,0,0,21
CEC,Community Engagement Cluster,CEC 16 Regional Services Centers,M,190000,0,0,EX3
OHR,Office of Human Resources,OHR 33 Recruitment and Selection,F,134086,0,0,N25
HHS,Department of Health and Human Services,HHS 60 Director's Office Division,M,122603,0,0,23
HHS,Department of Health and Human Services,HHS 60 Office of Eligibility and Support Services,M,88225.14,1063.1,0,20
BOE,Board of Elections,BOE 24 Information Technology Division,M,79134.52,0,0,16
OHR,Office of Human Resources,OHR 33 Health and Employee Welfare,F,174641.65,0,0,M3
LIB,Department of Public Libraries,LIB 71 Public Service Administration,F,176679.79,0,0,M2
DOT,Department of Transportation,DOT 50 Development Review,M,134086,0,0,25
DGS,Department of General Services,DGS 36 Fleet Management Services,M,102711,5142.54,0,N19
OAS,Office of Animal Services,OAS 38 Animal Services Division,F,75608.8,2103.77,0,14
HHS,Department of Health and Human Services,HHS 60 Aging & Disability Services Division,F,107520.8,116903.34,0,24
HHS,Department of Health and Human Services,HHS 60 Child Welfare Services,F,131597.63,0,0,N26
FRS,Fire and Rescue Services,FRS 45 Station 3,M,99181,79621.91,0,F4
FRS,Fire and Rescue Services,FRS 45 Station 22,M,75915,8255.63,0,F3
FRS,Fire and Rescue Services,FRS 45 Training,M,101430,1824.75,0,20
DOT,Department of Transportation,DOT 50 Transit Gaithersburg Ride On,M,91371.35,4146.46,0,T1
DEP,Department of Environmental Protection,DEP 80 Stormwater BMP Inspection and Maintenance,F,122603,0,0,23
HHS,Department of Health and Human Services,HHS 60 Chief Operating Officer Division,M,153585,0,0,N28
ABS,Alcohol Beverage Services,"ABS 85 Licensure, Regulation and Education",F,200829,0,0,M2
LIB,Department of Public Libraries,LIB 71 Digital Strategies,M,121926.4,0,0,23
HCA,Department of Housing and Community Affairs,HCA 76 Multi-Family Housing Program,M,134086,0,0,25
DGS,Department of General Services,DGS 36 Facilities Maintenance,M,102711,30931.75,0,19
CEC,Community Engagement Cluster,CEC 16 Wheaton Urban District,F,134086,4531.98,0,N25
DPS,Department of Permitting Services,DPS 75 Fire Code Compliance,M,122603,0,0,23
COR,Correction and Rehabilitation,COR 42 DS MCCF Case Managers Unit 2,M,106141.42,0,0,22
DPS,Department of Permitting Services,DPS 75 Fire Code Compliance,M,122603,3157.33,0,23
DPS,Department of Permitting Services,DPS 75 Fire Code Compliance,M,122603,11587.84,0,23
CAT,County Attorney's Office,CAT 30 County Attorney's Office,M,147733.27,0,0,N32
COR,Correction and Rehabilitation,COR 42 DS MCCF Unit 2 Security,M,99453,65373.71,0,C5
FRS,Fire and Rescue Services,FRS 45 Station 29,M,84172,1881.36,0,F3
FRS,Fire and Rescue Services,FRS 45 Volunteer Services Division,M,99173.08,0,0,N21
HHS,Department of Health and Human Services,HHS 60 School Health Services,F,101805.88,0,0,24
DOT,Department of Transportation,DOT 50 Transportation Planning and Design Section,F,153585,0,0,28
HHS,Department of Health and Human Services,HHS 60 Behavioral Health and Crisis Services Division,F,127500.72,0,0,24
CCL,County Council,CCL 01 Council Central Staff,F,147771,0,0,M3
HHS,Department of Health and Human Services,HHS 60 Aging & Disability Services Division,F,110450.25,0,0,N25
OMB,Office of Management and Budget,OMB 31 Office of Management and Budget,M,73562.76,0,0,N14
DOT,Department of Transportation,DOT 50 Transit Gaithersburg Ride On,M,65107,336.72,0,T1
DOT,Department of Transportation,DOT 50 Transit Silver Spring Ride On,M,91371.35,19217.86,0,T1
DOT,Department of Transportation,DOT 50 Transit Silver Spring Ride On,M,92514,10167.46,0,T1
BOE,Board of Elections,BOE 24 Information Technology Division,M,79134.51,0,0,16
DOT,Department of Transportation,DOT 50 Transit Gaithersburg Ride On,F,91371.35,168.32,0,T1
DOT,Department of Transportation,DOT 50 Transit Gaithersburg Ride On,M,91371.35,6480.32,0,T1
DOT,Department of Transportation,DOT 50 Transit Silver Spring Ride On,M,82236,9449.81,0,T1
DOT,Department of Transportation,DOT 50 Transit Silver Spring Ride On,M,85662.01,9735.13,0,T1
DEP,Department of Environmental Protection,DEP 80 Design and Construction,M,134086,0,0,25
COR,Correction and Rehabilitation,COR 42 DS MCDC Custody and Security,M,99453,23993.73,0,C5
REC,Department of Recreation,REC 72 Facilities Division,F,122603,686.73,0,N23
DPS,Department of Permitting Services,DPS 75 Central Services Unit,F,122603,0,0,N23
REC,Department of Recreation,REC 72 Senior Programs,F,122603,1422.81,0,N23
DPS,Department of Permitting Services,DPS 75 Customer Support,F,94134,1722.27,0,17
POL,Department of Police,POL 47 PSB 5th District Patrol,M,112778,24715.8,0,P4
NDA,Non-Departmental Account,NDA 99 MCIB,F,153585,0,0,N28
CEX,Offices of the County Executive,CEX 15 Internal Audit,M,194980,0,0,M2
CEX,Offices of the County Executive,CEX 15 Internal Audit,M,80331.76,0,0,M2
POL,Department of Police,POL 47 PSB 3rd District Special Assignment Team,M,112778,36153.7,0,P4
TBS,Department of Technology and Enterprise Business Solutions,TBS 34 OMC MC311 Call Center,F,80535.42,871.72,0,16
HHS,Department of Health and Human Services,HHS 60 Child Welfare Services,F,53679.8,0,0,24
DOT,Department of Transportation,DOT 50 Traffic Engineering Design and Operations,M,103764.23,7994.93,0,22
CAT,County Attorney's Office,CAT 30 Support Services,F,87523,0,0,N16
OAS,Office of Animal Services,OAS 38 Animal Services Division,M,78255.09,79.41,0,14
HHS,Department of Health and Human Services,HHS 60 Child Welfare Services,F,115080.91,0,0,N23
HHS,Department of Health and Human Services,HHS 60 Office of Eligibility and Support Services,F,93460.69,6584.82,0,20
DGS,Department of General Services,DGS 36 Fleet Management Fleet Services,M,117252,6017.57,0,N22
DGS,Department of General Services,DGS 36 Facilities Maintenance,M,98322,1051.23,0,18
FRS,Fire and Rescue Services,FRS 45 Fleet Operations,M,107323,23694.05,0,20
CEX,Offices of the County Executive,CEX 15 Chief Administrative Officer's Office,M,219000,0,0,EX2
DOT,Department of Transportation,DOT 50 Transit Gaithersburg Ride On,M,92514,13482.28,0,T1
POL,Department of Police,POL 47 MSB Communications Division,F,69097.14,12148.9,0,17
DOT,Department of Transportation,DOT 50 Transit Gaithersburg Ride On,M,91371.35,12045.13,0,T1
DOT,Department of Transportation,DOT 50 Transit Gaithersburg Ride On,M,91371.35,22741.26,0,T1
DOT,Department of Transportation,DOT 50 Transit Gaithersburg Ride On,M,112166,4216.55,0,N21
DGS,Department of General Services,DGS 36 Director,F,200829,0,0,M2
DGS,Department of General Services,DGS 36 Facilities Maintenance,M,93940.47,7954.52,0,18
HHS,Department of Health and Human Services,HHS 60 Children Youth and Family Services Division,F,145856.95,0,0,M3
POL,Department of Police,POL 47 MSB Personnel Division,F,134086,713.38,0,N25
HHS,Department of Health and Human Services,HHS 60 Aging & Disability Services Division,F,74487.84,0,0,16
HHS,Department of Health and Human Services,HHS 60 Office of Eligibility and Support Services,F,79296,0,0,13
SHF,Sheriff's Office,SHF 48 Administration,M,168264,1066.04,0,N30
HHS,Department of Health and Human Services,HHS 60 Office of Eligibility and Support Services,F,111692.68,0,0,N24
HHS,Department of Health and Human Services,HHS 60 Office of Eligibility and Support Services,M,99794.39,337.56,0,20
HHS,Department of Health and Human Services,HHS 60 Office of Eligibility and Support Services,F,93460.68,6999.79,0,20
HHS,Department of Health and Human Services,HHS 60 Children Youth and Family Services Division,F,92258.67,0,0,18
HHS,Department of Health and Human Services,HHS 60 Office of Eligibility and Support Services,F,99615.49,7613.01,0,22
ABS,Alcohol Beverage Services,ABS 85 Flower Avenue,M,56445.88,595.29,0,12
HHS,Department of Health and Human Services,HHS 60 School Health Services,F,72318.85,119.21,0,16
HHS,Department of Health and Human Services,HHS 60 School Health Services,F,72318.85,0,0,16
HHS,Department of Health and Human Services,HHS 60 School Health Services,F,72318.88,0,0,16
HHS,Department of Health and Human Services,HHS 60 School Health Services,F,128198,0,0,24
HHS,Department of Health and Human Services,HHS 60 School Health Services,F,78880.38,0,0,16
HHS,Department of Health and Human Services,HHS 60 Aging & Disability Services Division,F,95668.07,0,0,23
HHS,Department of Health and Human Services,HHS 60 Chief Operating Officer Division,F,115333.52,0,0,N23
OAS,Office of Animal Services,OAS 38 Animal Services Division,F,90149,3004.73,0,16
HHS,Department of Health and Human Services,HHS 60 Office of Eligibility and Support Services,F,93460.68,0,0,20
HHS,Department of Health and Human Services,HHS 60 Behavioral Health and Crisis Services Division,M,134086,0,0,N25
DGS,Department of General Services,DGS 36 Fleet Management Services,M,123060.8,0,0,N25
HHS,Department of Health and Human Services,HHS 60 School Health Services,F,157318.28,0,0,M3
DGS,Department of General Services,DGS 36 Facilities,M,57576,161.25,0,5
HHS,Department of Health and Human Services,HHS 60 Office of Eligibility and Support Services,F,115325.71,9138.52,0,N24
SHF,Sheriff's Office,SHF 48 Court and Transport,M,108315,8270.71,0,D1
HHS,Department of Health and Human Services,HHS 60 Services to End and Prevent Homelessness Division,F,90300.18,0,0,20
HHS,Department of Health and Human Services,HHS 60 School Health Services,F,124464,0,0,24
HHS,Department of Health and Human Services,HHS 60 School Health Services,F,128198,0,0,24
HHS,Department of Health and Human Services,HHS 60 Child Welfare Services,F,124317.92,1349.58,0,24
DGS,Department of General Services,DGS 36 Facilities,F,92002.67,1539.25,0,18
COR,Correction and Rehabilitation,COR 42 DS MCCF Unit 3 Security,F,109170,65146.16,0,C6
HHS,Department of Health and Human Services,HHS 60 Office of Eligibility and Support Services,F,107323,1083.56,0,20
COR,Correction and Rehabilitation,COR 42 DS Detention Services,M,109170,16949.21,0,C6
ABS,Alcohol Beverage Services,ABS 85 Director's Office,M,80183.91,0,0,18
ABS,Alcohol Beverage Services,ABS 85 Beer Warehouse Operations,M,85388.38,5648.18,0,N17
HHS,Department of Health and Human Services,HHS 60 School Health Services,F,128198,41506.39,0,24
ABS,Alcohol Beverage Services,ABS 85 Beer Loading,M,58710,2936.52,0,12
HHS,Department of Health and Human Services,HHS 60 Behavioral Health and Crisis Services Division,F,128198,16414.03,0,24
ABS,Alcohol Beverage Services,ABS 85 Purchasing,M,134086,0,0,N25
DGS,Department of General Services,DGS 36 Building Design and Construction,M,153585,0,0,28
DEP,Department of Environmental Protection,DEP 80 Stormwater BMP Inspection and Maintenance,F,126441.53,0,0,N25
ABS,Alcohol Beverage Services,ABS 85 Silver Spring,F,56445.88,3226.95,0,12
DGS,Department of General Services,DGS 36 Fleet Automotive Heavy Equipment,M,117252,11712.74,0,N22
DOT,Department of Transportation,DOT 50 Transit Gaithersburg Ride On,M,92514,13551.83,0,T1
DOT,Department of Transportation,DOT 50 Transit Silver Spring Ride On,F,92514,37877.9,0,T1
DOT,Department of Transportation,DOT 50 Transit Gaithersburg Ride On,M,91371.35,9590.49,0,T1
DOT,Department of Transportation,DOT 50 Transit Gaithersburg Ride On,M,100506.37,246.31,0,T2
DOT,Department of Transportation,DOT 50 Transit Central Communication,F,98322,3468.57,0,18
DOT,Department of Transportation,DOT 50 Transit Nicholson Ride On,M,92514,21010.35,0,T1
DPS,Department of Permitting Services,DPS 75 Fire Code Compliance,M,122603,0,0,23
FRS,Fire and Rescue Services,FRS 45 Station 16,M,103472,28348.84,0,F3
CCL,County Council,CCL 01 Council Central Staff,F,153585,0,0,N28
ABS,Alcohol Beverage Services,ABS 85 Darnestown,F,83758.96,0,0,N18
HHS,Department of Health and Human Services,HHS 60 Office of Eligibility and Support Services,F,93460.67,0,0,20
LIB,Department of Public Libraries,LIB 71 Brigadier General Charles E. McGee Library,F,120548.57,0,0,24
POL,Department of Police,POL 47 FSB Traffic Division Collision Reconstruction,F,120811,8250.06,0,P4
POL,Department of Police,POL 47 FSB Traffic Division School Safety Section,F,31768.83,0,0,10
HHS,Department of Health and Human Services,HHS 60 Office of Eligibility and Support Services,F,93226.8,0,0,20
HHS,Department of Health and Human Services,HHS 60 Public Health Services Division,F,128198,0,0,24
POL,Department of Police,POL 47 PSB 5th District Patrol,M,75047,7599.34,0,P2
FRS,Fire and Rescue Services,FRS 45 Station 23,M,99972,23540.05,0,F3
FRS,Fire and Rescue Services,FRS 45 Station 10,M,99972,61789.28,0,F3
FRS,Fire and Rescue Services,FRS 45 Station 6,M,99972,12552.96,0,F3
FRS,Fire and Rescue Services,FRS 45 Station 31,M,99972,64971.16,0,F3
FRS,Fire and Rescue Services,FRS 45 Field Operations Administration,M,120974,82814.68,0,B1
FRS,Fire and Rescue Services,FRS 45 Station 16,M,109965,5754.07,0,F4
FRS,Fire and Rescue Services,FRS 45 Station 40,M,109965,7181.74,0,F4
FRS,Fire and Rescue Services,FRS 45 Station 35,M,99972,38339.33,0,F3
FRS,Fire and Rescue Services,FRS 45 Station 33,M,99972,30816.89,0,F3
FRS,Fire and Rescue Services,FRS 45 Field Operations Administration,M,109965,46869.5,0,F4
FRS,Fire and Rescue Services,FRS 45 Station 4,M,99972,10855.42,0,F3
FRS,Fire and Rescue Services,FRS 45 Station 12,F,99972,10722.08,0,F3
FRS,Fire and Rescue Services,FRS 45 Station 8,M,95208,18659.69,0,F2
FRS,Fire and Rescue Services,FRS 45 Third Battalion - Administration,M,120974,50862.69,0,B1
FRS,Fire and Rescue Services,FRS 45 Station 31,M,99972,34700.86,0,F3
FRS,Fire and Rescue Services,FRS 45 Field Operations Administration,M,99972,48698.48,0,F3
FRS,Fire and Rescue Services,FRS 45 Station 22,M,99972,12570.42,0,F3
FRS,Fire and Rescue Services,FRS 45 Station 4,M,95208,2708.74,0,F2
FRS,Fire and Rescue Services,FRS 45 Station 34,M,99972,38154.47,0,F3
FRS,Fire and Rescue Services,FRS 45 Station 5,M,109965,1136.85,0,F4
FRS,Fire and Rescue Services,FRS 45 Station 30,M,99972,38240.25,0,F3
FRS,Fire and Rescue Services,FRS 45 Station 34,M,99972,31388.83,0,F3
FRS,Fire and Rescue Services,FRS 45 Station 18,M,99972,43062.09,0,F3
FRS,Fire and Rescue Services,FRS 45 Station 4,M,99972,9601.35,0,F3
FRS,Fire and Rescue Services,FRS 45 Station 8,M,109965,42721.8,0,F4
FRS,Fire and Rescue Services,FRS 45 Station 18,M,99972,42944.21,0,F3
FRS,Fire and Rescue Services,FRS 45 Station 18,M,109965,37505.87,0,F4
FRS,Fire and Rescue Services,FRS 45 Station 10,M,99972,19245.7,0,F3
FRS,Fire and Rescue Services,FRS 45 Station 35,M,99972,112.44,0,F3
FRS,Fire and Rescue Services,FRS 45 Station 12,M,99972,0,0,F3
DEP,Department of Environmental Protection,DEP 80 Recycling and Refuse Services,M,112166,29805.27,0,21
DPS,Department of Permitting Services,DPS 75 Land Development Right-of-Way Plan Review,F,140274,0,0,26
OAS,Office of Animal Services,OAS 38 Animal Services Division,F,85644.95,86.91,0,16
ABS,Alcohol Beverage Services,ABS 85 Walnut Hill,M,76843.81,987.86,0,14
DOT,Department of Transportation,DOT 50 Highway Services,M,83240.83,23551.8,0,16
DPS,Department of Permitting Services,DPS 75 Land Development Right-of-Way Inspection,M,83455.5,0,0,19
CEC,Community Engagement Cluster,CEC 16 Wheaton Urban District,M,67088,4217.63,0,9
POL,Department of Police,POL 47 MSB Communications Division,M,122603,11607.38,0,N23
TBS,Department of Technology and Enterprise Business Solutions,TBS 34 ODT Enterprise Resource Planning,F,194973.41,0,0,M2
POL,Department of Police,POL 47 MSB Communications Division,F,107368.15,10626.15,0,21
POL,Department of Police,POL 47 MSB Communications Division,F,107173.54,12903.66,0,N21
LIB,Department of Public Libraries,LIB 71 Damascus Library,F,62802.84,0,0,13
SHF,Sheriff's Office,SHF 48 Warrant Section,M,115542,4642.61,0,D1
OAG,Office of Agriculture,OAG 78 Agricultural Services,M,106367.97,0,0,N25
POL,Department of Police,POL 47 PSB 4th District Patrol,M,108963,82209.32,0,P4
POL,Department of Police,POL 47 PSB 5th District Patrol,M,112778,44221.57,0,P4
POL,Department of Police,POL 47 PSB 3rd District Patrol,M,112778,30940.75,0,P4
POL,Department of Police,POL 47 PSB 2nd District Patrol,M,101718,3447.37,0,P4
POL,Department of Police,POL 47 PSB 3rd District Patrol,M,130255,16179.07,0,A1
POL,Department of Police,POL 47 PSB 1st District Patrol,F,112778,37294.41,0,P4
POL,Department of Police,POL 47 PSB 4th District Patrol,M,112778,3091.58,0,P4
POL,Department of Police,POL 47 PSB 2nd District Patrol,M,112778,524.62,0,P4
POL,Department of Police,POL 47 MSB Personnel Division Recruitment Section,F,112778,0,0,P4
POL,Department of Police,POL 47 PSB 3rd District Patrol,M,112778,84409.07,0,P4
DGS,Department of General Services,DGS 36 Energy and Sustainability,M,153585,55,0,28
POL,Department of Police,POL 47 PSB 4th District Special Assignment Team,M,112778,21927.05,0,P4
POL,Department of Police,POL 47 PSB 6th District Patrol,M,112778,7311.88,0,P4
POL,Department of Police,POL 47 PSB 1st District Patrol,F,112778,23008.08,0,P4
POL,Department of Police,POL 47 PSB 2nd District Special Assignment Team,M,112778,3770.46,0,P4
POL,Department of Police,POL 47 FSB Traffic Division Central Traffic Enforcement,M,112778,12340.31,0,P4
POL,Department of Police,POL 47 PSB 2nd District Patrol,M,112778,9297.93,0,P4
POL,Department of Police,POL 47 PSB 4th District Patrol,M,112778,6256.42,0,P4
POL,Department of Police,POL 47 PSB 4th District Patrol,F,112778,47268.56,0,P4
POL,Department of Police,POL 47 PSB 4th District Patrol,M,116725,21341.3,0,P4
SHF,Sheriff's Office,SHF 48 Sheriff Domestic Violence,M,115542,15398.56,0,D1
COR,Correction and Rehabilitation,COR 42 MSD Fiscal Services,M,81748.15,0,0,16
SHF,Sheriff's Office,SHF 48 Court and Transport,M,105667,10512.31,0,G4
LIB,Department of Public Libraries,LIB 71 Germantown Library,F,117219.09,0,0,24
LIB,Department of Public Libraries,LIB 71 Kensington Park Library,F,119279.42,0,0,24
ABS,Alcohol Beverage Services,ABS 85 Burtonsville,F,71241,2273.6,0,14
POL,Department of Police,POL 47 CRB Community Engagement Division Community Engagement Section,M,112778,865.52,0,P4
POL,Department of Police,POL 47 PSB 4th District Patrol,M,120811,12208.22,0,P4
POL,Department of Police,POL 47 PSB 3rd District Patrol,M,112778,22584.39,0,P4
POL,Department of Police,POL 47 PSB 3rd District Patrol,M,139532,0,3635.14,A1
POL,Department of Police,POL 47 PSB 5th District Patrol,F,112778,3934.64,0,P4
POL,Department of Police,POL 47 PSB 3rd District Patrol,M,112778,47701.74,0,P4
POL,Department of Police,POL 47 PSB 5th District Patrol,M,112778,14585.48,0,P4
POL,Department of Police,POL 47 FSB Special Operations Division Canine Section,M,112778,79324.17,0,P4
POL,Department of Police,POL 47 PSB 3rd District Patrol,M,112778,20889.55,0,P4
POL,Department of Police,POL 47 PSB 5th District Patrol,F,112778,74.95,0,P4
FRS,Fire and Rescue Services,FRS 45 Field Operations Administration,M,49271,2189.89,0,F2P
POL,Department of Police,POL 47 PSB 6th District Patrol,M,130255,1695.36,0,A1
DOT,Department of Transportation,DOT 50 Transit Gaithersburg Ride On,F,92514,7439.46,0,T1
DOT,Department of Transportation,DOT 50 Transit Silver Spring Ride On,M,100506.37,3132.21,0,T2
DOT,Department of Transportation,DOT 50 Transit Silver Spring Ride On,M,92514,12071.03,0,T1
ABS,Alcohol Beverage Services,ABS 85 White Oak,M,74245.22,9426.91,0,14
DOT,Department of Transportation,DOT 50 Transit Gaithersburg Ride On,F,92514,12791.91,0,T1
DOT,Department of Transportation,DOT 50 Transit Silver Spring Ride On,M,91371.35,15175.45,0,T1
DOT,Department of Transportation,DOT 50 Transit Gaithersburg Ride On,M,91371.35,31356.72,0,T1
DOT,Department of Transportation,DOT 50 Transit Gaithersburg Ride On,M,92514,27310.24,0,T1
DOT,Department of Transportation,DOT 50 Transit Gaithersburg Ride On,M,102219,12906.46,0,T2
DOT,Department of Transportation,DOT 50 Transit Silver Spring Ride On,M,91371.35,14245.23,0,T1
REC,Department of Recreation,REC 72 Youth Development Youth Services,F,78444.91,0,0,18
FIN,Department of Finance,FIN 32 Timekeeping and Payroll,M,134086,0,0,N25
DPS,Department of Permitting Services,DPS 75 Land Development Right-of-Way Inspection,M,95758.29,11932,0,21
LIB,Department of Public Libraries,LIB 71 Rockville Library,F,73810.96,0,0,13
LIB,Department of Public Libraries,LIB 71 Rockville Library,M,101098.36,0,0,21
ABS,Alcohol Beverage Services,ABS 85 Fallsgrove,M,76843.81,441.41,0,14
DOT,Department of Transportation,DOT 50 Traffic Engineering and Operations Management Services,F,111752.93,0,0,N23
POL,Department of Police,POL 47 PSB 5th District Patrol,M,120811,10664.4,0,P4
DHS,Office of Emergency Management and Homeland Security,DHS 49 Operations and Training,M,140274,1540.56,0,26
LIB,Department of Public Libraries,LIB 71 Olney Library,F,104171.11,0,0,24
LIB,Department of Public Libraries,LIB 71 Brigadier General Charles E. McGee Library,F,73810.96,0,0,13
DPS,Department of Permitting Services,DPS 75 Land Development Sediment Stormwater Plan Review,M,140274,0,0,26
HHS,Department of Health and Human Services,HHS 60 Aging & Disability Services Division,F,128198,0,0,24
HHS,Department of Health and Human Services,HHS 60 Child Welfare Services,F,90523.38,348.63,0,18
DPS,Department of Permitting Services,DPS 75 Land Development Right-of-Way Inspection,M,97905.69,8414.59,0,21
DOT,Department of Transportation,DOT 50 Highway Services,M,83645.17,11997.24,0,16
ABS,Alcohol Beverage Services,ABS 85 Burtonsville,M,34552.02,894.45,0,12
POL,Department of Police,POL 47 MSB Personnel Division Background Section,M,112166,0,0,21
DGS,Department of General Services,DGS 36 Contracting and Accounts Payable,F,159621.31,0,0,M3
HHS,Department of Health and Human Services,HHS 60 Aging & Disability Services Division,F,128198,0,0,24
DOT,Department of Transportation,DOT 50 Transit Nicholson Ride On,M,100506.37,3852.57,0,T2
ABS,Alcohol Beverage Services,ABS 85 Liquor and Wine Delivery Operations,M,85346.68,6107.81,0,15
DOT,Department of Transportation,DOT 50 Transit Gaithersburg Ride On,M,91371.35,7374.93,0,T1
DOT,Department of Transportation,DOT 50 Transit Silver Spring Ride On,M,91371.35,7111.74,0,T1
DOT,Department of Transportation,DOT 50 Transit Gaithersburg Ride On,F,91371.35,11896.23,0,T1
REC,Department of Recreation,REC 72 Youth Development Youth Services,F,150354.17,0,0,M3
REC,Department of Recreation,REC 72 Senior Programs,F,136925.29,0,0,M3
LIB,Department of Public Libraries,LIB 71 White Oak Library,F,109967.56,0,0,24
DOT,Department of Transportation,DOT 50 Transit Silver Spring Ride On,M,86493,5921.69,0,T1
HHS,Department of Health and Human Services,HHS 60 Chief Operating Officer Division,M,117109.65,0,0,N22
DOT,Department of Transportation,DOT 50 Transit Silver Spring Ride On,F,91371.35,27437.67,0,T1
DOT,Department of Transportation,DOT 50 Transit Silver Spring Ride On,M,65107.33,12989.48,0,T1
LIB,Department of Public Libraries,LIB 71 Rockville Library,F,119936.2,0,0,N25
DPS,Department of Permitting Services,DPS 75 Zoning Review,F,174642,0,0,M3
DPS,Department of Permitting Services,DPS 75 Zoning Review,M,128198,0,0,24
FIN,Department of Finance,FIN 32 General Accounting,M,200767.73,0,0,M2
HHS,Department of Health and Human Services,HHS 60 Behavioral Health and Crisis Services Division,F,75846.38,522.33,0,13
HHS,Department of Health and Human Services,HHS 60 Chief Operating Officer Division,F,176013.75,0,0,M2
TBS,Department of Technology and Enterprise Business Solutions,TBS 34 OMC MC311 Call Center,F,90149,0,0,16
TBS,Department of Technology and Enterprise Business Solutions,TBS 34 OPS Public Safety Data Systems,M,153585,0,0,N28
POL,Department of Police,POL 47 MSB Communications Division,F,89908.18,3147.89,0,17
TBS,Department of Technology and Enterprise Business Solutions,TBS 34 OMC MC311 Call Center,M,71642.34,451.51,0,13
HHS,Department of Health and Human Services,HHS 60 Office of Eligibility and Support Services,F,104011.24,0,0,22
POL,Department of Police,POL 47 MSB Communications Division,F,97924.7,13315.99,0,19
POL,Department of Police,POL 47 MSB Communications Division,F,107168.6,7477.68,0,N23
OAS,Office of Animal Services,OAS 38 Animal Services Division,M,211866,0,0,N38
ABS,Alcohol Beverage Services,ABS 85 Flower Avenue,M,56445.88,1020.6,0,12
HHS,Department of Health and Human Services,HHS 60 Public Health Services Division,F,128198,0,0,24
CCL,County Council,CCL 01 Council Members and Staff,M,171100.73,0,0,
CCL,County Council,CCL 01 Council Members and Staff,M,120000,0,0,LB3
HHS,Department of Health and Human Services,HHS 60 School Health Services,F,72318.1,0,0,16
HHS,Department of Health and Human Services,HHS 60 School Health Services,F,70111.61,0,0,16
HHS,Department of Health and Human Services,HHS 60 School Health Services,F,64099,0,0,24
HHS,Department of Health and Human Services,HHS 60 Aging & Disability Services Division,F,128198,0,0,24
HHS,Department of Health and Human Services,HHS 60 Public Health Services Division,F,88655.35,0,0,18
LIB,Department of Public Libraries,LIB 71 Connie Morella Library,F,105832.11,0,0,N25
LIB,Department of Public Libraries,LIB 71 Davis Library,F,53645.85,0,0,21
COR,Correction and Rehabilitation,COR 42 DS MCCF Unit 3 Security,M,120349.58,28519.59,0,C1
HCA,Department of Housing and Community Affairs,HCA 76 Housing Code Enforcement,M,96303.19,0,0,21
LIB,Department of Public Libraries,LIB 71 Davis Library,F,109967.54,0,0,24
OAS,Office of Animal Services,OAS 38 Animal Services Division,M,83753.22,3710.14,0,16
HHS,Department of Health and Human Services,HHS 60 Office of Eligibility and Support Services,F,79296,0,0,13
LIB,Department of Public Libraries,LIB 71 Germantown Library,F,49161,0,0,18
DOT,Department of Transportation,DOT 50 Highway Services,M,86585.02,32752.91,0,N18
CUS,Community Use of Public Facilities,CUS 70 Core Services Team,F,95458,0,0,18
HHS,Department of Health and Human Services,HHS 60 Office of Eligibility and Support Services,F,79296,0,0,13
REC,Department of Recreation,REC 72 Aquatic Team Management,M,73558.15,0,0,18
HHS,Department of Health and Human Services,HHS 60 School Health Services,F,128198,0,0,24
LIB,Department of Public Libraries,LIB 71 Gaithersburg Library,F,30617.56,0,0,13
DOT,Department of Transportation,DOT 50 Transit Management Services,F,114489.33,0,0,N23
DOT,Department of Transportation,DOT 50 Transit Silver Spring Ride On,M,91371.35,18630.78,0,T1
DOT,Department of Transportation,DOT 50 Transit Nicholson Ride On,M,100506.37,23498.18,0,T2
DOT,Department of Transportation,DOT 50 Transit Nicholson Ride On,M,92514,9709.53,0,T1
OLR,Office of Labor Relations,OLR 26 Labor Relations Division,M,187617.63,0,0,M2
DGS,Department of General Services,DGS 36 Real Estate Office,M,134086,0,0,25
LIB,Department of Public Libraries,LIB 71 Olney Library,F,43814.28,0,0,18
DGS,Department of General Services,DGS 36 Fleet Management Fleet Services,M,98863.99,4192.12,0,20
COR,Correction and Rehabilitation,COR 42 DS MCCF Unit 1 Security,M,105709,54933.79,0,C6
DOT,Department of Transportation,DOT 50 Highway Services,M,80152.48,26281.93,0,16
DOT,Department of Transportation,DOT 50 Transit Gaithersburg Ride On,M,91371.35,33900.58,0,T1
DOT,Department of Transportation,DOT 50 Transit Gaithersburg Ride On,M,91371.35,30777.42,0,T1
DOT,Department of Transportation,DOT 50 Transit Gaithersburg Ride On,M,92514,1141.89,0,T1
FIN,Department of Finance,FIN 32 Tax Operations,F,140274,0,0,N26
HCA,Department of Housing and Community Affairs,HCA 76 Multi-Family Housing Program,M,134086,0,0,25
DGS,Department of General Services,DGS 36 Automation,M,140274,0,0,26
OAS,Office of Animal Services,OAS 38 Animal Services Division,M,90650.94,1962.2,0,16
DOT,Department of Transportation,DOT 50 Transit Services Information Technology,M,128733.15,0,0,26
FRS,Fire and Rescue Services,FRS 45 Technology Services,M,90461.9,5140.8,0,20
LIB,Department of Public Libraries,LIB 71 Long Branch Library,F,103738.13,0,0,21
DOT,Department of Transportation,DOT 50 Highway Services,F,76596.16,27922.51,0,15
POL,Department of Police,POL 47 FSB Traffic Division Automated Traffic Enforcement Section,M,86352,470.55,0,15
ABS,Alcohol Beverage Services,ABS 85 Beer Loading,F,86940.24,2636.06,0,12
POL,Department of Police,POL 47 PSB 2nd District Patrol,F,90149,5877.07,0,16
POL,Department of Police,POL 47 MSB Communications Division,M,108339.67,30280.9,0,N23
DOT,Department of Transportation,DOT 50 Highway Services,M,74852.88,31893.82,0,15
CEC,Community Engagement Cluster,CEC 16 Wheaton Urban District,F,99508.1,7192.26,0,21
DOT,Department of Transportation,DOT 50 Transportation Construction Section,F,159700.76,0,0,M3
HHS,Department of Health and Human Services,HHS 60 Chief Operating Officer Division,M,140274,0,0,26
HHS,Department of Health and Human Services,HHS 60 Office of Eligibility and Support Services,F,94285.43,0,0,20
ABS,Alcohol Beverage Services,ABS 85 Muddy Branch,M,74245.23,711.92,0,14
DEP,Department of Environmental Protection,DEP 80 Strategic and Administrative Services Division,F,134086,0,0,N25
DPS,Department of Permitting Services,DPS 75 Commercial Electrical and FPS Inspections,M,122603,0,0,23
COR,Correction and Rehabilitation,COR 42 DS MCCF Unit 3 Security,M,105709,71123.93,0,C6
COR,Correction and Rehabilitation,COR 42 DS MCCF Unit 3 Security,M,59966,2162.64,0,C3
SHF,Sheriff's Office,SHF 48 Courthouse Security,M,99093,23252.83,0,G4
HHS,Department of Health and Human Services,HHS 60 Office of Eligibility and Support Services,F,200829,0,0,M2
OCP,Office of Consumer Protection,OCP 39 Investigations,F,120085.54,0,0,25
DOT,Department of Transportation,DOT 50 Transit Gaithersburg Ride On,M,91371.3,2461.34,0,T1
DOT,Department of Transportation,DOT 50 Transit Gaithersburg Ride On,M,89087.79,6837.21,0,T1
POL,Department of Police,POL 47 PSB 3rd District Special Assignment Team,M,120811,36929.77,0,P4
DOT,Department of Transportation,DOT 50 Transit Silver Spring Ride On,M,91371.35,12796.82,0,T1
OMB,Office of Management and Budget,OMB 31 Office of Management and Budget,F,129959.14,0,0,N25
DEP,Department of Environmental Protection,"DEP 80 Planning, Design, Construction and Monitoring",M,102711,0,0,19
DEP,Department of Environmental Protection,DEP 80 Design and Construction,M,174642,0,0,M3
LIB,Department of Public Libraries,LIB 71 Rockville Library,M,30457.2,0,0,8
POL,Department of Police,POL 47 PSB 6th District Patrol,M,120811,14846.75,0,P4
COR,Correction and Rehabilitation,COR 42 DS MCCF Unit 2 Security,F,105709,12864.89,0,C6
POL,Department of Police,POL 47 PSB 6th District Patrol,M,112778,41565.51,0,P4
DOT,Department of Transportation,DOT 50 Transit Gaithersburg Ride On,F,91371.35,33765.67,0,T1
DOT,Department of Transportation,DOT 50 Transit Nicholson Ride On,M,91371,19543.7,0,T1
DOT,Department of Transportation,DOT 50 Parking Management Engineering and Capital Project Management,M,102711,15564.05,0,19
DOT,Department of Transportation,DOT 50 Highway Services,M,86352,16666.51,0,15
DOT,Department of Transportation,DOT 50 Transit Gaithersburg Ride On,M,91371.35,21057.47,0,T1
DOT,Department of Transportation,DOT 50 Transit Safety and Instruction,M,99719,0,0,N19
DOT,Department of Transportation,DOT 50 Transit Nicholson Ride On,M,89087.79,4274.1,0,T1
DPS,Department of Permitting Services,DPS 75 Residential Inspections,M,153026.14,0,0,M3
DPS,Department of Permitting Services,DPS 75 Residential Inspections,M,102398.55,0,0,19
HHS,Department of Health and Human Services,HHS 60 Chief Operating Officer Division,M,122603,0,0,N23
DGS,Department of General Services,DGS 36 Fleet Automotive Heavy Equipment,F,90149,15683.56,0,16
POL,Department of Police,POL 47 FSB Traffic Division School Safety Section,F,31768.82,0,0,10
COR,Correction and Rehabilitation,COR 42 DS MCCF Unit 2 Security,M,105709,20122.91,0,C6
HHS,Department of Health and Human Services,HHS 60 Behavioral Health and Crisis Services Division,F,51910.71,0,0,N23
DGS,Department of General Services,DGS 36 Fleet Management Services,M,90149,9509.97,0,16
TBS,Department of Technology and Enterprise Business Solutions,TBS 34 ODT Technical Support Team,M,153585,0,0,N28
DPS,Department of Permitting Services,DPS 75 Residential Inspections,M,134086,0,0,N25
DOT,Department of Transportation,DOT 50 Transportation Property Acquisition Section,M,134086,0,0,25
LIB,Department of Public Libraries,LIB 71 White Oak Library,M,35482.11,0,0,13
POL,Department of Police,POL 47 MSB Information Management and Technology Division,F,200829,0,0,M2
LIB,Department of Public Libraries,LIB 71 Chevy Chase Library,M,32369.97,0,0,13
DOT,Department of Transportation,DOT 50 Transit Gaithersburg Ride On,F,91371.35,5263.39,0,T1
DOT,Department of Transportation,DOT 50 Transit Nicholson Ride On,M,91371,20205.76,0,T1
FRS,Fire and Rescue Services,FRS 45 Self Contained Breathing Apparatus (SCBA) Shop,M,134086,0,0,N25
POL,Department of Police,POL 47 FSB Traffic Division School Safety Section,F,31768.82,0,0,10
HHS,Department of Health and Human Services,HHS 60 School Health Services,F,69872.63,186.48,0,16
REC,Department of Recreation,REC 72 Youth Development Youth Services,F,91729.69,0,0,21
HHS,Department of Health and Human Services,HHS 60 Office of Eligibility and Support Services,F,92022.73,8297.17,0,20
HHS,Department of Health and Human Services,HHS 60 School Health Services,F,69872.56,0,0,16
ABS,Alcohol Beverage Services,ABS 85 Silver Spring,F,74245.22,897.07,0,14
ABS,Alcohol Beverage Services,ABS 85 Poolesville,M,54537.06,228.04,0,12
CEC,Community Engagement Cluster,CEC 16 Commission for Women,F,206345.93,0,0,M1
FIN,Department of Finance,FIN 32 Timekeeping and Payroll,M,122603,0,0,N23
TBS,Department of Technology and Enterprise Business Solutions,TBS 34 ODT Security and System Admin,M,168264,0,0,N30
DGS,Department of General Services,DGS 36 Fleet Management Fleet Services,M,102711,4333.22,0,19
FRS,Fire and Rescue Services,FRS 45 Station 20,M,99972,58839.02,0,F3
FRS,Fire and Rescue Services,FRS 45 Station 28,F,93322,101859.12,0,F3
FRS,Fire and Rescue Services,FRS 45 Station 22,F,80163,1332.23,0,F2
ABS,Alcohol Beverage Services,ABS 85 Beer Delivery Operations,M,84356.09,2540.31,0,15
DOT,Department of Transportation,DOT 50 Transit Nicholson Ride On,M,91371,24003.77,0,T1
DOT,Department of Transportation,DOT 50 Sign and Marking Shop,M,79917.39,18158.12,0,14
REC,Department of Recreation,REC 72 Countywide Programs,F,145647.23,0,0,M3
POL,Department of Police,POL 47 FSB Traffic Division School Safety Section,F,31768.82,0,0,10
DPS,Department of Permitting Services,DPS 75 Land Development Right-of-Way Plan Review,F,140274,0,0,26
FIN,Department of Finance,FIN 32 Operations and Administration - Risk Management,F,122603,0,0,N23
FRS,Fire and Rescue Services,FRS 45 Station 33,M,90165,180.27,0,F3
FRS,Fire and Rescue Services,FRS 45 Station 8,M,93322,4434.64,0,F3
FRS,Fire and Rescue Services,FRS 45 Field Operations Administration,M,99181,25941.41,0,F4
FRS,Fire and Rescue Services,FRS 45 Station 5,M,90165,67249.81,0,F3
FRS,Fire and Rescue Services,FRS 45 Station 18,M,87116,32015.89,0,F3
FIN,Department of Finance,FIN 32 Tax Operations,F,134086,0,0,N25
ABS,Alcohol Beverage Services,ABS 85 Beer Loading,M,66767.06,12723.39,0,12
POL,Department of Police,POL 47 FSB Traffic Division School Safety Section,F,31768.82,0,0,10
DEP,Department of Environmental Protection,DEP 80 Waste Reduction and Recycling,F,108749.5,0,0,21
DGS,Department of General Services,DGS 36 Contracting and Accounts Payable,M,68441.95,92.61,0,13
OMB,Office of Management and Budget,OMB 31 Office of Management and Budget,M,168264,0,0,N30
ABS,Alcohol Beverage Services,ABS 85 Liquor and Wine Delivery Operations,M,86352,3393.48,0,15
ABS,Alcohol Beverage Services,ABS 85 Beer Delivery Operations,M,76942.91,15524.55,0,15
DOT,Department of Transportation,DOT 50 Transit Management Services,M,90149,252.48,0,16
DOT,Department of Transportation,DOT 50 Transit Gaithersburg Ride On,M,91371,19125.21,0,T1
DOT,Department of Transportation,DOT 50 Transit Silver Spring Ride On,M,91371.3,64485.82,0,T1
DOT,Department of Transportation,DOT 50 Highway Services,M,57460.16,11982.41,0,15
POL,Department of Police,POL 47 PSB 5th District Patrol,M,120811,26732.95,0,P4
POL,Department of Police,POL 47 PSB 4th District Patrol,F,108963,32018.32,0,P4
POL,Department of Police,POL 47 PSB 2nd District Patrol,F,108963,0,0,P4
DEP,Department of Environmental Protection,DEP 80 Building and Transportation Programs,F,174547.41,0,0,M3
HHS,Department of Health and Human Services,HHS 60 Office of Eligibility and Support Services,M,81852.15,0,0,20
POL,Department of Police,POL 47 PSB 3rd District Patrol,F,108963,16866.04,0,P4
HHS,Department of Health and Human Services,HHS 60 Children Youth and Family Services Division,F,134086,0,0,N25
POL,Department of Police,POL 47 PSB 5th District Patrol,M,120811,10103.7,2417.01,P4
POL,Department of Police,POL 47 HQ Office of the Chief,M,114412,24053.91,0,P5
POL,Department of Police,POL 47 HQ Office of the Chief,M,134814,27131.11,0,A1
POL,Department of Police,POL 47 PSB 5th District Patrol,F,108963,254.71,0,P4
LIB,Department of Public Libraries,LIB 71 Maggie Nightingale Library,F,35481.33,0,0,13
POL,Department of Police,POL 47 MSB Personnel Division Recruitment Section,M,108963,0,0,P4
CAT,County Attorney's Office,CAT 30 Insurance Defense Litigation,F,122603,2984.75,0,N23
POL,Department of Police,POL 47 PSB 2nd District Patrol,F,108963,9870.02,0,P4
POL,Department of Police,POL 47 FSB Traffic Division Alcohol Initiatives Section,F,108963,24442.39,0,P4
SHF,Sheriff's Office,SHF 48 Sheriff Domestic Violence,F,111866,3873.46,0,D1
SHF,Sheriff's Office,SHF 48 Sheriff Domestic Violence,F,93201.15,0,0,20
POL,Department of Police,POL 47 PSB 3rd District Patrol,M,102292,20324.66,0,P2
SHF,Sheriff's Office,SHF 48 Court and Transport,M,111866,11728.67,0,D1
POL,Department of Police,POL 47 PSB 3rd District Patrol,M,108963,4862.23,0,P4
SHF,Sheriff's Office,SHF 48 Court and Transport,M,102320,86.85,0,G4
ABS,Alcohol Beverage Services,ABS 85 Beer Delivery Operations,M,61903.39,0,0,10
REC,Department of Recreation,REC 72 Facilities Division,M,78148.11,0,0,18
CAT,County Attorney's Office,CAT 30 County Attorney's Office,F,65177.05,0,0,N12
REC,Department of Recreation,REC 72 Aquatic Team Management,F,90686.54,383.42,0,21
REC,Department of Recreation,REC 72 Information Technology,F,153585,0,0,N28
PRO,Office of Procurement,PRO 35 Procurement Operations Section,F,119177.17,0,0,23
ABS,Alcohol Beverage Services,ABS 85 Clarksburg Village,M,25838.08,16.44,0,12
POL,Department of Police,POL 47 PSB 5th District Patrol,F,85895.29,302.07,0,16
POL,Department of Police,POL 47 MSB Information Mgmt and Tech Division Records Management Section,F,74487.83,4413.22,0,16
POL,Department of Police,POL 47 MSB Communications Division,M,90461.92,8904.55,0,19
LIB,Department of Public Libraries,LIB 71 Little Falls Library,M,127483.98,0,0,24
POL,Department of Police,POL 47 MSB Communications Division,F,103331.52,18365.63,0,N23
HHS,Department of Health and Human Services,HHS 60 Public Health Services Division,F,125656.46,0,0,N25
LIB,Department of Public Libraries,LIB 71 Quince Orchard Library,F,133266.17,0,0,M3
POL,Department of Police,POL 47 MSB Communications Division,F,103921.09,15378.61,0,21
HHS,Department of Health and Human Services,HHS 60 Behavioral Health and Crisis Services Division,F,134086,0,0,N25
POL,Department of Police,POL 47 MSB Communications Division,M,103331.54,27713.51,0,N23
DGS,Department of General Services,DGS 36 Fleet Management Services,F,86867.96,364.94,0,16
POL,Department of Police,POL 47 MSB Communications Division,F,94613.41,37856.57,0,19
LIB,Department of Public Libraries,LIB 71 Collection Management,F,63537.64,0,0,10
HHS,Department of Health and Human Services,HHS 60 Services to End and Prevent Homelessness Division,M,71985.86,0,0,13
HHS,Department of Health and Human Services,HHS 60 Aging & Disability Services Division,F,134086,0,0,N25
CAT,County Attorney's Office,CAT 30 Finance and Procurement,F,126937.79,0,0,N25
DOT,Department of Transportation,DOT 50 Parking Management,M,200829,0,0,M2
HHS,Department of Health and Human Services,HHS 60 Chief Operating Officer Division,F,86619.66,0,0,18
SHF,Sheriff's Office,SHF 48 Sheriff Domestic Violence,M,95975,5420.91,0,G4
FRS,Fire and Rescue Services,FRS 45 Fleet Operations,M,122603,29948.72,0,23
FRS,Fire and Rescue Services,FRS 45 Fleet Operations,M,107323,1052,0,20
ABS,Alcohol Beverage Services,ABS 85 Gaithersburg Square,M,88756.74,0,0,N21
ABS,Alcohol Beverage Services,ABS 85 Aspen Hill,F,74505.37,5668.99,0,14
DOT,Department of Transportation,DOT 50 Transit Gaithersburg Ride On,M,89087.79,28314.3,0,T1
DOT,Department of Transportation,DOT 50 Transit Nicholson Ride On,M,99365.13,455.73,0,T2
DOT,Department of Transportation,DOT 50 Transit Gaithersburg Ride On,M,91371.35,17409.14,0,T1
DOT,Department of Transportation,DOT 50 Transit Gaithersburg Ride On,M,91371.35,30297.28,0,T1
DOT,Department of Transportation,DOT 50 Transit Silver Spring Ride On,F,82236,15076.4,0,T1
DOT,Department of Transportation,DOT 50 Transit Silver Spring Ride On,M,89087.79,0,0,T1
DOT,Department of Transportation,DOT 50 Transit Gaithersburg Ride On,M,89087.79,9263.17,0,T1
ABS,Alcohol Beverage Services,ABS 85 Aspen Hill,F,54745.34,962.89,0,12
REC,Department of Recreation,REC 72 Countywide Programs,M,62830,2784.62,0,18
HHS,Department of Health and Human Services,HHS 60 Children Youth and Family Services Division,F,87949.2,0,0,23
POL,Department of Police,POL 47 MSB Training and Education Division,M,107323,0,0,20
COR,Correction and Rehabilitation,COR 42 DS MCCF Unit 3 Security,M,116542.77,98902.67,0,C1
DEP,Department of Environmental Protection,DEP 80 Resource Conversion,M,132116.38,0,0,N25
REC,Department of Recreation,REC 72 Information Technology,M,107323,0,0,20
COR,Correction and Rehabilitation,COR 42 DS MCCF Unit 2 Security,F,96319,49077.03,0,C5
DOT,Department of Transportation,DOT 50 Highway Services,M,75497.62,26461.34,0,15
DOT,Department of Transportation,DOT 50 Highway Services,M,75497.62,19193.01,0,15
HHS,Department of Health and Human Services,HHS 60 Public Health Services Division,M,75064.04,1569.9,0,16
HHS,Department of Health and Human Services,HHS 60 School Health Services,F,125330.86,0,0,24
HHS,Department of Health and Human Services,HHS 60 School Health Services,F,128198,0,0,24
HHS,Department of Health and Human Services,HHS 60 School Health Services,F,134086,0,0,N25
HHS,Department of Health and Human Services,HHS 60 School Health Services,F,70111.62,0,0,16
HHS,Department of Health and Human Services,HHS 60 School Health Services,F,65919.95,84.35,0,16
HHS,Department of Health and Human Services,HHS 60 School Health Services,F,128198,0,0,24
HHS,Department of Health and Human Services,HHS 60 School Health Services,M,70111.58,0,0,16
HHS,Department of Health and Human Services,HHS 60 School Health Services,F,111327.11,0,0,24
HHS,Department of Health and Human Services,HHS 60 Behavioral Health and Crisis Services Division,F,128198,0,0,24
SHF,Sheriff's Office,SHF 48 Administration,F,99093,1142.9,0,G4
HHS,Department of Health and Human Services,HHS 60 Office of Eligibility and Support Services,F,90783.49,6017.8,0,20
DOT,Department of Transportation,DOT 50 Transit Nicholson Ride On,M,134086,0,0,N25
ABS,Alcohol Beverage Services,ABS 85 Beer Delivery Operations,M,60326.54,4269.93,0,10
HHS,Department of Health and Human Services,HHS 60 Services to End and Prevent Homelessness Division,F,69322.39,0,0,13
DPS,Department of Permitting Services,DPS 75 Residential Inspections,M,122603,0,0,23
DPS,Department of Permitting Services,DPS 75 Zoning and Site Plan Compliance,M,111585.97,555.17,0,21
ABS,Alcohol Beverage Services,ABS 85 Beer Delivery Operations,M,62415.68,130.14,0,10
HHS,Department of Health and Human Services,HHS 60 Public Health Services Division,F,121281.44,8327.51,0,24
POL,Department of Police,POL 47 FSB Traffic Division School Safety Section,F,31898.95,69.02,0,10
COR,Correction and Rehabilitation,COR 42 DS MCDC Central Processing Unit,M,93294,49040.18,0,C5
HCA,Department of Housing and Community Affairs,HCA 76 Housing Landlord and Tenant Mediation,F,117220.58,0,0,25
HHS,Department of Health and Human Services,HHS 60 Children Youth and Family Services Division,F,118990.47,0,0,N25
HHS,Department of Health and Human Services,HHS 60 Office of Eligibility and Support Services,M,95614.36,3401.94,0,20
DOT,Department of Transportation,DOT 50 Transit Silver Spring Ride On,M,91371.39,12059.54,0,T1
DOT,Department of Transportation,DOT 50 Transit Silver Spring Ride On,M,91371,28194.84,0,T1
HHS,Department of Health and Human Services,HHS 60 Child Welfare Services,F,121826.24,14112.69,0,N26
REC,Department of Recreation,REC 72 Facilities Division,M,64830.53,0,0,18
FIN,Department of Finance,FIN 32 Tax Operations,M,108174.68,0,0,N21
DPS,Department of Permitting Services,DPS 75 Commercial Bldg/LS/Access/FPS,M,140274,0,0,26
DGS,Department of General Services,DGS 36 Fleet Management Fleet Services,M,102711,0,0,19
COR,Correction and Rehabilitation,COR 42 DS Food Services,M,86230.27,19531.4,0,18
DOT,Department of Transportation,DOT 50 Highway Administration,M,122603,7204.64,0,23
ABS,Alcohol Beverage Services,ABS 85 Wholesale Operations,M,100414.7,0,0,M2
DOT,Department of Transportation,DOT 50 Highway Administration,M,97526.17,13262.62,0,19
DOT,Department of Transportation,DOT 50 Commuter Services,F,112166,0,0,N21
DPS,Department of Permitting Services,DPS 75 Fire Code Compliance,M,122603,1115.96,0,23
DPS,Department of Permitting Services,DPS 75 Fire Code Compliance,M,122603,6245.05,0,23
DPS,Department of Permitting Services,DPS 75 Fire Code Compliance,M,122603,10151.69,0,23
LIB,Department of Public Libraries,LIB 71 Little Falls Library,M,47401.4,0,0,21
COR,Correction and Rehabilitation,COR 42 DS MCCF Unit 3 Security,F,105709,13403.11,0,C6
DGS,Department of General Services,DGS 36 Fleet Management Fleet Services,M,97161.42,2011.29,0,19
DGS,Department of General Services,DGS 36 Fleet Management Services,M,153026.49,0,0,M3
CUS,Community Use of Public Facilities,CUS 70 Finance and Administrative Support Team,M,134086,0,0,N25
DGS,Department of General Services,DGS 36 Contracting and Accounts Payable,F,118995.82,0,0,25
REC,Department of Recreation,REC 72 Information Technology,M,165488.38,0,0,M3
HHS,Department of Health and Human Services,HHS 60 Behavioral Health and Crisis Services Division,F,127222.52,0,0,24
ABS,Alcohol Beverage Services,ABS 85 Walnut Hill,M,87103.15,1073.91,0,N21
REC,Department of Recreation,REC 72 Youth Development Youth Services,F,77003.28,0,0,16
DPS,Department of Permitting Services,DPS 75 Zoning Review,M,128198,0,0,24
POL,Department of Police,POL 47 FSB Traffic Division School Safety Section,M,31898.95,0,0,10
LIB,Department of Public Libraries,LIB 71 Collection Management,M,104171.12,0,0,24
DOT,Department of Transportation,DOT 50 Transit Nicholson Ride On,F,91371.35,4477.33,0,T1
DOT,Department of Transportation,DOT 50 Transit Gaithersburg Ride On,M,91371.35,31623.05,0,T1
DOT,Department of Transportation,DOT 50 Transit Gaithersburg Ride On,M,89087.79,16439.75,0,T1
DOT,Department of Transportation,DOT 50 Transit Silver Spring Ride On,M,91371.35,9426.77,0,T1
HHS,Department of Health and Human Services,HHS 60 Behavioral Health and Crisis Services Division,F,134086,0,0,N25
ABS,Alcohol Beverage Services,ABS 85 Stock Liquor and Wine Warehouse Operations,M,64731.96,5246.7,0,12
FIN,Department of Finance,FIN 32 Accounts Payable,F,161027.48,0,0,M3
DEP,Department of Environmental Protection,DEP 80 Waste Reduction and Recycling,F,110107.03,0,0,21
HHS,Department of Health and Human Services,HHS 60 Public Health Services Division,F,128198,3842.64,0,24
LIB,Department of Public Libraries,LIB 71 Brigadier General Charles E. McGee Library,F,72285.45,0,0,18
FRS,Fire and Rescue Services,FRS 45 Internal Affairs,M,174642,0,0,M3
DPS,Department of Permitting Services,DPS 75 Residential Plan Review,M,137810.16,0,0,26
TBS,Department of Technology and Enterprise Business Solutions,TBS 34 OMC MC311 Call Center,M,83121.59,0,0,16
LIB,Department of Public Libraries,LIB 71 Collection Management,F,63872.04,0,0,24
POL,Department of Police,POL 47 FSB Traffic Division School Safety Section,M,25857.7,0,0,10
ABS,Alcohol Beverage Services,ABS 85 Cabin John,F,54745.34,294.14,0,12
CAT,County Attorney's Office,CAT 30 Administration,F,80579.54,0,0,N16
SHF,Sheriff's Office,SHF 48 Civil Process,M,28788.06,0,0,5
SHF,Sheriff's Office,SHF 48 Administration,M,92960,8101.15,0,G4
POL,Department of Police,POL 47 CRB Community Engagement Division Crisis Response & Support Section,F,107132.97,7558.55,0,21
DPS,Department of Permitting Services,DPS 75 Commercial Structural and Complex Structures,M,140274,0,0,26
ABS,Alcohol Beverage Services,ABS 85 Stock Liquor and Wine Warehouse Operations,M,82077.14,17996.7,0,N18
BOE,Board of Elections,BOE 24 Information Technology Division,M,73393.89,0,0,16
HHS,Department of Health and Human Services,HHS 60 School Health Services,F,67979.67,0,0,16
HHS,Department of Health and Human Services,HHS 60 School Health Services,F,67979.69,0,0,16
HHS,Department of Health and Human Services,HHS 60 School Health Services,M,70111.58,0,0,16
HHS,Department of Health and Human Services,HHS 60 School Health Services,M,74027.83,0,0,16
HHS,Department of Health and Human Services,HHS 60 Public Health Services Division,F,128198,0,0,24
HHS,Department of Health and Human Services,HHS 60 School Health Services,F,69797.95,0,0,16
HHS,Department of Health and Human Services,HHS 60 School Health Services,F,61767.94,0,0,16
HHS,Department of Health and Human Services,HHS 60 School Health Services,F,67740.7,0,0,16
ABS,Alcohol Beverage Services,ABS 85 Liquor and Wine Delivery Operations,M,60345.2,5429.94,0,10
CEC,Community Engagement Cluster,CEC 16 Regional Services Centers,M,195000,0,0,EX3
CAT,County Attorney's Office,CAT 30 Insurance Defense Litigation,F,200829,0,0,M2
NDA,Non-Departmental Account,NDA 99 MCIB,M,217359,0,0,M1
POL,Department of Police,POL 47 MSB Information Management and Technology Division,F,140274,539.52,0,N26
SHF,Sheriff's Office,SHF 48 Administration,F,80667,0,0,N17
HHS,Department of Health and Human Services,HHS 60 Aging & Disability Services Division,F,106853.29,0,0,22
DOT,Department of Transportation,DOT 50 Transit Gaithersburg Ride On,F,89088,5364.06,0,T1
DOT,Department of Transportation,DOT 50 Transit Silver Spring Ride On,M,89087.79,10306.33,0,T1
DOT,Department of Transportation,DOT 50 Transit Silver Spring Ride On,M,68527.96,2440.29,0,T1
DOT,Department of Transportation,DOT 50 Transit Silver Spring Ride On,M,82236.23,7732.81,0,T1
ABS,Alcohol Beverage Services,ABS 85 Beer Delivery Operations,M,64331,10803.49,0,10
TBS,Department of Technology and Enterprise Business Solutions,TBS 34 OMC MC311 Call Center,F,90149,0,0,16
POL,Department of Police,POL 47 MSB Information Management and Technology Division Data Systems Section,M,163741.34,0,0,N30
POL,Department of Police,POL 47 MSB Communications Division,F,94873.55,7128.93,0,19
POL,Department of Police,POL 47 MSB Communications Division,F,109277.23,10999.29,0,N23
POL,Department of Police,POL 47 MSB Communications Division,M,104310.1,10251.53,0,21
POL,Department of Police,POL 47 MSB Communications Division,F,45832.64,0,0,19
POL,Department of Police,POL 47 MSB Communications Division,F,114613.65,16244.17,0,N23
HHS,Department of Health and Human Services,HHS 60 Aging & Disability Services Division,F,134086,0,0,N25
HHS,Department of Health and Human Services,HHS 60 Public Health Services Division,F,123057.77,0,0,24
DPS,Department of Permitting Services,DPS 75 Zoning and Site Plan Compliance,M,112166,0,0,21
DOT,Department of Transportation,DOT 50 Highway Services,M,57460.16,24847.53,0,15
ABS,Alcohol Beverage Services,ABS 85 Special Order Liquor and Wine Warehouse Operations,M,66117.56,2920.05,0,12
HHS,Department of Health and Human Services,HHS 60 Public Health Services Division,F,95218.49,0,0,18
DOT,Department of Transportation,DOT 50 Transit Gaithersburg Ride On,M,89087.79,19193.15,0,T1
DOT,Department of Transportation,DOT 50 Transit Gaithersburg Ride On,F,89087.79,10735.63,0,T1
DOT,Department of Transportation,DOT 50 Transit Silver Spring Ride On,M,89087.79,20751.2,0,T1
DOT,Department of Transportation,DOT 50 Transit Silver Spring Ride On,M,112166,5766.78,0,N21
DOT,Department of Transportation,DOT 50 Transit Nicholson Ride On,M,89087.79,30012.57,0,T1
DOT,Department of Transportation,DOT 50 Transit Silver Spring Ride On,F,89087.79,5320.88,0,T1
OAS,Office of Animal Services,OAS 38 Animal Services Division,F,75622.57,204.54,0,14
DOT,Department of Transportation,DOT 50 Parking Management Engineering and Capital Project Management,M,174641.65,0,0,M3
DPS,Department of Permitting Services,DPS 75 Commercial Bldg/LS/Access/FPS,F,171665.17,0,0,M3
TBS,Department of Technology and Enterprise Business Solutions,TBS 34 CIO Finance and Human Resources,F,170663.03,0,0,M3
LIB,Department of Public Libraries,LIB 71 Long Branch Library,M,75728.21,0,0,16
HHS,Department of Health and Human Services,HHS 60 Public Health Services Division,F,82745,0,0,14
HHS,Department of Health and Human Services,HHS 60 Office of Eligibility and Support Services,M,66968.52,0,0,13
CEC,Community Engagement Cluster,CEC 16 Wheaton Urban District,M,66837,1298.88,0,9
DOT,Department of Transportation,DOT 50 Highway Services,M,84898.98,19156.88,0,16
HHS,Department of Health and Human Services,HHS 60 Behavioral Health and Crisis Services Division,F,120946.32,0,0,24
LIB,Department of Public Libraries,LIB 71 Quince Orchard Library,F,102907.85,0,0,24
POL,Department of Police,POL 47 FSB Security Services Division,M,75214.25,15377.87,0,16
FRS,Fire and Rescue Services,FRS 45 Station 4,M,93322,2568.19,0,F3
HHS,Department of Health and Human Services,HHS 60 Public Health Services Division,F,107422.09,735.97,0,24
HHS,Department of Health and Human Services,HHS 60 Aging & Disability Services Division,F,105489.4,0,0,21
HHS,Department of Health and Human Services,HHS 60 Children Youth and Family Services Division,F,106851.43,0,0,21
HHS,Department of Health and Human Services,HHS 60 Office of Eligibility and Support Services,F,108959.7,11278.85,0,N24
LIB,Department of Public Libraries,LIB 71 Twinbrook Library,M,32584.26,0,0,13
TBS,Department of Technology and Enterprise Business Solutions,TBS 34 OBP Community Engagement (GF),M,140274,0,0,26
BOE,Board of Elections,BOE 24 Absentee Voting,F,66092.32,0,0,16
OMB,Office of Management and Budget,OMB 31 Office of Management and Budget,M,172227.31,0,0,M2
POL,Department of Police,POL 47 MSB Communications Division,M,100782.66,13561.74,0,21
POL,Department of Police,POL 47 MSB Communications Division,M,100301.75,35771.85,0,N23
FRS,Fire and Rescue Services,FRS 45 Community Risk Reduction,F,100348.67,0,0,21
HHS,Department of Health and Human Services,HHS 60 Behavioral Health and Crisis Services Division,F,100737.56,0,0,24
POL,Department of Police,POL 47 MSB Information Mgmt and Tech Division Records Management Section,F,77152.92,0,0,16
HHS,Department of Health and Human Services,HHS 60 Public Health Services Division,F,159783.91,0,0,M3
HHS,Department of Health and Human Services,HHS 60 Director's Office Division,F,153585,0,0,N28
POL,Department of Police,POL 47 FSB Traffic Division School Safety Section,M,30820.25,0,0,10
POL,Department of Police,POL 47 MSB Budget & Capital Management Division,M,122603,5674.11,0,N23
DGS,Department of General Services,DGS 36 Energy and Sustainability,M,134086,0,0,25
COR,Correction and Rehabilitation,COR 42 PTS Supervision,F,98171.03,4145.35,0,20
COR,Correction and Rehabilitation,COR 42 DS Food Services,M,83314.35,22330.1,0,18
ABS,Alcohol Beverage Services,ABS 85 Cloverly,F,33065.37,926.39,0,12
LIB,Department of Public Libraries,LIB 71 Davis Library,F,105680.84,0,0,N25
LIB,Department of Public Libraries,LIB 71 Materials Delivery,M,66116.13,0,0,12
DOT,Department of Transportation,DOT 50 Transit Gaithersburg Ride On,F,99365,6964.1,0,T2
DOT,Department of Transportation,DOT 50 Transit Gaithersburg Ride On,F,89087.79,11030.05,0,T1
DOT,Department of Transportation,DOT 50 Transit Silver Spring Ride On,M,89087.79,22971.28,0,T1
DOT,Department of Transportation,DOT 50 Transit Gaithersburg Ride On,M,89087.79,5974.94,0,T1
DOT,Department of Transportation,DOT 50 Transit Nicholson Ride On,F,82236,14681.65,0,T1
DOT,Department of Transportation,DOT 50 Transit Silver Spring Ride On,M,89087.79,24121.71,0,T1
DOT,Department of Transportation,DOT 50 Transit Silver Spring Ride On,F,99365.13,308.66,0,T2
DOT,Department of Transportation,DOT 50 Transit Silver Spring Ride On,M,89087.79,6251.65,0,T1
ABS,Alcohol Beverage Services,ABS 85 Walnut Hill,M,72729.78,314.29,0,14
ABS,Alcohol Beverage Services,ABS 85 King Farm,M,52904.61,1152.93,0,12
COR,Correction and Rehabilitation,COR 42 DS Intake Classification and Re-Entry Services,F,102225.44,0,0,22
HHS,Department of Health and Human Services,HHS 60 Public Health Services Division,F,76986,0,0,13
HHS,Department of Health and Human Services,HHS 60 Aging & Disability Services Division,F,57552.44,0,0,N25
HHS,Department of Health and Human Services,HHS 60 School Health Services,F,67740.73,0,0,16
DHS,Office of Emergency Management and Homeland Security,DHS 49 Director's Office,F,81104.55,0,0,N18
HHS,Department of Health and Human Services,HHS 60 Public Health Services Division,F,73731.44,0,0,15
HHS,Department of Health and Human Services,HHS 60 School Health Services,F,67740.7,0,0,16
HHS,Department of Health and Human Services,HHS 60 School Health Services,F,125070.71,0,0,24
HHS,Department of Health and Human Services,HHS 60 School Health Services,F,67740.73,0,0,16
HHS,Department of Health and Human Services,HHS 60 School Health Services,F,67740.7,0,0,16
HHS,Department of Health and Human Services,HHS 60 School Health Services,F,67740.74,0,0,16
LIB,Department of Public Libraries,LIB 71 Aspen Hill Library,F,64097.42,0,0,13
HHS,Department of Health and Human Services,HHS 60 Aging & Disability Services Division,F,182946.94,0,0,M2
TBS,Department of Technology and Enterprise Business Solutions,TBS 34 OMC MC311 Call Center,M,83094.07,1394.53,0,16
DOT,Department of Transportation,DOT 50 Parking Management Parking Operations,M,98322,0,0,18
CEC,Community Engagement Cluster,CEC 16 Gilchrist Center,F,47902.96,0,0,N23
HHS,Department of Health and Human Services,HHS 60 Public Health Services Division,F,97862.54,926.85,0,24
SHF,Sheriff's Office,SHF 48 Sheriff Domestic Violence,F,82173.32,43.16,0,20
DPS,Department of Permitting Services,DPS 75 Well and Septic Review and Inspections,M,140274,0,0,26
CAT,County Attorney's Office,"CAT 30 Zoning, Land Use and Economic Development",M,168673.7,0,0,N32
DEP,Department of Environmental Protection,DEP 80 Stormwater BMP Inspection and Maintenance,M,122603,13444.73,0,23
OAS,Office of Animal Services,OAS 38 Animal Services Division,F,83013.04,0,0,18
POL,Department of Police,POL 47 FSB Traffic Division School Safety Section,F,30820.25,0,0,10
LIB,Department of Public Libraries,LIB 71 Brigadier General Charles E. McGee Library,M,82897.25,0,0,18
DOT,Department of Transportation,DOT 50 Transportation Technical Center,M,73237.37,14884.85,0,18
OMB,Office of Management and Budget,OMB 31 Office of Management and Budget,F,153585,0,0,N28
DGS,Department of General Services,DGS 36 Fleet Automotive Heavy Equipment,M,84059.98,8027.3,0,19
DOT,Department of Transportation,DOT 50 Highway Administration,M,140933,0,0,M3
DOT,Department of Transportation,DOT 50 Highway Services,M,75332.57,18042.21,0,16
DOT,Department of Transportation,DOT 50 Transit Silver Spring Ride On,F,63211.01,3148.84,0,T1
ABS,Alcohol Beverage Services,ABS 85 Beer Delivery Operations,M,66130.76,10514.76,0,10
CEC,Community Engagement Cluster,CEC 16 Silver Spring Urban District,M,61640.48,1653.61,0,10
HHS,Department of Health and Human Services,HHS 60 Chief Operating Officer Division,F,122603,0,0,23
HHS,Department of Health and Human Services,HHS 60 Public Health Services Division,F,82745,0,0,14
DPS,Department of Permitting Services,DPS 75 Zoning Review,F,140274,0,0,26
DOT,Department of Transportation,DOT 50 Transit Gaithersburg Ride On,M,89087.79,12534.5,0,T1
DOT,Department of Transportation,DOT 50 Transit Silver Spring Ride On,M,68528.48,23257.6,0,T1
DOT,Department of Transportation,DOT 50 Transit Silver Spring Ride On,M,91371,2607.04,0,T1
DOT,Department of Transportation,DOT 50 Transit Silver Spring Ride On,M,91371,14034.64,0,T1
DOT,Department of Transportation,DOT 50 Highway Services,M,76313.57,14514.52,0,16
DOT,Department of Transportation,DOT 50 Highway Services,M,81309.64,0,0,15
COR,Correction and Rehabilitation,COR 42 MBHS Medical and Behavioral Health Services,M,118227.19,53906.03,0,24
DOT,Department of Transportation,DOT 50 Highway Services,M,74256.39,39331.67,0,15
DOT,Department of Transportation,DOT 50 Highway Services,M,122603,171.69,0,23
DOT,Department of Transportation,DOT 50 Highway Services,M,72944.6,16506,0,15
SHF,Sheriff's Office,SHF 48 Administration,F,114070.34,0,0,N23
ABS,Alcohol Beverage Services,ABS 85 Olney,M,71986.54,31.53,0,14
FRS,Fire and Rescue Services,FRS 45 Station 13,M,78571,50577.39,0,F3
PRO,Office of Procurement,PRO 35 Procurement Division,F,200111.22,0,0,M2
FRS,Fire and Rescue Services,FRS 45 Technology Services,M,140274,1148.63,0,26
LIB,Department of Public Libraries,LIB 71 Potomac Library,F,49261.12,0,0,13
POL,Department of Police,POL 47 FSB Traffic Division School Safety Section,F,30820.25,0,0,10
DOT,Department of Transportation,DOT 50 Highway Services,M,76591.81,10741.83,0,16
DGS,Department of General Services,DGS 36 Facilities Maintenance,M,98322,1040.9,0,18
DGS,Department of General Services,DGS 36 Fleet Automotive Heavy Equipment,M,102711,9993.86,0,19
DGS,Department of General Services,DGS 36 Facilities Major Programs,M,134086,0,0,25
FRS,Fire and Rescue Services,FRS 45 Station 8,M,90165,6424.36,0,F3
FRS,Fire and Rescue Services,FRS 45 Station 24,M,78571,16427.76,0,F3
FRS,Fire and Rescue Services,FRS 45 Station 25,M,85873,1236.34,0,F2
HHS,Department of Health and Human Services,HHS 60 Child Welfare Services,F,82395.27,202.46,0,18
FRS,Fire and Rescue Services,FRS 45 Station 31,M,81522,8765.03,0,F3
FRS,Fire and Rescue Services,FRS 45 Station 25,M,90165,89379.89,0,F3
DEP,Department of Environmental Protection,DEP 80 Monitoring and Planning,F,82400,0,0,23
POL,Department of Police,POL 47 FSB Traffic Division Automated Traffic Enforcement Section,M,86352,0,0,15
FRS,Fire and Rescue Services,FRS 45 Station 17,M,84172,4105.7,0,F3
FRS,Fire and Rescue Services,FRS 45 Station 15,M,84172,57408.13,0,F3
FRS,Fire and Rescue Services,FRS 45 Station 25,M,93322,50256.45,0,F3
POL,Department of Police,POL 47 FSB Special Operations Division Canine Section,M,101718,50940.56,0,P4
FRS,Fire and Rescue Services,FRS 45 Station 16,M,93322,86259.57,0,F3
FRS,Fire and Rescue Services,FRS 45 Station 34,M,99181,15230.71,0,F4
FRS,Fire and Rescue Services,FRS 45 Fleet Operations,M,89580.54,2607.59,0,20
OMB,Office of Management and Budget,OMB 31 Office of Management and Budget,M,200000,0,0,EX3
HHS,Department of Health and Human Services,HHS 60 Aging & Disability Services Division,F,97954.71,0,0,21
FRS,Fire and Rescue Services,FRS 45 Fleet Operations,M,107323,19323.87,0,20
DOT,Department of Transportation,DOT 50 Parking Management Parking Operations,F,63831.14,0,0,11
POL,Department of Police,POL 47 FSB Traffic Division School Safety Section,F,30820.25,0,0,10
DOT,Department of Transportation,DOT 50 Sign and Marking Shop,M,59735.21,548.78,0,9
FRS,Fire and Rescue Services,FRS 45 Station 15,M,99181,36946.18,0,F4
LIB,Department of Public Libraries,LIB 71 Potomac Library,M,28661.99,0,0,13
FRS,Fire and Rescue Services,FRS 45 Station 3,M,84172,205.82,0,F3
DOT,Department of Transportation,DOT 50 Transit Gaithersburg Ride On,M,89087.79,14726.61,0,T1
DOT,Department of Transportation,DOT 50 Transit Gaithersburg Ride On,M,89088,9429.47,0,T1
COR,Correction and Rehabilitation,COR 42 DS MCCF Case Managers Unit 3,F,107195.04,0,0,24
NDA,Non-Departmental Account,NDA 99 MCIB,F,170115.31,0,0,M3
COR,Correction and Rehabilitation,COR 42 DS MCDC Custody and Security,M,112602.07,63247.12,0,C1
HHS,Department of Health and Human Services,HHS 60 Office of Eligibility and Support Services,F,70671.89,0,0,13
DHS,Office of Emergency Management and Homeland Security,DHS 49 Operations and Training,M,140274,0,0,26
POL,Department of Police,POL 47 MSB Information Management and Technology Division,M,168264,0,0,N30
DOT,Department of Transportation,DOT 50 Transit Gaithersburg Ride On,M,89087.79,11481.15,0,T1
REC,Department of Recreation,REC 72 Youth Development Youth Services,F,103202.95,0,0,21
MPB,Merit System Protection Board Department,MPB 04 Executive Secretary,M,200738.84,0,0,M2
POL,Department of Police,POL 47 FSB Traffic Division School Safety Section,F,30820.25,0,0,10
FIN,Department of Finance,FIN 32 Management and Operations - Director,F,174642,0,0,M3
TBS,Department of Technology and Enterprise Business Solutions,TBS 34 OSP Infrastructure and Cloud Services,M,181336,0,0,N32
REC,Department of Recreation,REC 72 Aquatic Team Management,M,69104.52,0,0,18
DPS,Department of Permitting Services,DPS 75 Commercial Electrical and FPS Inspections,M,128198,28608.18,0,24
TBS,Department of Technology and Enterprise Business Solutions,TBS 34 ODT Financials,F,174641.65,0,0,M3
HHS,Department of Health and Human Services,HHS 60 Behavioral Health and Crisis Services Division,M,121420.5,2596.3,0,MD3
DEP,Department of Environmental Protection,DEP 80 Building and Transportation Programs,F,126241.72,0,0,25
DOT,Department of Transportation,DOT 50 Transit Gaithersburg Ride On,M,89087.79,12715.99,0,T1
FRS,Fire and Rescue Services,FRS 45 Station 16,M,90165,20447.32,0,F3
DOT,Department of Transportation,DOT 50 Transit Gaithersburg Ride On,M,89087.79,16466.1,0,T1
DOT,Department of Transportation,DOT 50 Transit Gaithersburg Ride On,M,89087.79,13662.79,0,T1
DOT,Department of Transportation,DOT 50 Transit Nicholson Ride On,M,89087.79,9451.25,0,T1
DOT,Department of Transportation,DOT 50 Transit Central Communication,M,98322,2854.21,0,18
DOT,Department of Transportation,DOT 50 Transit Gaithersburg Ride On,M,89087.79,17283.27,0,T1
DOT,Department of Transportation,DOT 50 Transit Silver Spring Ride On,M,82236.23,3666.65,0,T1
REC,Department of Recreation,REC 72 Senior Programs,F,75024.46,446.5,0,18
MPB,Merit System Protection Board Department,MPB 04 Merit System Protection Board,F,65943.12,0,0,N16
POL,Department of Police,POL 47 PSB 6th District Patrol,F,105277,11462.19,0,P4
POL,Department of Police,POL 47 HQ Office of the Chief,M,110541,15081.71,0,P5
POL,Department of Police,POL 47 PSB 2nd District Patrol,M,134814,18944.22,0,A1
POL,Department of Police,POL 47 PSB 5th District Patrol,F,97013,0,0,P4
POL,Department of Police,POL 47 PSB 4th District Patrol,M,98275,13188.99,0,P4
POL,Department of Police,POL 47 CRB Community Engagement Division Crisis Response & Support Section,M,139532,39196.65,0,A1
POL,Department of Police,POL 47 PSB 4th District Patrol,M,112778,42240.45,0,P4
POL,Department of Police,POL 47 CRB Community Engagement Division Community Engagement Section,F,105277,10612.33,0,P4
POL,Department of Police,POL 47 PSB 2nd District Patrol,M,120811,11482.4,0,P4
POL,Department of Police,POL 47 PSB 2nd District Patrol,F,110541,17976.14,0,P5
POL,Department of Police,POL 47 PSB 3rd District Patrol,M,105277,24491.33,0,P4
POL,Department of Police,POL 47 CRB Community Engagement Division Crisis Response & Support Section,M,120811,38951.81,0,P4
POL,Department of Police,POL 47 FSB Special Operations Division Tactical Operations Section,M,105277,29062.23,0,P4
POL,Department of Police,POL 47 PSB 3rd District Patrol,F,105277,11359.9,0,P4
POL,Department of Police,POL 47 PSB 4th District Patrol,M,105277,93583.18,0,P4
POL,Department of Police,POL 47 PSB 3rd District Patrol,M,105277,7519.08,0,P4
POL,Department of Police,POL 47 MSB Training and Education Division,F,105277,734.64,0,P4
POL,Department of Police,POL 47 PSB 2nd District Patrol,M,120811,33986.04,0,P4
DOT,Department of Transportation,DOT 50 Transportation Management,M,80620.82,11952.83,0,19
HHS,Department of Health and Human Services,HHS 60 Behavioral Health and Crisis Services Division,M,114834.29,0,0,24
OHR,Office of Human Resources,OHR 33 Classification and Compensation Team,F,110127.81,0,0,N25
POL,Department of Police,POL 47 FSB Special Operations Division Tactical Operations Section,M,105277,27505.62,0,P4
DOT,Department of Transportation,DOT 50 Transportation Technical Center,M,97795.93,29024.17,0,20
DOT,Department of Transportation,DOT 50 Transportation Technical Center,M,107323,63748.43,0,20
DEP,Department of Environmental Protection,DEP 80 Stormwater BMP Inspection and Maintenance,M,134086,0,0,N25
POL,Department of Police,POL 47 MSB Information Management and Technology Division,M,181336,0,0,N32
DPS,Department of Permitting Services,DPS 75 Commercial Structural and Complex Structures,M,168973.03,0,0,M3
SHF,Sheriff's Office,SHF 48 Court and Transport,M,99093,73794.1,0,G4
POL,Department of Police,POL 47 PSB 4th District Patrol,M,86126,0,0,P2
SHF,Sheriff's Office,SHF 48 Sheriff Domestic Violence,M,108315,9182.89,0,D1
FRS,Fire and Rescue Services,FRS 45 Self Contained Breathing Apparatus (SCBA) Shop,M,82745,86.91,0,14
POL,Department of Police,POL 47 MSB Communications Division,M,69527.2,8157.33,0,19
SHF,Sheriff's Office,SHF 48 Court and Transport,M,99093,8638.63,0,G4
SHF,Sheriff's Office,SHF 48 Court and Transport,M,99093,25615.77,0,G4
SHF,Sheriff's Office,SHF 48 Civil Process,M,99093,9650.96,0,G4
DOT,Department of Transportation,DOT 50 Highway Services,M,122603,1391.5,0,23
DOT,Department of Transportation,DOT 50 Transportation Technical Center,M,90061.31,22503.08,0,20
CAT,County Attorney's Office,CAT 30 Insurance Defense Litigation,F,181336,0,0,N32
HHS,Department of Health and Human Services,HHS 60 Behavioral Health and Crisis Services Division,M,127490.17,0,0,24
POL,Department of Police,POL 47 PSB 5th District Patrol,F,120811,37284.04,0,P4
DGS,Department of General Services,DGS 36 Facilities Maintenance,M,102711,31899.33,0,19
HHS,Department of Health and Human Services,HHS 60 Services to End and Prevent Homelessness Division,F,128198,0,0,24
HHS,Department of Health and Human Services,HHS 60 Aging & Disability Services Division,F,90149,0,0,16
HHS,Department of Health and Human Services,HHS 60 School Health Services,F,67979.3,0,0,16
HHS,Department of Health and Human Services,HHS 60 School Health Services,F,64742.19,0,0,16
HHS,Department of Health and Human Services,HHS 60 School Health Services,F,123789.58,0,0,24
HHS,Department of Health and Human Services,HHS 60 School Health Services,F,67979.37,0,0,16
HHS,Department of Health and Human Services,HHS 60 School Health Services,F,65919.47,54.33,0,16
HHS,Department of Health and Human Services,HHS 60 School Health Services,F,67979.3,0,0,16
HHS,Department of Health and Human Services,HHS 60 School Health Services,F,112173.25,0,0,24
HHS,Department of Health and Human Services,HHS 60 School Health Services,F,125331.52,0,0,24
HHS,Department of Health and Human Services,HHS 60 School Health Services,M,67979.22,0,0,16
HHS,Department of Health and Human Services,HHS 60 School Health Services,F,111164.12,0,0,24
HHS,Department of Health and Human Services,HHS 60 School Health Services,F,125331.52,0,0,24
BOE,Board of Elections,BOE 24 Information Technology Division,F,83135.69,0,0,18
DPS,Department of Permitting Services,DPS 75 Land Development Sediment and Stormwater Inspection,M,134086,0,0,N25
DEP,Department of Environmental Protection,DEP 80 Resource Conversion,F,79296,18799.99,0,13
TBS,Department of Technology and Enterprise Business Solutions,TBS 34 ODT Financials,F,168264,0,0,N30
TBS,Department of Technology and Enterprise Business Solutions,TBS 34 CIO System Center Configuration Management,M,153585,0,0,N28
OAS,Office of Animal Services,OAS 38 Animal Services Division,F,86836.25,3019.24,0,19
HHS,Department of Health and Human Services,HHS 60 Office of Eligibility and Support Services,F,128198,462.26,0,N24
COR,Correction and Rehabilitation,COR 42 DS MCCF Unit 1 Security,F,93294,58965.64,0,C5
COR,Correction and Rehabilitation,COR 42 DS MCDC Custody and Security,M,102366,54421.83,0,C6
DGS,Department of General Services,DGS 36 Fleet Management Fleet Services,M,99733.84,9599.52,0,N22
HHS,Department of Health and Human Services,HHS 60 Office of Eligibility and Support Services,M,70932.03,0,0,13
HHS,Department of Health and Human Services,HHS 60 Aging & Disability Services Division,F,117544.55,0,0,23
ABS,Alcohol Beverage Services,ABS 85 Montrose,M,70077.26,2453.42,0,14
ABS,Alcohol Beverage Services,ABS 85 Wholesale Administration,M,134086,0,0,N25
DOT,Department of Transportation,DOT 50 Transit Nicholson Ride On,M,89087.79,29244.51,0,T1
DOT,Department of Transportation,DOT 50 Transit Silver Spring Ride On,M,89087.79,15735.91,0,T1
DOT,Department of Transportation,DOT 50 Transit Nicholson Ride On,M,89087.79,8572.26,0,T1
DOT,Department of Transportation,DOT 50 Transit Nicholson Ride On,M,89087.79,24056.74,0,T1
TBS,Department of Technology and Enterprise Business Solutions,TBS 34 ODT Technical Support Team,M,153585,0,0,N28
DOT,Department of Transportation,DOT 50 Transit Nicholson Ride On,M,91371,32.95,0,T1
DOT,Department of Transportation,DOT 50 Director,M,265000,0,0,EX1
ABS,Alcohol Beverage Services,ABS 85 Montrose,M,25750,0,0,12
HHS,Department of Health and Human Services,HHS 60 Chief Operating Officer Division,F,122603,0,0,N23
HHS,Department of Health and Human Services,HHS 60 Behavioral Health and Crisis Services Division,F,122305.12,100865.96,0,24
TBS,Department of Technology and Enterprise Business Solutions,TBS 34 ODT Payroll/Comp/BI,F,181336,0,0,N32
DPS,Department of Permitting Services,DPS 75 Information Technology Services,M,140274,0,0,N26
ABS,Alcohol Beverage Services,ABS 85 Olney,M,53112.7,44.25,0,12
COR,Correction and Rehabilitation,COR 42 PRRS Facility and Security,F,91878.62,43117.69,0,20
HHS,Department of Health and Human Services,HHS 60 Children Youth and Family Services Division,F,134086,0,0,N25
POL,Department of Police,POL 47 FSB Traffic Division School Safety Section,F,31085.41,44.84,0,10
POL,Department of Police,POL 47 MSB Information Management and Technology Division,M,140274,0,0,26
FIN,Department of Finance,FIN 32 Division of Risk Management,F,153585,0,0,N28
OAS,Office of Animal Services,OAS 38 Animal Services Division,F,105258.25,0,0,N25
DOT,Department of Transportation,DOT 50 Transit Nicholson Ride On,F,90149,0,0,16
HHS,Department of Health and Human Services,HHS 60 Services to End and Prevent Homelessness Division,F,91313.01,0,0,20
HHS,Department of Health and Human Services,HHS 60 Children Youth and Family Services Division,F,121297.53,0,0,N25
DGS,Department of General Services,DGS 36 Central Duplicating,F,72898,0,0,11
COR,Correction and Rehabilitation,COR 42 DS MCDC Central Processing Unit,M,85437,18261.67,0,C4
DOT,Department of Transportation,DOT 50 Highway Administration,M,28788,0,0,5
POL,Department of Police,POL 47 MSB Communications Division,F,100347.95,1239.35,0,N21
HHS,Department of Health and Human Services,HHS 60 Chief Operating Officer Division,F,122603,0,0,23
FIN,Department of Finance,FIN 32 Division of Fiscal Management,F,134086,0,0,N25
CUS,Community Use of Public Facilities,CUS 70 Community Relations and Special Projects,M,112166,0,0,21
POL,Department of Police,POL 47 MSB Communications Division,F,101058.99,21482.37,0,21
DGS,Department of General Services,DGS 36 Facilities Maintenance,M,98322,4185.26,0,18
POL,Department of Police,POL 47 FSB Traffic Division School Safety Section,F,30949.88,0,0,10
HHS,Department of Health and Human Services,HHS 60 Office of Eligibility and Support Services,F,87713.53,31.64,0,20
DEP,Department of Environmental Protection,DEP 80 Environmental Compliance Group,M,104300.25,599.75,0,24
DGS,Department of General Services,DGS 36 Facilities Major Programs,M,57576,0,0,5
HHS,Department of Health and Human Services,HHS 60 Children Youth and Family Services Division,F,73400.75,0,0,16
DOT,Department of Transportation,DOT 50 Transit Gaithersburg Ride On,M,89087.79,14632.51,0,T1
DOT,Department of Transportation,DOT 50 Transit Gaithersburg Ride On,F,89087.79,13607.22,0,T1
DOT,Department of Transportation,DOT 50 Transit Gaithersburg Ride On,M,89087.79,4672.1,0,T1
DOT,Department of Transportation,DOT 50 Transit Gaithersburg Ride On,M,89087.79,7584.94,0,T1
DOT,Department of Transportation,DOT 50 Transit Silver Spring Ride On,M,89087.79,9389.06,0,T1
DOT,Department of Transportation,DOT 50 Transit Silver Spring Ride On,M,82236,17897.99,0,T1
DOT,Department of Transportation,DOT 50 Transit Silver Spring Ride On,M,89087.79,16742.38,0,T1
DPS,Department of Permitting Services,DPS 75 Residential Plan Review,M,115997.32,78.47,0,24
DPS,Department of Permitting Services,DPS 75 Zoning and Site Plan Compliance,M,134086,0,0,N25
LIB,Department of Public Libraries,LIB 71 Damascus Library,M,107455.2,0,0,24
HHS,Department of Health and Human Services,HHS 60 Office of Eligibility and Support Services,F,96831.52,9445,0,20
DGS,Department of General Services,DGS 36 Fleet Management Services,M,90149,13402.37,0,16
HHS,Department of Health and Human Services,HHS 60 Public Health Services Division,F,128198,0,0,24
HHS,Department of Health and Human Services,HHS 60 Office of Eligibility and Support Services,F,113837,205.24,0,22
REC,Department of Recreation,REC 72 Aquatic Team Management,F,90643.56,0,0,21
CEC,Community Engagement Cluster,CEC 16 Silver Spring Urban District,M,61900.58,6820.11,0,10
COR,Correction and Rehabilitation,COR 42 DS MCCF Case Managers Unit 2,F,107455.2,0,0,24
SHF,Sheriff's Office,SHF 48 Court and Transport,F,95975,10843.96,0,G4
POL,Department of Police,POL 47 FSB Security Services Division,M,73990.96,36534.42,0,15
LIB,Department of Public Libraries,LIB 71 Twinbrook Library,M,66711.34,0,0,16
POL,Department of Police,POL 47 FSB Traffic Division School Safety Section,M,30950.22,0,0,10
CCL,County Council,CCL 01 Council Members and Staff,M,143219.68,0,0,LB3
DPS,Department of Permitting Services,DPS 75 Residential Inspections,M,109529.09,0,0,21
PIO,Office of Public Information,PIO 23 Web Content and Graphic Management,M,120155.02,10715.42,0,N23
LIB,Department of Public Libraries,LIB 71 Marilyn J Praisner Library,M,39813.58,0,0,8
OMB,Office of Management and Budget,OMB 31 Office of Management and Budget,M,147508.74,0,0,N28
HHS,Department of Health and Human Services,HHS 60 Behavioral Health and Crisis Services Division,F,118651.18,23483.27,0,24
HHS,Department of Health and Human Services,HHS 60 Office of Eligibility and Support Services,F,49161,0,0,18
HHS,Department of Health and Human Services,HHS 60 Services to End and Prevent Homelessness Division,F,98889.42,0,0,22
HHS,Department of Health and Human Services,HHS 60 Aging & Disability Services Division,F,128198,0,0,24
HHS,Department of Health and Human Services,HHS 60 Child Welfare Services,F,112768.91,0,0,23
COR,Correction and Rehabilitation,COR 42 PTS Supervision,F,107455.2,0,0,24
BOE,Board of Elections,BOE 24 Registration Services,F,73018.36,0,0,16
POL,Department of Police,POL 47 PSB 3rd District Patrol,M,94951,20874.41,0,P4
POL,Department of Police,POL 47 PSB 4th District Patrol,M,94951,4895.27,0,P4
COR,Correction and Rehabilitation,COR 42 DS MCCF Unit 3 Security,M,93294,65408.63,0,C5
DPS,Department of Permitting Services,DPS 75 Land Development Right-of-Way Inspection,M,82161.74,1667.53,0,19
CEX,Offices of the County Executive,CEX 15 Chief Administrative Officer's Office,M,157147.1,0,0,M2
TBS,Department of Technology and Enterprise Business Solutions,TBS 34 OSP Employee Productivity Services,M,153585,0,0,N28
DOT,Department of Transportation,DOT 50 Transit Silver Spring Ride On,M,89087.79,6439.06,0,T1
LIB,Department of Public Libraries,LIB 71 Public Service Administration,F,134086,0,0,N25
HHS,Department of Health and Human Services,HHS 60 Office of Eligibility and Support Services,F,97258.13,13090.13,0,20
HHS,Department of Health and Human Services,HHS 60 Behavioral Health and Crisis Services Division,M,121928.85,0,0,24
FRS,Fire and Rescue Services,FRS 45 Fire Chief's Executive Office,F,98322,1032.63,0,N18
DOT,Department of Transportation,DOT 50 Transit Silver Spring Ride On,F,89087.79,21845.93,0,T1
DOT,Department of Transportation,DOT 50 Transit Gaithersburg Ride On,M,89088,1801.54,0,T1
POL,Department of Police,POL 47 PSB 5th District Patrol,F,90149,16.26,0,16
REC,Department of Recreation,REC 72 Youth Development,F,65404.25,366.35,0,13
LIB,Department of Public Libraries,LIB 71 Brigadier General Charles E. McGee Library,F,38723.12,0,0,18
DOT,Department of Transportation,DOT 50 Parking Management Administration,M,122603,0,0,23
DGS,Department of General Services,DGS 36 Fleet Automotive Heavy Equipment,M,99870.08,16834.88,0,N22
HHS,Department of Health and Human Services,HHS 60 Public Health Services Division,M,186462.59,0,0,M2
ABS,Alcohol Beverage Services,ABS 85 Beer Loading,M,69311.64,8400.54,0,13
REC,Department of Recreation,REC 72 Information Technology,M,99719,0,0,19
HHS,Department of Health and Human Services,HHS 60 Office of Eligibility and Support Services,F,103971.11,0,0,20
FRS,Fire and Rescue Services,FRS 45 Station 21,M,93322,24317.09,0,F3
FRS,Fire and Rescue Services,FRS 45 Station 25,M,93322,25253.77,0,F3
FRS,Fire and Rescue Services,FRS 45 Third Battalion - Administration,M,112929,27252.82,0,B1
FRS,Fire and Rescue Services,FRS 45 Station 12,M,87327,0,0,F3
FRS,Fire and Rescue Services,FRS 45 Station 34,M,93322,5215.13,0,F3
FRS,Fire and Rescue Services,FRS 45 Station 22,M,88878,3479.09,0,F2
FRS,Fire and Rescue Services,FRS 45 Station 19,M,93322,71465.66,0,F3
FRS,Fire and Rescue Services,FRS 45 Station 3,M,93322,23996.8,0,F3
FRS,Fire and Rescue Services,FRS 45 Station 1,M,102653,44072.08,0,F4
FRS,Fire and Rescue Services,FRS 45 Station 33,M,88878,114.97,0,F2
FRS,Fire and Rescue Services,FRS 45 Station 1,M,93322,11281.14,0,F3
FRS,Fire and Rescue Services,FRS 45 Station 15,M,93322,21054.75,0,F3
FRS,Fire and Rescue Services,FRS 45 Station 4,M,87116,65013.45,0,F3
FRS,Fire and Rescue Services,FRS 45 Field Operations Administration,M,112929,17918.81,0,B1
FRS,Fire and Rescue Services,FRS 45 Station 40,M,93322,11200.87,0,F3
FRS,Fire and Rescue Services,FRS 45 Emergency Communications Center (ECC),M,93322,21781.53,0,F3
FRS,Fire and Rescue Services,FRS 45 Station 13,M,93322,8563.61,0,F3
FRS,Fire and Rescue Services,FRS 45 Station 40,M,93322,16687.05,0,F3
FRS,Fire and Rescue Services,FRS 45 Station 4,M,93322,13843.22,0,F3
FRS,Fire and Rescue Services,FRS 45 Station 12,M,93322,5277.29,0,F3
FRS,Fire and Rescue Services,FRS 45 Station 2,M,93322,32273.64,0,F3
DOT,Department of Transportation,DOT 50 Transit Gaithersburg Ride On,M,89087.79,8018.41,0,T1
FRS,Fire and Rescue Services,FRS 45 Station 30,M,93322,7260.52,0,F3
FRS,Fire and Rescue Services,FRS 45 Station 20,M,102653,19851.64,0,F4
FRS,Fire and Rescue Services,FRS 45 Station 3,M,102653,2934.19,0,F4
FRS,Fire and Rescue Services,FRS 45 Station 8,M,93322,29835.71,0,F3
FRS,Fire and Rescue Services,FRS 45 Station 28,M,93322,586.32,0,F3
FRS,Fire and Rescue Services,FRS 45 Emergency Communications Center (ECC),M,93322,47376.32,0,F3
FRS,Fire and Rescue Services,FRS 45 Rescue 2,M,88878,17881.52,0,F2
FRS,Fire and Rescue Services,FRS 45 Station 14,M,93322,55.87,0,F3
FRS,Fire and Rescue Services,FRS 45 Station 31,M,93322,1614.53,0,F3
FRS,Fire and Rescue Services,FRS 45 Station 16,M,93322,16461.26,0,F3
FRS,Fire and Rescue Services,FRS 45 Station 4,M,93322,25867.67,0,F3
FRS,Fire and Rescue Services,FRS 45 Station 14,M,93322,12049.13,0,F3
FRS,Fire and Rescue Services,FRS 45 Station 33,M,83170,0,0,F2
FRS,Fire and Rescue Services,FRS 45 Station 3,M,93322,13587.31,0,F3
FRS,Fire and Rescue Services,FRS 45 Station 23,M,93322,21399.55,0,F3
FRS,Fire and Rescue Services,FRS 45 Station 33,M,93322,0,0,F3
FRS,Fire and Rescue Services,FRS 45 Station 7,M,93322,10915.64,0,F3
FRS,Fire and Rescue Services,FRS 45 Station 8,M,93322,2519.08,0,F3
FRS,Fire and Rescue Services,FRS 45 Station 16,M,93322,36167.78,0,F3
FRS,Fire and Rescue Services,FRS 45 Station 29,M,93322,69249.64,0,F3
FRS,Fire and Rescue Services,FRS 45 Station 16,M,93322,21015.87,0,F3
FRS,Fire and Rescue Services,FRS 45 Station 29,M,93322,4510.68,0,F3
CAT,County Attorney's Office,CAT 30 Health and Human Services,F,200829,0,0,M2
FRS,Fire and Rescue Services,FRS 45 Station 16,M,93322,30037.66,0,F3
FRS,Fire and Rescue Services,FRS 45 Station 2,M,93322,2600.94,0,F3
FRS,Fire and Rescue Services,FRS 45 Station 16,M,93322,1175.05,0,F3
OHR,Office of Human Resources,OHR 33 Health and Employee Welfare,F,134086,0,0,N25
FRS,Fire and Rescue Services,FRS 45 Station 23,M,93322,3354.87,0,F3
POL,Department of Police,POL 47 FSB Traffic Division School Safety Section,F,30949.9,0,0,10
FRS,Fire and Rescue Services,FRS 45 Rescue 2,M,93322,3168.75,0,F3
FRS,Fire and Rescue Services,FRS 45 Station 35,M,88878,0,0,F2
OAS,Office of Animal Services,OAS 38 Animal Services Division,F,92329.32,3075.4,0,19
FRS,Fire and Rescue Services,FRS 45 Field Operations Administration,M,112929,50082.76,0,B1
HHS,Department of Health and Human Services,HHS 60 Behavioral Health and Crisis Services Division,F,105870.21,0,0,24
REC,Department of Recreation,REC 72 Facilities Division,M,112166,480.63,0,21
NDA,Non-Departmental Account,NDA 99 MCIB,M,214884,0,0,N39
DOT,Department of Transportation,DOT 50 Highway Administration,M,83528.26,14525.7,0,22
COR,Correction and Rehabilitation,COR 42 PRRS Facility and Security,F,108272.37,43096.19,0,22
HHS,Department of Health and Human Services,HHS 60 Aging & Disability Services Division,F,87605.09,0,0,16
HCA,Department of Housing and Community Affairs,HCA 76 Director Administration,F,134086,0,0,N25
FRS,Fire and Rescue Services,FRS 45 Station 24,M,93322,38799.83,0,F3
FRS,Fire and Rescue Services,FRS 45 Station 22,M,93322,24440.14,0,F3
DPS,Department of Permitting Services,DPS 75 Customer Support,M,94134,0,0,17
FRS,Fire and Rescue Services,FRS 45 Station 5,M,93322,1454.18,0,F3
HHS,Department of Health and Human Services,HHS 60 Children Youth and Family Services Division,M,74502.54,0,0,18
CUS,Community Use of Public Facilities,CUS 70 Silver Spring Civic Building,M,86045.78,0,0,18
DOT,Department of Transportation,DOT 50 Transit Gaithersburg Ride On,M,89087.79,6989.4,0,T1
DOT,Department of Transportation,DOT 50 Transit Gaithersburg Ride On,M,89087.79,14787.58,0,T1
DOT,Department of Transportation,DOT 50 Transit Gaithersburg Ride On,F,81347.76,643.61,0,9
DOT,Department of Transportation,DOT 50 Transit Nicholson Ride On,M,89087.79,17853.27,0,T1
DOT,Department of Transportation,DOT 50 Transit Gaithersburg Ride On,M,89088,27148.28,0,T1
DOT,Department of Transportation,DOT 50 Transit Gaithersburg Ride On,M,89087.79,4812.22,0,T1
DOT,Department of Transportation,DOT 50 Transit Silver Spring Ride On,M,62499.82,0,0,9
HHS,Department of Health and Human Services,HHS 60 Behavioral Health and Crisis Services Division,F,124999.74,0,0,24
HRC,Office of Human Rights,HRC 46 Compliance,F,90149,0,0,16
HHS,Department of Health and Human Services,HHS 60 Aging & Disability Services Division,F,128198,0,0,24
HHS,Department of Health and Human Services,HHS 60 Chief Operating Officer Division,F,85751.4,0,0,18
REC,Department of Recreation,REC 72 Senior Programs,F,112166,0,0,21
DGS,Department of General Services,DGS 36 Central Duplicating,M,89617.74,19591.98,0,16
HHS,Department of Health and Human Services,HHS 60 Chief Operating Officer Division,F,82561.26,0,0,14
POL,Department of Police,POL 47 MSB Communications Division,F,101059,9127.98,0,21
HHS,Department of Health and Human Services,HHS 60 Chief Operating Officer Division,F,77272.35,0,0,14
FRS,Fire and Rescue Services,FRS 45 Station 15,M,78571,27270.21,0,F3
HHS,Department of Health and Human Services,HHS 60 Services to End and Prevent Homelessness Division,F,73108.02,98.97,0,18
TBS,Department of Technology and Enterprise Business Solutions,TBS 34 ODT Geographic Information System,M,153585,0,0,N28
POL,Department of Police,POL 47 PSB 5th District Community Action Team,M,105277,27276.23,0,P4
POL,Department of Police,POL 47 PSB 2nd District Patrol,M,105277,51216.12,0,P4
POL,Department of Police,POL 47 PSB 2nd District Patrol,M,105277,29520.03,0,P4
POL,Department of Police,POL 47 PSB 5th District Patrol,F,105277,8072.39,0,P4
POL,Department of Police,POL 47 PSB 4th District Patrol,M,105277,15190.64,0,P4
POL,Department of Police,POL 47 PSB 2nd District Patrol,M,105277,3755.55,0,P4
POL,Department of Police,POL 47 PSB 1st District Patrol,M,108963,21275.42,0,P4
POL,Department of Police,POL 47 PSB 4th District Patrol,M,105277,3924.51,0,P4
POL,Department of Police,POL 47 PSB 4th District Special Assignment Team,M,112778,17685.29,0,P4
POL,Department of Police,POL 47 PSB 3rd District Patrol,F,105277,11141.61,0,P4
POL,Department of Police,POL 47 PSB 6th District Patrol,M,105277,20909.6,0,P4
POL,Department of Police,POL 47 PSB 5th District Patrol,M,105277,6900.06,0,P4
POL,Department of Police,POL 47 PSB 4th District Patrol,M,105277,49225.48,0,P4
POL,Department of Police,POL 47 CRB Community Engagement Division Community Engagement Section,M,105277,12077.94,0,P4
PRO,Office of Procurement,PRO 35 Business Relations and Compliance Division,F,122603,0,0,23
FRS,Fire and Rescue Services,FRS 45 Field Recruits,F,62102,0,0,F1
FRS,Fire and Rescue Services,FRS 45 Station 14,M,74829,373.17,0,F2
COR,Correction and Rehabilitation,COR 42 DS MCCF Unit 3 Security,M,102366,23202.52,0,C6
COR,Correction and Rehabilitation,COR 42 DS MCCF Unit 1 Security,M,85437,10291.16,0,C4
SHF,Sheriff's Office,SHF 48 Civil Process,M,95975,92196.05,0,G4
POL,Department of Police,POL 47 PSB 6th District Patrol,F,105277,20646.37,0,P4
ABS,Alcohol Beverage Services,ABS 85 Special Order Liquor and Wine Warehouse Operations,M,66378.15,0,0,12
POL,Department of Police,POL 47 PSB 6th District Community Action Team,M,94951,19720.08,0,P4
SHF,Sheriff's Office,SHF 48 Court and Transport,F,108315,12739.48,0,D1
SHF,Sheriff's Office,SHF 48 Court and Transport,M,108315,42.02,0,D1
SHF,Sheriff's Office,SHF 48 Court and Transport,M,99093,12030.95,0,G4
FRS,Fire and Rescue Services,FRS 45 Station 3,M,96590,87259.82,0,F3
COR,Correction and Rehabilitation,COR 42 DS MCDC Custody and Security,M,85437,6557.66,0,C4
SHF,Sheriff's Office,SHF 48 Civil Process,M,99093,2384,0,G4
POL,Department of Police,POL 47 PSB 2nd District Patrol,F,105277,6519.34,0,P4
POL,Department of Police,POL 47 PSB 5th District Patrol,F,105277,6486.54,0,P4
POL,Department of Police,POL 47 PSB 5th District Patrol,M,105277,22674.59,0,P4
POL,Department of Police,POL 47 PSB 5th District Patrol,M,105277,1425.35,0,P4
POL,Department of Police,POL 47 PSB 6th District Patrol,M,105277,8300.77,0,P4
POL,Department of Police,POL 47 PSB 2nd District Patrol,M,116725,48946.02,0,P4
POL,Department of Police,POL 47 PSB 5th District Patrol,F,105277,731.87,0,P4
POL,Department of Police,POL 47 PSB 2nd District Station,F,78601.75,53.18,0,16
HHS,Department of Health and Human Services,HHS 60 Chief Operating Officer Division,F,77272.35,0,0,14
HHS,Department of Health and Human Services,HHS 60 Aging & Disability Services Division,F,112166,0,0,21
HHS,Department of Health and Human Services,HHS 60 School Health Services,F,128198,0,0,24
HHS,Department of Health and Human Services,HHS 60 Chief Operating Officer Division,F,140274,0,0,26
HHS,Department of Health and Human Services,HHS 60 Aging & Disability Services Division,F,101383.12,0,0,21
HHS,Department of Health and Human Services,HHS 60 School Health Services,F,123529.82,0,0,24
HHS,Department of Health and Human Services,HHS 60 School Health Services,F,117197.55,0,0,24
HHS,Department of Health and Human Services,HHS 60 Child Welfare Services,M,117611.21,0,0,23
HHS,Department of Health and Human Services,HHS 60 Chief Operating Officer Division,M,193736.26,0,0,M2
HHS,Department of Health and Human Services,HHS 60 Behavioral Health and Crisis Services Division,F,122271.78,0,0,24
LIB,Department of Public Libraries,LIB 71 Wheaton Library,F,124887.95,0,0,24
DGS,Department of General Services,DGS 36 Fleet Management Fleet Services,M,102711,5098.68,0,19
DGS,Department of General Services,DGS 36 Fleet Management Administration,M,122603,0,0,N23
DOT,Department of Transportation,DOT 50 Transit Silver Spring Ride On,M,89087.79,8650.03,0,T1
DOT,Department of Transportation,DOT 50 Transit Silver Spring Ride On,M,89087.79,34608.3,0,T1
LIB,Department of Public Libraries,LIB 71 Kensington Park Library,F,39124.73,0,0,18
DPS,Department of Permitting Services,DPS 75 Commercial Structural and Complex Structures,M,132170.49,0,0,N25
COR,Correction and Rehabilitation,COR 42 DS Inmate Records,M,83019.79,3170.48,0,17
COR,Correction and Rehabilitation,COR 42 DS MCDC Custody and Security,M,82781,20294.54,0,C4
PIO,Office of Public Information,PIO 23 Information,F,134086,0,0,N25
CUS,Community Use of Public Facilities,CUS 70 Core Services Team,F,96730.59,0,0,18
OLR,Office of Labor Relations,OLR 26 Labor Relations Division,F,138779.46,0,0,N26
HHS,Department of Health and Human Services,HHS 60 Office of Eligibility and Support Services,M,79296,0,0,13
COR,Correction and Rehabilitation,COR 42 DS Inmate Records,F,105961,27769.21,0,N25
COR,Correction and Rehabilitation,COR 42 DS MCDC Custody and Security,F,90369,34347.07,0,C5
HHS,Department of Health and Human Services,HHS 60 Child Welfare Services,F,112290.01,0,0,23
DGS,Department of General Services,DGS 36 Fleet Management Fleet Services,M,114548.04,1666.04,0,N22
DOT,Department of Transportation,DOT 50 Transportation Materials Testing Lab,M,122603,0,0,23
POL,Department of Police,POL 47 MSB Budget and Capital Management Division Procurement and Logistics,M,66468.21,331.38,0,13
OAS,Office of Animal Services,OAS 38 Animal Services Division,F,68921.45,2525.83,0,14
OAS,Office of Animal Services,OAS 38 Animal Services Division,F,86352,0,0,15
DOT,Department of Transportation,DOT 50 Transit Services Information Technology,M,107323,450.86,0,20
POL,Department of Police,POL 47 FSB Traffic Division School Safety Section,F,29903.28,0,0,10
HHS,Department of Health and Human Services,HHS 60 Child Welfare Services,F,112312.23,598.04,0,23
DPS,Department of Permitting Services,DPS 75 Fire Code Compliance,M,122603,8359.38,0,23
COR,Correction and Rehabilitation,COR 42 DS MCDC Central Processing Unit,M,90369,22024.5,0,C5
COR,Correction and Rehabilitation,COR 42 DS MCCF Unit 1 Security,M,82781,47907.62,0,C4
CCL,County Council,CCL 01 Council Members and Staff,M,140274,0,0,N26
REC,Department of Recreation,REC 72 Countywide Programs,M,115975.66,0,0,N23
DGS,Department of General Services,DGS 36 Fleet Management Fleet Services,M,100032.2,721.4,0,19
COR,Correction and Rehabilitation,COR 42 DS MCCF Unit 3 Security,M,82181,62401.47,0,C5
DOT,Department of Transportation,DOT 50 Transportation Planning and Design Section,M,153585,0,0,28
DOT,Department of Transportation,DOT 50 Parking Management Administration,F,140274,0,0,26
POL,Department of Police,POL 47 HQ Office of the Chief,F,70056,1010.46,0,P2
HHS,Department of Health and Human Services,HHS 60 Office of Eligibility and Support Services,F,73817.41,0,0,16
DOT,Department of Transportation,DOT 50 Transit Central Communication,M,94174.72,679.19,0,18
DOT,Department of Transportation,DOT 50 Transit Gaithersburg Ride On,M,89087.79,14704.84,0,T1
DOT,Department of Transportation,DOT 50 Transit Gaithersburg Ride On,M,89087.79,6480.82,0,T1
DOT,Department of Transportation,DOT 50 Transit Nicholson Ride On,M,89087.79,9951.23,0,T1
HHS,Department of Health and Human Services,HHS 60 School Health Services,F,65680.04,0,0,16
HHS,Department of Health and Human Services,HHS 60 School Health Services,F,126775.78,0,0,N25
HHS,Department of Health and Human Services,HHS 60 Aging & Disability Services Division,F,123529.77,0,0,24
HHS,Department of Health and Human Services,HHS 60 School Health Services,F,65679.9,0,0,16
HHS,Department of Health and Human Services,HHS 60 School Health Services,F,119212.19,0,0,N25
HHS,Department of Health and Human Services,HHS 60 School Health Services,F,65680.04,0,0,16
HHS,Department of Health and Human Services,HHS 60 School Health Services,M,65918.96,0,0,16
HHS,Department of Health and Human Services,HHS 60 School Health Services,F,65680.04,0,0,16
HHS,Department of Health and Human Services,HHS 60 School Health Services,F,65680.07,0,0,16
HHS,Department of Health and Human Services,HHS 60 School Health Services,F,128198,3076.34,0,24
HHS,Department of Health and Human Services,HHS 60 School Health Services,F,65919.08,0,0,16
HCA,Department of Housing and Community Affairs,HCA 76 Director Administration,F,200829,0,0,M2
HHS,Department of Health and Human Services,HHS 60 Office of Community Affairs Division,F,124243.6,0,0,N25
CEC,Community Engagement Cluster,CEC 16 Community Partnerships,M,142914.52,0,0,N28
PRO,Office of Procurement,PRO 35 Procurement Operations Section,F,137585.14,0,0,27
HHS,Department of Health and Human Services,HHS 60 Chief Operating Officer Division,F,134086,0,0,N25
HHS,Department of Health and Human Services,HHS 60 Aging & Disability Services Division,F,128198,28403.49,0,24
HHS,Department of Health and Human Services,HHS 60 Office of Community Affairs Division,F,108899,0,0,21
CAT,County Attorney's Office,CAT 30 Insurance Defense Litigation,M,163097.54,0,0,N32
TBS,Department of Technology and Enterprise Business Solutions,TBS 34 OMC MC311 Call Center,F,90149,1530,0,16
FIN,Department of Finance,FIN 32 Accounts Payable,F,90149,0,0,16
DPS,Department of Permitting Services,DPS 75 Information Technology Services,F,140274,0,0,N26
COR,Correction and Rehabilitation,COR 42 DS MCCF Unit 3 Security,M,82781,55973.33,0,C4
HHS,Department of Health and Human Services,HHS 60 Behavioral Health and Crisis Services Division,M,121092.76,0,0,24
COR,Correction and Rehabilitation,COR 42 DS MCCF Unit 3 Security,M,90369,34646.97,0,C5
HHS,Department of Health and Human Services,HHS 60 Behavioral Health and Crisis Services Division,F,128198,5752.24,0,24
HHS,Department of Health and Human Services,HHS 60 Children Youth and Family Services Division,F,128198,0,0,24
POL,Department of Police,POL 47 MSB Personnel Division Background Section,M,112166,0,0,21
COR,Correction and Rehabilitation,COR 42 PRRS Facility and Security,F,94918.58,16339.37,0,20
OHR,Office of Human Resources,OHR 33 Health and Employee Welfare,M,100789.57,545.48,0,N21
FRS,Fire and Rescue Services,FRS 45 Station 16,M,84172,22921.93,0,F3
FRS,Fire and Rescue Services,FRS 45 Station 23,M,78571,13371.49,0,F3
LIB,Department of Public Libraries,LIB 71 Cataloging and Preparation,F,66968.54,0,0,13
LIB,Department of Public Libraries,LIB 71 Wheaton Library,M,71422.93,0,0,16
HHS,Department of Health and Human Services,HHS 60 Office of Eligibility and Support Services,F,102429.63,0,0,20
POL,Department of Police,POL 47 MSB Communications Division,M,122603,9314.92,0,23
ABS,Alcohol Beverage Services,ABS 85 Administration,M,174642,0,0,M3
FRS,Fire and Rescue Services,FRS 45 Station 6,M,84172,4015.27,0,F3
ABS,Alcohol Beverage Services,ABS 85 Seneca Meadows,F,51306.76,849.52,0,12
FIN,Department of Finance,FIN 32 Accounts Receivable,F,90149,0,0,16
HHS,Department of Health and Human Services,HHS 60 Public Health Services Division,F,90149,0,0,16
FRS,Fire and Rescue Services,FRS 45 Training,M,95811.48,0,0,20
FRS,Fire and Rescue Services,FRS 45 Field Operations Administration,F,92586,36764.86,0,F4
DOT,Department of Transportation,DOT 50 Transit Gaithersburg Ride On,M,89087.79,15801.91,0,T1
DOT,Department of Transportation,DOT 50 Transit Silver Spring Ride On,M,99629.69,2942.34,0,N21
DOT,Department of Transportation,DOT 50 Transit Silver Spring Ride On,M,85662.01,18177.34,0,T1
DOT,Department of Transportation,DOT 50 Transit Silver Spring Ride On,M,89087.79,26162.95,0,T1
DOT,Department of Transportation,DOT 50 Transit Gaithersburg Ride On,F,89087.79,17346.38,0,T1
DOT,Department of Transportation,DOT 50 Transit Gaithersburg Ride On,M,89088,0,0,T1
HHS,Department of Health and Human Services,HHS 60 Public Health Services Division,F,115810.78,0,0,24
COR,Correction and Rehabilitation,COR 42 PRRS Facility and Security,F,95102.02,24184.1,0,20
FRS,Fire and Rescue Services,FRS 45 Station 1,M,91987,3329.37,0,F2
SHF,Sheriff's Office,SHF 48 Warrant Section,M,92960,10916.64,0,G4
COR,Correction and Rehabilitation,COR 42 MBHS Medical and Behavioral Health Services,F,129309.16,0,0,M3
HHS,Department of Health and Human Services,HHS 60 Office of Eligibility and Support Services,F,134086,0,0,N25
HHS,Department of Health and Human Services,HHS 60 Children Youth and Family Services Division,F,90149,0,0,16
DGS,Department of General Services,DGS 36 Facilities Major Programs,M,100932.38,17493.75,0,N21
HHS,Department of Health and Human Services,HHS 60 Public Health Services Division,F,80457.94,0,0,18
OMB,Office of Management and Budget,OMB 31 Office of Management and Budget,F,42426.82,979.12,0,N5
CAT,County Attorney's Office,CAT 30 Insurance Defense Litigation,F,122603,0,0,N23
SHF,Sheriff's Office,SHF 48 Sheriff Domestic Violence,M,68040,3062.69,0,G2
LIB,Department of Public Libraries,LIB 71 Collection Management,F,67075.11,0,0,13
DEP,Department of Environmental Protection,DEP 80 Administration and Operations,F,119032,0,0,23
NDA,Non-Departmental Account,NDA 99 MCIB,F,223879.77,0,0,M1
LIB,Department of Public Libraries,LIB 71 Public Service Administration,M,155217.19,0,0,M2
HHS,Department of Health and Human Services,HHS 60 Public Health Services Division,M,114618.87,0,0,24
DOT,Department of Transportation,DOT 50 Transit Special Transportation and Medicaid,F,99081.59,0,0,N21
HHS,Department of Health and Human Services,HHS 60 Behavioral Health and Crisis Services Division,F,139363.67,0,0,M3
LIB,Department of Public Libraries,LIB 71 Kensington Park Library,F,32226.13,0,0,8
HHS,Department of Health and Human Services,HHS 60 Public Health Services Division,F,123529.81,0,0,24
ABS,Alcohol Beverage Services,ABS 85 Walnut Hill,M,51306.76,128.37,0,12
REC,Department of Recreation,REC 72 Countywide Programs,M,112166,0,0,21
POL,Department of Police,POL 47 MSB Information Management and Technology Division,F,158960.48,9.05,0,N30
TBS,Department of Technology and Enterprise Business Solutions,TBS 34 CIO System Center Configuration Management,M,174638.71,0,0,M3
POL,Department of Police,POL 47 MSB Communications Division,F,93368.27,24934.36,0,21
FIN,Department of Finance,FIN 32 General Accounting,F,140274,0,0,N26
HHS,Department of Health and Human Services,HHS 60 Office of Eligibility and Support Services,M,86850.14,5457.93,0,20
SHF,Sheriff's Office,SHF 48 Sheriff Domestic Violence,F,100789.6,525,0,N23
DOT,Department of Transportation,DOT 50 Highway Services,F,122603,8190.53,0,23
HHS,Department of Health and Human Services,HHS 60 Behavioral Health and Crisis Services Division,F,117421.06,0,0,N26
HHS,Department of Health and Human Services,HHS 60 Chief Operating Officer Division,F,134086,0,0,N25
ABS,Alcohol Beverage Services,ABS 85 Beer Delivery Operations,M,65909.37,12403.23,0,15
DOT,Department of Transportation,DOT 50 Transit Gaithersburg Ride On,M,89087.79,21399.83,0,T1
DOT,Department of Transportation,DOT 50 Transit Gaithersburg Ride On,M,89087.79,30356.49,0,T1
DOT,Department of Transportation,DOT 50 Transit Gaithersburg Ride On,F,89087.79,24986.9,0,T1
DOT,Department of Transportation,DOT 50 Transit Gaithersburg Ride On,F,89087.79,2431.85,0,T1
DOT,Department of Transportation,DOT 50 Transit Silver Spring Ride On,F,89087.79,0,0,T1
DOT,Department of Transportation,DOT 50 Transit Silver Spring Ride On,M,89087.79,25027.67,0,T1
HCA,Department of Housing and Community Affairs,HCA 76 Information Technology,F,116886.47,0,0,26
POL,Department of Police,POL 47 FSB Traffic Division School Safety Section,M,29905.56,0,0,10
HHS,Department of Health and Human Services,HHS 60 Child Welfare Services,F,112312.22,0,0,23
HHS,Department of Health and Human Services,HHS 60 Aging & Disability Services Division,F,108921.37,0,0,21
HHS,Department of Health and Human Services,HHS 60 Office of Eligibility and Support Services,F,84239.52,4503.12,0,20
LIB,Department of Public Libraries,LIB 71 Director's Office,M,103238.1,0,0,21
DEP,Department of Environmental Protection,DEP 80 Strategic and Administrative Services Division,F,140274,0,0,26
COR,Correction and Rehabilitation,COR 42 PRRS Reentry Services and Programs,F,103820.86,1751.12,0,24
COR,Correction and Rehabilitation,COR 42 DS MCDC Central Processing Unit,F,90369,40057.57,0,C5
ABS,Alcohol Beverage Services,ABS 85 Beer Delivery Operations,M,60304.06,2684.7,0,10
ABS,Alcohol Beverage Services,"ABS 85 Licensure, Regulation and Education",M,104848.59,0,0,22
ABS,Alcohol Beverage Services,ABS 85 Clarksburg Village,M,70545.98,399.42,0,14
POL,Department of Police,POL 47 MSB Communications Division,F,81481.62,7139.34,0,20
DOT,Department of Transportation,DOT 50 Transportation Management,M,128361.88,0,0,25
LIB,Department of Public Libraries,LIB 71 Quince Orchard Library,F,45926.36,0,0,13
HHS,Department of Health and Human Services,HHS 60 Chief Operating Officer Division,F,122603,0,0,23
HHS,Department of Health and Human Services,HHS 60 Chief Operating Officer Division,F,122603,0,0,23
POL,Department of Police,POL 47 MSB Public Information Office,M,112778,26231.11,0,P4
HHS,Department of Health and Human Services,HHS 60 Chief Operating Officer Division,M,181852.27,0,0,M2
PIO,Office of Public Information,PIO 23 Information,M,56083,2594.43,0,N21
HHS,Department of Health and Human Services,HHS 60 Child Welfare Services,F,115039.25,2023.37,0,24
DOT,Department of Transportation,DOT 50 Traffic Engineering and Operations,F,94134,11523.08,0,N17
DOT,Department of Transportation,DOT 50 Highway Services,M,70630.03,14923.31,0,15
REC,Department of Recreation,REC 72 Youth Development Youth Services,M,89934.14,0,0,21
HHS,Department of Health and Human Services,HHS 60 Services to End and Prevent Homelessness Division,F,115039.25,0,0,24
HHS,Department of Health and Human Services,HHS 60 Aging & Disability Services Division,F,128198,11588.41,480.75,24
LIB,Department of Public Libraries,LIB 71 Aspen Hill Library,F,44992.18,0,0,21
LIB,Department of Public Libraries,LIB 71 Rockville Library,F,28767.54,0,0,13
COR,Correction and Rehabilitation,COR 42 DS MCDC Central Processing Unit,M,82781,9068.29,0,C4
COR,Correction and Rehabilitation,COR 42 DS MCDC Central Processing Unit,M,90369,51195.99,0,C5
SHF,Sheriff's Office,SHF 48 Administration,M,107323,0,0,N20
HHS,Department of Health and Human Services,HHS 60 Child Welfare Services,F,122603,0,0,23
TBS,Department of Technology and Enterprise Business Solutions,TBS 34 OMC MC311 Call Center,F,83121.59,449.85,0,16
LIB,Department of Public Libraries,LIB 71 Rockville Library,F,94442.12,0,0,21
POL,Department of Police,POL 47 CRB Community Engagement Division Community Engagement Section,M,98275,10398.86,0,P4
POL,Department of Police,POL 47 FSB Traffic Division School Safety Section,F,24138.27,0,0,10
REC,Department of Recreation,REC 72 Facilities Division,F,88118.12,0,0,21
DOT,Department of Transportation,DOT 50 Transit Gaithersburg Ride On,M,89087.79,23279.14,0,T1
DOT,Department of Transportation,DOT 50 Transit Gaithersburg Ride On,M,89087.79,20612.12,0,T1
DOT,Department of Transportation,DOT 50 Transit Gaithersburg Ride On,M,89087.79,28370.54,0,T1
DOT,Department of Transportation,DOT 50 Transit Gaithersburg Ride On,M,89087.79,12320.42,0,T1
DOT,Department of Transportation,DOT 50 Transit Gaithersburg Ride On,M,89087.79,43242.11,0,T1
DOT,Department of Transportation,DOT 50 Transit Gaithersburg Ride On,M,89087.79,11331.18,0,T1
DOT,Department of Transportation,DOT 50 Transit Gaithersburg Ride On,M,89088,5914.58,0,T1
ABS,Alcohol Beverage Services,ABS 85 Kensington,M,25550,21.38,0,12
DOT,Department of Transportation,DOT 50 Transit Silver Spring Ride On,M,96509.97,6882.08,0,T2
DOT,Department of Transportation,DOT 50 Highway Services,F,57460.16,15496.13,0,15
POL,Department of Police,POL 47 PSB 6th District Patrol,M,105277,1161.3,0,P4
SHF,Sheriff's Office,SHF 48 Sheriff Domestic Violence,M,95975,9752.57,0,G4
POL,Department of Police,POL 47 PSB 2nd District Patrol,M,101718,8009.78,0,P4
POL,Department of Police,POL 47 PSB 1st District Patrol,M,101718,10028.22,0,P4
POL,Department of Police,POL 47 PSB 3rd District Patrol,M,105277,6975.77,0,P4
POL,Department of Police,POL 47 PSB 3rd District Patrol,F,101718,14846.03,0,P4
POL,Department of Police,POL 47 PSB 5th District Patrol,M,105277,11215.55,0,P4
POL,Department of Police,POL 47 PSB 6th District Patrol,M,101718,14947.17,0,P4
POL,Department of Police,POL 47 PSB 1st District Patrol,F,101718,5087.25,0,P4
PRO,Office of Procurement,PRO 35 Business Relations and Compliance Division,F,122603,0,0,23
POL,Department of Police,POL 47 PSB 3rd District Patrol,M,112778,28622.7,0,P4
POL,Department of Police,POL 47 MSB Public Information Office,F,98275,19124.81,0,P4
POL,Department of Police,POL 47 PSB 6th District Patrol,M,101718,35843.13,0,P4
POL,Department of Police,POL 47 PSB 2nd District Patrol,M,101718,629.99,0,P4
SHF,Sheriff's Office,SHF 48 Court and Transport,M,95975,31358.92,0,G4
POL,Department of Police,POL 47 CRB Community Engagement Division Crisis Response & Support Section,F,101718,7920.71,0,P4
TBS,Department of Technology and Enterprise Business Solutions,TBS 34 OBP Voice Services,M,153585,0,0,N28
SHF,Sheriff's Office,SHF 48 Civil Process,M,90050,2594.3,0,G4
POL,Department of Police,POL 47 PSB 3rd District Community Action Team,M,94951,33929.14,0,P4
POL,Department of Police,POL 47 MSB Information Mgmt and Tech Division Warrant Control Section,M,74487.83,1719.95,0,16
POL,Department of Police,POL 47 PSB 5th District Patrol,F,101718,5097.24,0,P4
TBS,Department of Technology and Enterprise Business Solutions,TBS 34 CIO Vendor and Contract Management,F,122603,0,0,23
FRS,Fire and Rescue Services,FRS 45 Technology Services,M,122603,486.31,0,23
DEP,Department of Environmental Protection,DEP 80 Monitoring and Planning,F,110466.64,0,0,23
POL,Department of Police,POL 47 FSB Traffic Division Central Traffic Enforcement,M,120811,19533.78,0,P4
POL,Department of Police,POL 47 PSB 2nd District Patrol,M,101718,12710.11,0,P4
POL,Department of Police,POL 47 PSB 6th District Community Action Team,M,101718,18599.86,0,P4
HHS,Department of Health and Human Services,HHS 60 Office of Eligibility and Support Services,F,124464,0,0,N24
HHS,Department of Health and Human Services,HHS 60 Aging & Disability Services Division,F,112166,0,0,21
HHS,Department of Health and Human Services,HHS 60 Behavioral Health and Crisis Services Division,F,64099,4040.11,0,24
LIB,Department of Public Libraries,LIB 71 Quince Orchard Library,F,43387.56,0,0,13
HHS,Department of Health and Human Services,HHS 60 Child Welfare Services,F,116096.24,24664.94,0,24
POL,Department of Police,POL 47 MSB Information Mgmt and Tech Division Warrant Control Section,F,74487.83,14042.95,0,16
HHS,Department of Health and Human Services,HHS 60 Child Welfare Services,F,116096.24,0,0,24
POL,Department of Police,POL 47 PSB 4th District Patrol,M,72511,1666.68,0,P2
HHS,Department of Health and Human Services,HHS 60 Chief Operating Officer Division,F,101383.12,0,0,21
HHS,Department of Health and Human Services,HHS 60 Child Welfare Services,M,116096.24,560.14,0,24
HHS,Department of Health and Human Services,HHS 60 Behavioral Health and Crisis Services Division,F,85049.39,0,0,20
ABS,Alcohol Beverage Services,ABS 85 Liquor and Wine Loading,M,64392.83,2168.85,0,12
LIB,Department of Public Libraries,LIB 71 Germantown Library,F,100936.05,0,0,24
HHS,Department of Health and Human Services,HHS 60 Chief Operating Officer Division,M,140274,0,0,26
HHS,Department of Health and Human Services,HHS 60 School Health Services,F,65918.08,0,0,16
HHS,Department of Health and Human Services,HHS 60 School Health Services,F,129595.63,0,0,N25
HHS,Department of Health and Human Services,HHS 60 School Health Services,F,65918.87,0,0,16
HHS,Department of Health and Human Services,HHS 60 School Health Services,F,65918.87,78.74,0,16
DOT,Department of Transportation,DOT 50 Parking Management Parking Operations,M,167737.86,0,0,M3
OAS,Office of Animal Services,OAS 38 Animal Services Division,M,102580.57,3406.02,0,20
POL,Department of Police,POL 47 MSB Communications Division,M,93645.16,24141.6,0,21
POL,Department of Police,POL 47 FSB Traffic Division School Safety Section,F,30033.21,0,0,10
ZAH,Office of Zoning and Administrative Hearings,ZAH 05 Zoning and Administrative Hearings,F,111939.3,0,0,N21
POL,Department of Police,POL 47 MSB Communications Division,F,93645.16,12421.86,0,21
POL,Department of Police,POL 47 FSB Traffic Division School Safety Section,F,30033.21,0,0,10
POL,Department of Police,POL 47 MSB Communications Division,M,102882.28,11220.13,0,N23
POL,Department of Police,POL 47 FSB Traffic Division School Safety Section,F,30033.21,0,0,10
LIB,Department of Public Libraries,LIB 71 Long Branch Library,F,121410.04,0,0,24
HHS,Department of Health and Human Services,HHS 60 Behavioral Health and Crisis Services Division,F,92777.86,0,0,23
POL,Department of Police,POL 47 FSB Traffic Division School Safety Section,F,30033.21,0,0,10
DOT,Department of Transportation,DOT 50 Director Transportation Policy,M,174641.65,0,0,M3
HHS,Department of Health and Human Services,HHS 60 Child Welfare Services,F,91760.05,0,0,21
DPS,Department of Permitting Services,DPS 75 Customer Support,M,94134,0,0,17
HCA,Department of Housing and Community Affairs,HCA 76 Licensing,M,112166,0,0,21
HCA,Department of Housing and Community Affairs,HCA 76 Housing Code Enforcement,M,107973.91,0,0,21
HHS,Department of Health and Human Services,HHS 60 Chief Operating Officer Division,F,134086,0,0,N25
HHS,Department of Health and Human Services,HHS 60 Child Welfare Services,F,79296,0,0,13
SHF,Sheriff's Office,SHF 48 Civil Process,M,71205.16,2544.33,0,N17
DGS,Department of General Services,DGS 36 Facilities Maintenance,M,86352,20069.09,0,15
HHS,Department of Health and Human Services,HHS 60 Public Health Services Division,F,79296,57.19,0,13
DPS,Department of Permitting Services,DPS 75 Director's Office,F,153585,0,0,N28
COR,Correction and Rehabilitation,COR 42 PRRS Assessment and Quality Services,F,70653.29,0,0,13
ABS,Alcohol Beverage Services,ABS 85 Beer Loading,M,60948.67,13755.39,0,12
ABS,Alcohol Beverage Services,ABS 85 Beer Loading,M,107323,21353.1,0,N20
ABS,Alcohol Beverage Services,ABS 85 Beer Loading,M,56841.89,14651.37,0,12
COR,Correction and Rehabilitation,COR 42 MBHS Medical and Behavioral Health Services,F,118406.39,42453.81,0,24
HHS,Department of Health and Human Services,HHS 60 Behavioral Health and Crisis Services Division,F,134086,0,0,25
HHS,Department of Health and Human Services,HHS 60 Aging & Disability Services Division,F,87756.83,1127.97,0,20
LIB,Department of Public Libraries,LIB 71 Connie Morella Library,M,122968.39,0,0,24
CEX,Offices of the County Executive,CEX 15 Chief Administrative Officer's Office,F,27554.25,0,0,N5
COR,Correction and Rehabilitation,COR 42 DS MCCF Unit 3 Security,F,90369,16085.63,0,C5
SHF,Sheriff's Office,SHF 48 Court and Transport,F,92960,625.51,0,G4
DOT,Department of Transportation,DOT 50 Highway Services,M,70739.94,13859.23,0,15
DOT,Department of Transportation,DOT 50 Transportation Property Acquisition Section,M,61541.5,0,0,18
COR,Correction and Rehabilitation,COR 42 DS MCCF Unit 1 Security,M,99138,25454.54,0,C6
HHS,Department of Health and Human Services,HHS 60 Child Welfare Services,F,128198,0,0,24
ABS,Alcohol Beverage Services,ABS 85 Beer Loading,M,64392.83,14976.79,0,12
CUS,Community Use of Public Facilities,CUS 70 Finance and Administrative Support Team,M,132232.49,0,0,N26
HHS,Department of Health and Human Services,HHS 60 Aging & Disability Services Division,F,128198,0,0,24
ABS,Alcohol Beverage Services,ABS 85 Beer Loading,M,64392.83,4021.37,0,12
DOT,Department of Transportation,DOT 50 Transit Services,F,87280.91,0,0,16
DGS,Department of General Services,DGS 36 Fleet Management Fleet Services,M,102711,719.13,0,19
HHS,Department of Health and Human Services,HHS 60 Behavioral Health and Crisis Services Division,F,121036.83,0,0,24
HHS,Department of Health and Human Services,HHS 60 Aging & Disability Services Division,F,122603,0,0,23
ABS,Alcohol Beverage Services,ABS 85 Wholesale Operations,M,112166,0,0,21
DGS,Department of General Services,DGS 36 Facilities Maintenance,M,94134,38179.76,0,17
ABS,Alcohol Beverage Services,ABS 85 Beer Loading,M,61209.33,5880.69,0,12
FRS,Fire and Rescue Services,FRS 45 Station 34,M,90165,15357.14,0,F3
FRS,Fire and Rescue Services,FRS 45 Station 22,M,90165,0,0,F3
FRS,Fire and Rescue Services,FRS 45 Station 13,M,85873,719.97,0,F2
FRS,Fire and Rescue Services,FRS 45 Station 21,M,99181,6508.06,0,F4
FRS,Fire and Rescue Services,FRS 45 Station 24,M,90165,8794.45,0,F3
FRS,Fire and Rescue Services,FRS 45 Station 32,F,85873,349.37,0,F2
FRS,Fire and Rescue Services,FRS 45 Station 8,M,90165,20240.32,0,F3
FRS,Fire and Rescue Services,FRS 45 Station 7,M,85873,34612.85,0,F2
FRS,Fire and Rescue Services,FRS 45 Second Battalion - Administration,M,109109,29314.64,0,B1
FRS,Fire and Rescue Services,FRS 45 Station 29,M,90165,62527.68,0,F3
FRS,Fire and Rescue Services,FRS 45 Station 17,M,90165,1800.22,0,F3
FRS,Fire and Rescue Services,FRS 45 Station 7,M,90165,5016.43,0,F3
FRS,Fire and Rescue Services,FRS 45 Station 33,M,90165,8691.77,0,F3
FRS,Fire and Rescue Services,FRS 45 Station 32,M,90165,1271.14,0,F3
FRS,Fire and Rescue Services,FRS 45 Station 10,F,90165,1753.03,0,F3
FRS,Fire and Rescue Services,FRS 45 Station 30,M,85873,23698.04,0,F2
FRS,Fire and Rescue Services,FRS 45 Station 32,M,99181,15985.63,0,F4
FRS,Fire and Rescue Services,FRS 45 Station 28,F,90165,365.61,0,F3
FRS,Fire and Rescue Services,FRS 45 Station 8,M,90165,26463.94,0,F3
FRS,Fire and Rescue Services,FRS 45 Station 4,M,90165,608.48,0,F3
FRS,Fire and Rescue Services,FRS 45 Station 25,M,90165,10928.49,0,F3
FRS,Fire and Rescue Services,FRS 45 Station 16,M,90165,16445.26,0,F3
ABS,Alcohol Beverage Services,ABS 85 Beer Loading,M,63081.88,5904.16,0,12
ABS,Alcohol Beverage Services,ABS 85 Liquor and Wine Loading,M,65851.36,2476.63,0,13
LIB,Department of Public Libraries,LIB 71 Quince Orchard Library,F,76014.95,0,0,21
HHS,Department of Health and Human Services,HHS 60 Aging & Disability Services Division,F,109181.52,0,0,21
ABS,Alcohol Beverage Services,ABS 85 Hampden Lane,F,74072.03,2298.87,0,14
PIO,Office of Public Information,PIO 23 Director's Office,F,98322,0,0,N18
HHS,Department of Health and Human Services,HHS 60 Child Welfare Services,F,140274,0,0,N26
ABS,Alcohol Beverage Services,ABS 85 Beer Loading,M,56841.89,6596.55,0,12
REC,Department of Recreation,REC 72 Facilities Division,M,77352.82,0,0,21
DOT,Department of Transportation,DOT 50 Transit Gaithersburg Ride On,M,89087.79,21605.69,0,T1
DOT,Department of Transportation,DOT 50 Transit Silver Spring Ride On,M,83167.37,1243.39,0,T1
DOT,Department of Transportation,DOT 50 Transit Gaithersburg Ride On,F,89087.79,14288.46,0,T1
DOT,Department of Transportation,DOT 50 Transit Fare Media,F,96902.81,0,0,18
DOT,Department of Transportation,DOT 50 Transit Silver Spring Ride On,F,89087.79,9266.01,0,T1
DOT,Department of Transportation,DOT 50 Transit Silver Spring Ride On,M,89087.79,952.97,0,T1
POL,Department of Police,POL 47 MSB Communications Division,M,85200.17,7046.03,0,19
POL,Department of Police,POL 47 MSB Communications Division,M,109683.39,61344.98,0,21
OHR,Office of Human Resources,OHR 33 Recruitment and Selection,F,120090.09,0,0,N25
HHS,Department of Health and Human Services,HHS 60 Public Health Services Division,M,100773.19,0,0,24
DOT,Department of Transportation,DOT 50 Highway Administration,M,114088.71,154.36,0,N25
DOT,Department of Transportation,DOT 50 Transit Silver Spring Ride On,M,89087.79,15174.51,0,T1
HHS,Department of Health and Human Services,HHS 60 Services to End and Prevent Homelessness Division,F,128481.49,8039.73,0,N25
HHS,Department of Health and Human Services,HHS 60 Children Youth and Family Services Division,F,109394.79,0,0,21
HHS,Department of Health and Human Services,HHS 60 Services to End and Prevent Homelessness Division,F,127441.92,3832.43,0,24
CAT,County Attorney's Office,CAT 30 Support Services,F,90149,189.36,0,N16
DOT,Department of Transportation,DOT 50 Transit Gaithersburg Ride On,M,89087.79,13529.14,0,T1
DOT,Department of Transportation,DOT 50 Transportation Planning and Design Section,M,95239.76,0,0,N19
HHS,Department of Health and Human Services,HHS 60 Child Welfare Services,F,112391.33,1458.96,0,23
OCP,Office of Consumer Protection,OCP 39 Investigations,M,134086,0,0,25
HHS,Department of Health and Human Services,HHS 60 Public Health Services Division,F,123789.6,2560.54,0,24
ABS,Alcohol Beverage Services,ABS 85 Montrose,M,30311.42,583.6,0,12
DGS,Department of General Services,DGS 36 Central Duplicating,M,72898,816.67,0,11
DGS,Department of General Services,DGS 36 Central Duplicating,M,72898,0,0,11
OAS,Office of Animal Services,OAS 38 Animal Services Division,F,168293.22,0,0,M3
POL,Department of Police,POL 47 FSB Traffic Division School Safety Section,F,30033.21,0,0,10
DGS,Department of General Services,DGS 36 Central Duplicating,M,72898,204.17,0,11
ABS,Alcohol Beverage Services,ABS 85 Administrative Services,F,90149,30.6,0,16
HHS,Department of Health and Human Services,HHS 60 Behavioral Health and Crisis Services Division,F,158770.17,0,0,M2
HHS,Department of Health and Human Services,HHS 60 Behavioral Health and Crisis Services Division,M,128198,0,0,24
DGS,Department of General Services,DGS 36 Facilities Maintenance,M,92825.73,13112,0,19
OIG,Office of the Inspector General,OIG 06 Director,F,248980.7,0,0,IG1
CAT,County Attorney's Office,CAT 30 Finance and Procurement,F,181336,0,0,N32
COR,Correction and Rehabilitation,COR 42 PRRS Facility and Security,F,90611.05,4870.86,0,18
HHS,Department of Health and Human Services,HHS 60 Public Health Services Division,M,104080.45,1200.45,0,24
COR,Correction and Rehabilitation,COR 42 DS MCDC Custody and Security,M,99138,61155.47,0,C6
CAT,County Attorney's Office,CAT 30 Finance and Procurement,F,181336,0,0,N32
CEC,Community Engagement Cluster,CEC 16 Silver Spring Urban District,M,58046.45,2737.76,0,9
HHS,Department of Health and Human Services,HHS 60 School Health Services,F,108283.4,0,0,24
HHS,Department of Health and Human Services,HHS 60 School Health Services,F,65918.86,0,0,16
HHS,Department of Health and Human Services,HHS 60 School Health Services,F,65918.86,0,0,16
FRS,Fire and Rescue Services,FRS 45 Fire and Explosive Investigations,M,90165,20225.82,0,F3
FRS,Fire and Rescue Services,FRS 45 Community Risk Reduction,M,134086,0,0,N25
CCL,County Council,CCL 01 Council Central Staff,M,181336,0,0,N32
HCA,Department of Housing and Community Affairs,HCA 76 Housing Code Enforcement,M,101105.45,214.23,0,21
HHS,Department of Health and Human Services,HHS 60 Children Youth and Family Services Division,F,128198,0,0,24
DGS,Department of General Services,DGS 36 Building Design and Construction,M,134086,0,0,25
DOT,Department of Transportation,DOT 50 Transit Silver Spring Ride On,M,89087.79,10671.83,0,T1
DOT,Department of Transportation,DOT 50 Transit Gaithersburg Ride On,M,89087.79,11626.29,0,T1
ABS,Alcohol Beverage Services,ABS 85 Stock Liquor and Wine Warehouse Operations,M,58666.77,5196.84,0,12
FRS,Fire and Rescue Services,FRS 45 Station 20,M,90165,51665.36,0,F3
FRS,Fire and Rescue Services,FRS 45 Station 11,M,90165,747.87,0,F3
FRS,Fire and Rescue Services,FRS 45 Field Operations Administration,M,99181,24695.3,0,F4
FRS,Fire and Rescue Services,FRS 45 Station 15,M,90165,39625.71,0,F3
FRS,Fire and Rescue Services,FRS 45 Station 24,M,90165,19747.83,0,F3
FRS,Fire and Rescue Services,FRS 45 Station 28,M,90165,35121.88,0,F3
FRS,Fire and Rescue Services,FRS 45 Station 19,M,90165,35468.46,0,F3
FRS,Fire and Rescue Services,FRS 45 Station 8,M,90165,46645.5,0,F3
FRS,Fire and Rescue Services,FRS 45 Station 2,M,87116,0,0,F3
FRS,Fire and Rescue Services,FRS 45 Station 12,M,90165,3687.55,0,F3
FRS,Fire and Rescue Services,FRS 45 Station 40,M,90165,6208.82,0,F3
FRS,Fire and Rescue Services,FRS 45 Station 15,M,90165,12450.52,0,F3
FRS,Fire and Rescue Services,FRS 45 Station 7,M,90165,49776.66,0,F3
FRS,Fire and Rescue Services,FRS 45 Station 34,M,90165,7189.79,0,F3
FRS,Fire and Rescue Services,FRS 45 Station 23,M,90165,14968.33,0,F3
FRS,Fire and Rescue Services,FRS 45 Station 23,M,99181,36427.98,0,F4
FRS,Fire and Rescue Services,FRS 45 Station 17,M,90165,38903.61,0,F3
FRS,Fire and Rescue Services,FRS 45 Station 22,M,90165,9387.91,0,F3
FRS,Fire and Rescue Services,FRS 45 Station 17,M,90165,2015.84,0,F3
FRS,Fire and Rescue Services,FRS 45 Station 22,M,90165,25125.74,0,F3
FRS,Fire and Rescue Services,FRS 45 Station 3,M,90165,1878.34,0,F3
FRS,Fire and Rescue Services,FRS 45 Station 30,M,90165,1798.96,0,F3
FRS,Fire and Rescue Services,FRS 45 Station 12,M,90165,44387.5,0,F3
FRS,Fire and Rescue Services,FRS 45 Station 40,M,90165,23009.38,0,F3
FRS,Fire and Rescue Services,FRS 45 Station 1,M,90165,42890.46,0,F3
FRS,Fire and Rescue Services,FRS 45 Station 3,M,90165,5654.75,0,F3
ABS,Alcohol Beverage Services,ABS 85 Leisure World,M,69158.97,32.43,0,14
CCL,County Council,CCL 01 Council Members and Staff,M,97415.55,0,0,N22
ABS,Alcohol Beverage Services,ABS 85 Kensington,M,70062.9,273.09,0,14
DOT,Department of Transportation,DOT 50 Traffic Engineering Design and Operations,F,85039.87,6902.48,0,18
OHR,Office of Human Resources,OHR 33 Health and Employee Welfare,F,122603,0,0,N23
REC,Department of Recreation,REC 72 Youth Development Youth Services,F,108306.47,0,0,21
LIB,Department of Public Libraries,LIB 71 Marilyn J Praisner Library,M,28661.95,0,0,13
HHS,Department of Health and Human Services,HHS 60 Behavioral Health and Crisis Services Division,F,128198,7248.02,0,24
HCA,Department of Housing and Community Affairs,HCA 76 Community Development Neighborhood Revitalization,F,120006.63,0,0,25
HHS,Department of Health and Human Services,HHS 60 Chief Operating Officer Division,M,90149,0,0,16
HHS,Department of Health and Human Services,HHS 60 Children Youth and Family Services Division,F,118507.09,0,0,24
DEP,Department of Environmental Protection,DEP 80 Design and Construction,F,146770,0,0,27
DOT,Department of Transportation,DOT 50 Transportation Planning and Design Section,F,153585,0,0,28
HRC,Office of Human Rights,HRC 46 Compliance,F,122603,0,0,23
HCA,Department of Housing and Community Affairs,HCA 76 Common Ownership Community Program,F,134086,0,0,25
HCA,Department of Housing and Community Affairs,HCA 76 Housing Code Enforcement,F,110543.02,0,0,23
DOT,Department of Transportation,DOT 50 Transit Gaithersburg Ride On,M,89087.79,14955.18,0,T1
DPS,Department of Permitting Services,DPS 75 Residential Plan Review,F,140274,0,0,26
DOT,Department of Transportation,DOT 50 Transit Silver Spring Ride On,M,89087.79,21792.68,0,T1
DOT,Department of Transportation,DOT 50 Transit Gaithersburg Ride On,M,89087.79,16260.03,0,T1
DOT,Department of Transportation,DOT 50 Transit Silver Spring Ride On,M,89087.79,23164.49,0,T1
HHS,Department of Health and Human Services,HHS 60 Aging & Disability Services Division,F,105489.4,0,0,21
POL,Department of Police,POL 47 MSB Communications Division,F,90756.68,10494.9,0,21
TBS,Department of Technology and Enterprise Business Solutions,TBS 34 OMC MC311 Call Center,M,103671,189.36,0,N23
TBS,Department of Technology and Enterprise Business Solutions,TBS 34 OBP Fibernet Operations (GF),M,200829,0,0,M2
POL,Department of Police,POL 47 FSB Traffic Division School Safety Section,F,28172.42,0,0,10
POL,Department of Police,POL 47 MSB Communications Division,M,90366.49,9000.92,0,21
POL,Department of Police,POL 47 PSB 3rd District Patrol,M,98275,3579.08,0,P4
POL,Department of Police,POL 47 PSB 3rd District Patrol,M,98275,6921.66,0,P4
POL,Department of Police,POL 47 PSB 2nd District Patrol,M,98275,6200.6,0,P4
POL,Department of Police,POL 47 PSB 6th District Community Action Team,M,98275,4811.63,0,P4
POL,Department of Police,POL 47 PSB 6th District Patrol,M,98275,871.17,0,P4
POL,Department of Police,POL 47 MSB Training and Education Division,M,98275,11306.98,0,P4
POL,Department of Police,POL 47 PSB 2nd District Patrol,M,98275,37229.31,0,P4
SHF,Sheriff's Office,SHF 48 Administration,M,92960,4072.54,0,G4
POL,Department of Police,POL 47 CRB Community Engagement Division Community Engagement Section,F,98275,19729.14,0,P4
SHF,Sheriff's Office,SHF 48 Warrant Section,M,92960,8868.11,0,G4
POL,Department of Police,POL 47 MSB Training and Education Division,M,95487,15094.19,0,P1
POL,Department of Police,POL 47 PSB 3rd District Patrol,M,98275,15169.44,0,P4
POL,Department of Police,POL 47 PSB 2nd District Patrol,M,98275,0,0,P4
POL,Department of Police,POL 47 PSB 6th District Special Assignment Team,M,108963,31063.06,0,P4
POL,Department of Police,POL 47 PSB 4th District Patrol,M,116725,64465.5,0,P4
POL,Department of Police,POL 47 MSB Information Management and Technology Division Crime Analysis Section,M,95266.2,0,0,20
POL,Department of Police,POL 47 PSB 3rd District Patrol,F,98275,921.34,0,P4
POL,Department of Police,POL 47 MSB Communications Division,M,87965.03,9976.69,0,21
POL,Department of Police,POL 47 PSB 2nd District Patrol,F,98275,6170.03,0,P4
POL,Department of Police,POL 47 PSB 4th District Community Action Team,M,98275,13758.67,0,P4
POL,Department of Police,POL 47 PSB 3rd District Patrol,M,98275,49267.1,0,P4
POL,Department of Police,POL 47 PSB 4th District Patrol,F,98275,26282.06,0,P4
POL,Department of Police,POL 47 PSB 4th District Patrol,M,101718,0,0,P4
POL,Department of Police,POL 47 PSB 2nd District Patrol,M,98275,0,0,P4
SHF,Sheriff's Office,SHF 48 Court and Transport,M,92960,4618.47,0,G4
POL,Department of Police,POL 47 FSB Special Operations Division Tactical Operations Section,M,98275,26685.33,0,P4
HHS,Department of Health and Human Services,HHS 60 Children Youth and Family Services Division,M,98322,0,0,18
HHS,Department of Health and Human Services,HHS 60 Children Youth and Family Services Division,F,42394.13,0,0,18
HHS,Department of Health and Human Services,HHS 60 Children Youth and Family Services Division,M,95604.67,0,0,18
POL,Department of Police,POL 47 FSB Traffic Division School Safety Section,F,29017.59,0,0,10
CAT,County Attorney's Office,CAT 30 Labor Relations and Public Safety,M,155074.71,0,0,N32
DGS,Department of General Services,DGS 36 Director,F,120327.45,0,0,N23
TBS,Department of Technology and Enterprise Business Solutions,TBS 34 ODT Payroll/Comp/BI,F,168264,0,0,N30
LIB,Department of Public Libraries,LIB 71 Collection Management,M,27308.47,0,0,5
HHS,Department of Health and Human Services,HHS 60 Office of Eligibility and Support Services,M,63184.74,0,0,16
CCL,County Council,CCL 01 Council Central Staff,F,149947.8,0,0,N28
POL,Department of Police,POL 47 FSB Traffic Division School Safety Section,M,29017.59,0,0,10
COR,Correction and Rehabilitation,COR 42 DS MCCF Unit 3 Security,M,66530,22136.19,0,C4
REC,Department of Recreation,REC 72 Youth Development Youth Services,M,112166,0,0,21
HHS,Department of Health and Human Services,HHS 60 Children Youth and Family Services Division,F,121037.41,0,0,N25
HHS,Department of Health and Human Services,HHS 60 Director's Office Division,M,126998.03,0,0,N25
HHS,Department of Health and Human Services,HHS 60 Chief Operating Officer Division,M,153585,0,0,N28
HHS,Department of Health and Human Services,HHS 60 Office of Eligibility and Support Services,F,83305.06,8273.41,0,20
HHS,Department of Health and Human Services,HHS 60 School Health Services,F,63689.91,0,0,16
HHS,Department of Health and Human Services,HHS 60 School Health Services,F,61767.69,0,0,16
HHS,Department of Health and Human Services,HHS 60 Behavioral Health and Crisis Services Division,F,67229.43,0,0,13
DEP,Department of Environmental Protection,DEP 80 Recycling and Resource Management Division,M,200829,0,0,M2
CEC,Community Engagement Cluster,CEC 16 Gilchrist Center,F,61301.5,0,0,N23
HHS,Department of Health and Human Services,HHS 60 Children Youth and Family Services Division,M,77989.14,0,0,18
HHS,Department of Health and Human Services,HHS 60 School Health Services,F,128198,0,0,24
CEC,Community Engagement Cluster,CEC 16 Community Partnerships,M,70083.72,0,0,N28
DOT,Department of Transportation,DOT 50 Transit Gaithersburg Ride On,M,89087.79,22639,0,T1
DOT,Department of Transportation,DOT 50 Transit Gaithersburg Ride On,M,89087.79,527.87,0,T1
HHS,Department of Health and Human Services,HHS 60 Aging & Disability Services Division,F,126439.76,0,0,24
COR,Correction and Rehabilitation,COR 42 DS MCCF Unit 1 Security,M,87547,7918.44,0,C5
OAS,Office of Animal Services,OAS 38 Animal Services Division,F,128518.82,0,0,N25
HHS,Department of Health and Human Services,HHS 60 Director's Office Division,F,90481.15,0,0,21
REC,Department of Recreation,REC 72 Senior Programs,F,105757.58,0,0,21
HHS,Department of Health and Human Services,HHS 60 Office of Eligibility and Support Services,M,99066.47,1786.11,0,22
HHS,Department of Health and Human Services,HHS 60 Office of Eligibility and Support Services,F,112386.46,1184.66,0,N24
POL,Department of Police,POL 47 PSB 6th District Patrol,M,87546.91,4838.37,0,16
BOE,Board of Elections,BOE 24 Election Judge Recruitment,F,104646.97,0,0,N21
LIB,Department of Public Libraries,LIB 71 Connie Morella Library,F,25131.64,0,0,8
LIB,Department of Public Libraries,LIB 71 Quince Orchard Library,F,61128.52,0,0,13
HHS,Department of Health and Human Services,HHS 60 Children Youth and Family Services Division,M,40228.97,0,0,18
HHS,Department of Health and Human Services,HHS 60 Office of Eligibility and Support Services,F,85516.66,0,0,20
HHS,Department of Health and Human Services,HHS 60 Office of Eligibility and Support Services,F,92303.26,0,0,20
LIB,Department of Public Libraries,LIB 71 Gaithersburg Library,F,28925.04,0,0,13
DOT,Department of Transportation,DOT 50 Transit Gaithersburg Ride On,F,89087.79,11807.64,0,T1
DOT,Department of Transportation,DOT 50 Transit Nicholson Ride On,M,82236.23,19603.32,0,T1
DOT,Department of Transportation,DOT 50 Transit Silver Spring Ride On,M,96510,7964.38,0,T2
DOT,Department of Transportation,DOT 50 Transit Gaithersburg Ride On,M,89087.79,15178.05,0,T1
DOT,Department of Transportation,DOT 50 Transit Gaithersburg Ride On,F,89087.79,4602.81,0,T1
BOE,Board of Elections,BOE 24 Absentee Voting,F,76734.59,0,0,N18
POL,Department of Police,POL 47 MSB Communications Division,F,86434.94,12784.23,0,20
POL,Department of Police,POL 47 MSB Communications Division,F,90478.43,12966.18,0,21
POL,Department of Police,POL 47 MSB Communications Division,M,90756.69,9435.66,0,21
DGS,Department of General Services,DGS 36 Fleet Management Services,M,85949.13,14821.75,0,16
HHS,Department of Health and Human Services,HHS 60 Office of Eligibility and Support Services,M,93554.34,1686.73,0,22
POL,Department of Police,POL 47 MSB Communications Division,F,75771.27,9695.22,0,17
POL,Department of Police,POL 47 MSB Information Management and Technology Division,F,157803.59,0,0,M3
HCA,Department of Housing and Community Affairs,HCA 76 Housing Code Enforcement,M,105214.64,0,0,21
COR,Correction and Rehabilitation,COR 42 MBHS Medical and Behavioral Health Services,F,116709.21,30248.8,0,24
HHS,Department of Health and Human Services,HHS 60 Office of Community Affairs Division,M,91152.48,0,0,20
SHF,Sheriff's Office,SHF 48 Sheriff Domestic Violence,F,57596,937.96,0,16
POL,Department of Police,POL 47 MSB Personnel Division Background Section,M,112166,0,0,21
DGS,Department of General Services,DGS 36 Fleet Automotive Heavy Equipment,M,113837,7422.74,0,N22
HHS,Department of Health and Human Services,HHS 60 Office of Eligibility and Support Services,F,107171.29,0,0,20
NDA,Non-Departmental Account,NDA 99 MCIB,F,190515.19,0,0,M2
DOT,Department of Transportation,DOT 50 Highway Services,M,68241.74,25140.21,0,15
DOT,Department of Transportation,DOT 50 Highway Services,M,78251.17,28769.75,0,N21
HHS,Department of Health and Human Services,HHS 60 Child Welfare Services,F,91241.89,0,0,21
ABS,Alcohol Beverage Services,ABS 85 Beer Delivery Operations,M,84332.15,9625.86,0,15
ABS,Alcohol Beverage Services,ABS 85 Beer Delivery Operations,M,86352,11518.4,0,15
HHS,Department of Health and Human Services,HHS 60 Office of Eligibility and Support Services,F,100444.33,4011.59,0,22
HHS,Department of Health and Human Services,HHS 60 Public Health Services Division,F,114382.08,0,0,23
HHS,Department of Health and Human Services,HHS 60 Children Youth and Family Services Division,M,83273.97,0,0,18
COR,Correction and Rehabilitation,COR 42 DS MCDC Central Processing Unit,F,80213,25599.32,0,C4
COR,Correction and Rehabilitation,COR 42 PRRS Facility and Security,M,85044.81,29882.29,0,20
HHS,Department of Health and Human Services,HHS 60 Aging & Disability Services Division,F,93106.86,0,0,18
HHS,Department of Health and Human Services,HHS 60 Behavioral Health and Crisis Services Division,F,134086,0,0,N25
TBS,Department of Technology and Enterprise Business Solutions,TBS 34 OMC MC311 Call Center,F,79296,1064.86,0,13
TBS,Department of Technology and Enterprise Business Solutions,TBS 34 OMC MC311 Call Center,F,71902.48,36.49,0,13
COR,Correction and Rehabilitation,COR 42 DS MCCF Unit 2 Security,M,87547,6113.43,0,C5
TBS,Department of Technology and Enterprise Business Solutions,TBS 34 OSP Enterprise Services Team,M,174642,0,0,M3
DOT,Department of Transportation,DOT 50 Highway Services,M,71350.63,20177.26,0,N18
HHS,Department of Health and Human Services,HHS 60 Office of Eligibility and Support Services,M,80175.15,0,0,21
COR,Correction and Rehabilitation,COR 42 DS MCCF Unit 2 Security,M,80213,13746.44,0,C4
DOT,Department of Transportation,DOT 50 Transit Gaithersburg Ride On,M,89087.79,29008.85,0,T1
DOT,Department of Transportation,DOT 50 Transit Gaithersburg Ride On,F,89087.79,20169.93,0,T1
DOT,Department of Transportation,DOT 50 Traffic Engineering and Operations,M,200829,0,0,M2
OHR,Office of Human Resources,OHR 33 Health and Employee Welfare,F,134086,0,0,N25
TBS,Department of Technology and Enterprise Business Solutions,TBS 34 CIO Enterprise Information Security Office,M,129330.36,0,0,26
COR,Correction and Rehabilitation,COR 42 MSD Management Services Division,F,66217.67,47.76,0,N16
FRS,Fire and Rescue Services,FRS 45 Station 17,M,84172,36027.5,0,F3
OHR,Office of Human Resources,"OHR 33 Policy, Practice and Strategic Communications",F,168264,0,0,N30
ABS,Alcohol Beverage Services,ABS 85 Beer Loading,M,60949.19,5651.56,0,12
HHS,Department of Health and Human Services,HHS 60 Office of Eligibility and Support Services,F,60975.23,1223.95,0,17
DPS,Department of Permitting Services,DPS 75 Commercial Electrical and FPS Inspections,M,122603,0,0,23
DOT,Department of Transportation,DOT 50 Director Management Services,F,79296,0,0,13
HHS,Department of Health and Human Services,HHS 60 Aging & Disability Services Division,F,128198,0,0,24
COR,Correction and Rehabilitation,COR 42 DS MCCF Unit 2 Security,M,90369,66666.32,0,C5
FRS,Fire and Rescue Services,FRS 45 Station 13,M,78571,9306.02,0,F3
FRS,Fire and Rescue Services,FRS 45 Station 8,M,84172,43563.05,0,F3
FRS,Fire and Rescue Services,FRS 45 Station 8,M,72301,5605.35,0,F2
FRS,Fire and Rescue Services,FRS 45 Station 1,M,80163,1566.36,0,F2
FRS,Fire and Rescue Services,FRS 45 Station 15,M,78571,51222.86,0,F3
FRS,Fire and Rescue Services,FRS 45 Station 21,F,84172,41357.01,0,F3
ABS,Alcohol Beverage Services,ABS 85 Beer Delivery Operations,M,58571.56,5535.93,0,10
OAS,Office of Animal Services,OAS 38 Animal Services Division,M,75771.53,490.56,0,16
HHS,Department of Health and Human Services,HHS 60 Services to End and Prevent Homelessness Division,M,82433.44,0,0,20
HHS,Department of Health and Human Services,HHS 60 Aging & Disability Services Division,M,127385.19,3258.52,0,N26
DOT,Department of Transportation,DOT 50 Highway Services,F,71618.22,16569.35,0,N17
CEC,Community Engagement Cluster,CEC 16 Wheaton Urban District,M,67793.09,4803.54,0,10
NDA,Non-Departmental Account,NDA 99 MCIB,M,107351.06,0,0,N21
DOT,Department of Transportation,DOT 50 Traffic Engineering and Operations Management Services,M,140274,0,0,26
DOT,Department of Transportation,DOT 50 Transit Gaithersburg Ride On,M,89087.79,14224.64,0,T1
HHS,Department of Health and Human Services,HHS 60 Social Services,F,134086,0,0,N25
POL,Department of Police,POL 47 PSB 2nd District Patrol,F,81778.97,13028.15,0,16
POL,Department of Police,POL 47 PSB 5th District Patrol,M,116725,5651.8,0,P4
POL,Department of Police,POL 47 PSB 4th District Community Action Team,M,94951,18673.11,0,P4
POL,Department of Police,POL 47 PSB 1st District Patrol,M,98275,97.97,0,P4
COR,Correction and Rehabilitation,COR 42 MSD Fiscal Services,M,134086,0,0,N25
DEP,Department of Environmental Protection,DEP 80 Recycling and Refuse Services,M,112166,14244.22,0,21
POL,Department of Police,POL 47 PSB 5th District Patrol,F,98275,5966.52,0,P4
DOT,Department of Transportation,DOT 50 Transit Gaithersburg Ride On,F,89087.79,3665.43,0,T1
HHS,Department of Health and Human Services,HHS 60 Office of Eligibility and Support Services,F,92179.57,8496.81,0,22
FRS,Fire and Rescue Services,FRS 45 Internal Affairs,M,134086,0,0,N25
DOT,Department of Transportation,DOT 50 Transit Gaithersburg Ride On,M,89087.79,39815.96,0,T1
DOT,Department of Transportation,DOT 50 Transit Gaithersburg Ride On,M,89087.79,17433.24,0,T1
REC,Department of Recreation,REC 72 Facilities Division,M,72577.99,0,0,18
DOT,Department of Transportation,DOT 50 Transit Gaithersburg Ride On,M,89087.79,18301.3,0,T1
DOT,Department of Transportation,DOT 50 Transit Gaithersburg Ride On,F,89087.79,8858.51,0,T1
DOT,Department of Transportation,DOT 50 Transit Gaithersburg Ride On,M,89087.79,6432.5,0,T1
DOT,Department of Transportation,DOT 50 Transit Gaithersburg Ride On,F,89087.79,19088.65,0,T1
DOT,Department of Transportation,DOT 50 Transit Gaithersburg Ride On,M,89087.79,8723.86,0,T1
CAT,County Attorney's Office,CAT 30 Insurance Defense Litigation,F,181336,0,0,N32
HHS,Department of Health and Human Services,HHS 60 Children Youth and Family Services Division,F,90048.15,0,0,16
DGS,Department of General Services,DGS 36 Fleet Automotive Heavy Equipment,M,102711,13010.74,0,19
HHS,Department of Health and Human Services,HHS 60 Child Welfare Services,F,128013.63,0,0,N26
REC,Department of Recreation,REC 72 Facilities Division,M,69724.2,670.26,0,18
HHS,Department of Health and Human Services,HHS 60 Director's Office Division,M,170624.31,0,0,M3
FRS,Fire and Rescue Services,FRS 45 Community Risk Reduction,M,122603,0,0,N23
POL,Department of Police,POL 47 MSB Information Management and Technology Division Data Systems Section,M,69210.07,402.62,0,14
HCA,Department of Housing and Community Affairs,HCA 76 Rent Stabilization,F,95087.07,0,0,21
ORE,Office of Racial Equity and Social Justice,ORE 25 Director's Office,F,123510.75,0,0,N25
DOT,Department of Transportation,DOT 50 Transportation Construction Section,M,118625.64,9256.24,0,23
FIN,Department of Finance,FIN 32 Tax Operations,F,133803.66,0,0,N25
HHS,Department of Health and Human Services,HHS 60 Chief Operating Officer Division,F,90268.81,0,0,18
SHF,Sheriff's Office,SHF 48 Civil Process,F,64731.96,0,0,13
DGS,Department of General Services,DGS 36 Facilities Maintenance,M,85246.58,13455.29,0,15
COR,Correction and Rehabilitation,COR 42 DS MCCF Educational Services,F,115901.75,922.94,0,25
HHS,Department of Health and Human Services,HHS 60 School Health Services,F,63928.96,0,0,16
HHS,Department of Health and Human Services,HHS 60 School Health Services,F,118896.76,0,0,24
HHS,Department of Health and Human Services,HHS 60 Office of Eligibility and Support Services,F,69499.65,3600.79,0,17
HHS,Department of Health and Human Services,HHS 60 School Health Services,F,63943.34,0,0,16
HHS,Department of Health and Human Services,HHS 60 School Health Services,F,56314.18,0,0,16
HHS,Department of Health and Human Services,HHS 60 School Health Services,F,63915.49,0,0,16
POL,Department of Police,POL 47 FSB Traffic Division Alcohol Initiatives Section,M,98275,60883.63,0,P4
POL,Department of Police,POL 47 PSB 6th District Patrol,F,98275,0,0,P4
POL,Department of Police,POL 47 PSB 5th District Patrol,M,105277,13407.42,0,P4
SHF,Sheriff's Office,SHF 48 Sheriff Domestic Violence,M,101568,17736.58,0,D1
SHF,Sheriff's Office,SHF 48 Court and Transport,M,92960,13314.06,0,G4
LIB,Department of Public Libraries,LIB 71 Maggie Nightingale Library,F,38205.34,0,0,13
SHF,Sheriff's Office,SHF 48 Court and Transport,M,92960,14611.86,0,G4
POL,Department of Police,POL 47 PSB 3rd District Patrol,M,98275,8148.69,0,P4
SHF,Sheriff's Office,SHF 48 Warrant Section,M,90050,13901.43,0,G4
POL,Department of Police,POL 47 PSB 4th District Patrol,M,93594,8679.23,0,P3
SHF,Sheriff's Office,SHF 48 Court and Transport,M,92960,24533.78,0,G4
OMB,Office of Management and Budget,OMB 31 Office of Management and Budget,M,192553.35,0,0,M2
HHS,Department of Health and Human Services,HHS 60 Services to End and Prevent Homelessness Division,F,91502.04,0,0,20
POL,Department of Police,POL 47 PSB 1st District Patrol,M,108963,6679.42,0,P4
POL,Department of Police,POL 47 PSB 5th District Community Action Team,M,98275,21918.03,0,P4
POL,Department of Police,POL 47 PSB 4th District Patrol,M,98275,8379.33,0,P4
POL,Department of Police,POL 47 PSB 4th District Community Operations,F,98275,6662.62,0,P4
POL,Department of Police,POL 47 CRB Community Engagement Division Crisis Response & Support Section,M,98275,12394.93,0,P4
DPS,Department of Permitting Services,DPS 75 Customer Support,F,87665.39,0,0,17
POL,Department of Police,POL 47 FSB Traffic Division School Safety Section,F,29147.66,0,0,10
HHS,Department of Health and Human Services,HHS 60 Office of Community Affairs Division,F,95458,0,0,18
POL,Department of Police,POL 47 FSB Traffic Division School Safety Section,F,29147.66,0,0,10
HHS,Department of Health and Human Services,HHS 60 Services to End and Prevent Homelessness Division,F,84498.92,0,0,20
LIB,Department of Public Libraries,LIB 71 Brigadier General Charles E. McGee Library,F,85977.7,0,0,21
DOT,Department of Transportation,DOT 50 Transit Silver Spring Ride On,M,89088,8375.44,0,T1
DOT,Department of Transportation,DOT 50 Transit Gaithersburg Ride On,M,89087.79,15561.14,0,T1
DOT,Department of Transportation,DOT 50 Transit Gaithersburg Ride On,M,89087.79,27957.14,0,T1
DOT,Department of Transportation,DOT 50 Transit Gaithersburg Ride On,M,83167.37,0,0,T1
DOT,Department of Transportation,DOT 50 Transit Silver Spring Ride On,M,89087.79,14897.97,0,T1
DOT,Department of Transportation,DOT 50 Transit Silver Spring Ride On,M,89087.79,27171.57,0,T1
DOT,Department of Transportation,DOT 50 Transit Gaithersburg Ride On,M,89087.79,5191.39,0,T1
DOT,Department of Transportation,DOT 50 Transit Gaithersburg Ride On,F,89087.79,15541.18,0,T1
DOT,Department of Transportation,DOT 50 Transit Nicholson Ride On,M,106160.97,2588.45,0,N21
OAG,Office of Agriculture,OAG 78 Agricultural Services,M,142133.75,0,0,M2
HHS,Department of Health and Human Services,HHS 60 Child Welfare Services,F,128198,0,0,24
CAT,County Attorney's Office,CAT 30 Health and Human Services,F,122603,0,0,N23
POL,Department of Police,POL 47 MSB Communications Division,M,100148.18,16834.95,0,N23
POL,Department of Police,POL 47 MSB Communications Division,M,82579.44,25133.33,0,19
DPS,Department of Permitting Services,DPS 75 Zoning and Site Plan Compliance,M,122603,0,0,23
DOT,Department of Transportation,DOT 50 Highway Services,M,55517,4244.05,0,15
POL,Department of Police,POL 47 MSB Communications Division,M,82579.44,9858.93,0,19
LIB,Department of Public Libraries,LIB 71 Germantown Library,F,26872.84,0,0,13
HHS,Department of Health and Human Services,HHS 60 Child Welfare Services,F,112056.84,2800.45,0,23
COR,Correction and Rehabilitation,COR 42 PTS Pre-Trial Services,F,68534.85,0,0,16
DGS,Department of General Services,DGS 36 Central Duplicating,M,56344.15,0,0,9
HHS,Department of Health and Human Services,HHS 60 Behavioral Health and Crisis Services Division,M,170868.99,0,0,M3
POL,Department of Police,POL 47 PSB 4th District Patrol,M,88637,8290.83,0,P4
POL,Department of Police,POL 47 FSB Traffic Division School Safety Section,M,29147.66,0,0,10
POL,Department of Police,POL 47 FSB Traffic Division School Safety Section,F,28161.98,0,0,10
POL,Department of Police,POL 47 FSB Traffic Division School Safety Section,F,29147.66,0,0,10
CCL,County Council,CCL 01 Council Central Staff,F,124210.79,0,0,N28
LIB,Department of Public Libraries,LIB 71 Digital Strategies,M,130050.39,0,0,N26
COR,Correction and Rehabilitation,COR 42 DS MCDC Custody and Security,M,87547,3798.86,0,C5
TBS,Department of Technology and Enterprise Business Solutions,TBS 34 OBP Fibernet Operations (GF),M,223879.77,0,0,M1
POL,Department of Police,POL 47 CRB Community Engagement Division Community Engagement Section,F,98275,1436.83,0,P4
OHR,Office of Human Resources,OHR 33 Professional Learning and Org Development,F,107658.64,0,0,N22
ABS,Alcohol Beverage Services,ABS 85 Beer Delivery Operations,M,83963.44,4567.04,0,15
COR,Correction and Rehabilitation,COR 42 DS MCDC Custody and Security,M,87547,90784.91,0,C5
DOT,Department of Transportation,DOT 50 Highway Services,M,65731.82,0,0,15
DOT,Department of Transportation,DOT 50 Highway Services,F,72166.81,26472.51,0,N18
DOT,Department of Transportation,DOT 50 Highway Services,M,71618.22,43038.96,0,N18
HHS,Department of Health and Human Services,HHS 60 Child Welfare Services,F,122865.43,6720.3,0,24
DOT,Department of Transportation,DOT 50 Transit COS Passenger Facilities,M,134086,0,0,N25
FRS,Fire and Rescue Services,FRS 45 Station 18,M,87116,9150.07,0,F3
FRS,Fire and Rescue Services,FRS 45 Station 1,M,87116,3119.95,0,F3
FRS,Fire and Rescue Services,FRS 45 Station 33,M,82968,851.54,0,F2
FRS,Fire and Rescue Services,FRS 45 Station 28,M,87116,15754.17,0,F3
FRS,Fire and Rescue Services,FRS 45 Station 32,M,82968,3318.33,0,F2
FRS,Fire and Rescue Services,FRS 45 Station 8,F,87116,442.54,0,F3
DGS,Department of General Services,DGS 36 Facilities Maintenance,M,83500,301.1,0,18
FRS,Fire and Rescue Services,FRS 45 Station 10,M,87116,32504.88,0,F3
FRS,Fire and Rescue Services,FRS 45 Station 2,M,87116,56441.51,0,F3
FRS,Fire and Rescue Services,FRS 45 Station 25,M,87116,51789.05,0,F3
FRS,Fire and Rescue Services,FRS 45 Station 8,M,87116,38931.29,0,F3
FRS,Fire and Rescue Services,FRS 45 Station 8,M,87116,58955.15,0,F3
FRS,Fire and Rescue Services,FRS 45 Station 23,M,82968,17484.77,0,F2
FRS,Fire and Rescue Services,FRS 45 Field Operations Administration,F,95825,49736.09,0,F4
FRS,Fire and Rescue Services,FRS 45 Station 33,M,82968,7825.47,0,F2
FRS,Fire and Rescue Services,FRS 45 Station 13,M,82968,1495.77,0,F2
FRS,Fire and Rescue Services,FRS 45 Station 12,M,95825,18405.82,0,F4
OHR,Office of Human Resources,OHR 33 Classification and Compensation Team,F,134086,0,0,N25
DEP,Department of Environmental Protection,DEP 80 Recycling and Refuse Services,M,112166,15086.64,0,21
DOT,Department of Transportation,DOT 50 Transit Gaithersburg Ride On,M,89087.79,5510.82,0,T1
DOT,Department of Transportation,DOT 50 Transit Silver Spring Ride On,M,89087.79,20126.13,0,T1
DOT,Department of Transportation,DOT 50 Transit Silver Spring Ride On,M,89087.79,5905.91,0,T1
DOT,Department of Transportation,DOT 50 Transit Silver Spring Ride On,M,89087.79,18574.82,0,T1
DOT,Department of Transportation,DOT 50 Transit Silver Spring Ride On,M,89087.79,49553.81,0,T1
DOT,Department of Transportation,DOT 50 Transit Gaithersburg Ride On,M,96509.97,2662.91,0,T2
DOT,Department of Transportation,DOT 50 Transit Gaithersburg Ride On,M,89087.79,17449.99,0,T1
DOT,Department of Transportation,DOT 50 Transit Gaithersburg Ride On,M,99365.13,3503.39,0,T2
DOT,Department of Transportation,DOT 50 Transit Gaithersburg Ride On,M,89087.79,498.85,0,T1
DOT,Department of Transportation,DOT 50 Transit Gaithersburg Ride On,F,99365.13,5012.14,0,T2
DPS,Department of Permitting Services,DPS 75 Fire Code Compliance,M,122603,6904.06,0,23
DGS,Department of General Services,DGS 36 Facilities Maintenance,M,86352,12223.5,0,15
PRO,Office of Procurement,PRO 35 Procurement Services Section,F,116566.04,0,0,N25
DGS,Department of General Services,DGS 36 Fleet Management Services,M,90149,35265.73,0,16
HHS,Department of Health and Human Services,HHS 60 Behavioral Health and Crisis Services Division,F,124953.18,0,0,24
REC,Department of Recreation,REC 72 Countywide Programs,M,93652.69,0,0,21
REC,Department of Recreation,REC 72 Facilities Division,F,90400.86,0,0,21
LIB,Department of Public Libraries,LIB 71 Germantown Library,M,36512.75,0,0,21
LIB,Department of Public Libraries,LIB 71 Noyes Library,F,52515.68,0,0,13
LIB,Department of Public Libraries,LIB 71 Community Outreach,F,97283.22,0,0,18
LIB,Department of Public Libraries,LIB 71 Olney Library,F,31087.32,0,0,13
FIN,Department of Finance,FIN 32 General Accounting,F,159701,0,0,M3
HHS,Department of Health and Human Services,HHS 60 School Health Services,F,128198,0,0,24
DPS,Department of Permitting Services,DPS 75 Information Technology Services,F,65605.16,0,0,11
HHS,Department of Health and Human Services,HHS 60 Child Welfare Services,F,94422.59,920.25,0,18
CAT,County Attorney's Office,CAT 30 Support Services,F,90149,0,0,N16
DGS,Department of General Services,DGS 36 Fleet Management Services,M,90149,15693.88,0,16
DEP,Department of Environmental Protection,DEP 80 Waste Reduction and Recycling,F,122603,0,0,N23
HHS,Department of Health and Human Services,HHS 60 School Health Services,F,107675.45,0,0,24
ABS,Alcohol Beverage Services,ABS 85 Beer Loading,M,62474.81,6162.35,0,12
LIB,Department of Public Libraries,LIB 71 Germantown Library,F,47655.88,0,0,18
CEX,Offices of the County Executive,CEX 15 Innovation Accelerator,M,153585,0,0,N28
DOT,Department of Transportation,DOT 50 Parking Management Financial Management,F,91529.56,0,0,21
SHF,Sheriff's Office,SHF 48 Courthouse Security,M,90050,7164.48,0,G4
HHS,Department of Health and Human Services,HHS 60 School Health Services,F,58115.34,0,0,16
HHS,Department of Health and Human Services,HHS 60 School Health Services,F,53985.5,0,0,16
HHS,Department of Health and Human Services,HHS 60 Public Health Services Division,F,76540.78,0,0,16
DOT,Department of Transportation,DOT 50 Transit Safety and Instruction,F,90572.45,424.57,0,N19
DOT,Department of Transportation,DOT 50 Transit Silver Spring Ride On,M,89087.79,5590.68,0,T1
DOT,Department of Transportation,DOT 50 Transit Gaithersburg Ride On,F,82236,14440.28,0,T1
DOT,Department of Transportation,DOT 50 Transit Nicholson Ride On,M,82236.23,19125.64,0,T1
DOT,Department of Transportation,DOT 50 Transit Silver Spring Ride On,M,89087.79,14561.12,0,T1
DOT,Department of Transportation,DOT 50 Transit Silver Spring Ride On,M,89087.79,26164.82,0,T1
DOT,Department of Transportation,DOT 50 Transit Gaithersburg Ride On,M,89087.79,18426.01,0,T1
DOT,Department of Transportation,DOT 50 Transit Gaithersburg Ride On,F,89087.79,17408.38,0,T1
DOT,Department of Transportation,DOT 50 Transit Silver Spring Ride On,M,89087.79,16822.52,0,T1
REC,Department of Recreation,REC 72 Youth Development Youth Services,M,69010,0,0,18
POL,Department of Police,POL 47 MSB Budget and Capital Management Capital Development and Facilities Division,M,174641.65,0,0,M3
DPS,Department of Permitting Services,DPS 75 Zoning Review,F,140274,0,0,26
HHS,Department of Health and Human Services,HHS 60 Behavioral Health and Crisis Services Division,F,118529.35,0,0,24
OHR,Office of Human Resources,OHR 33 Records Management Team,F,151182.3,0,0,M3
HHS,Department of Health and Human Services,HHS 60 Child Welfare Services,F,119133.85,13209.95,0,24
HHS,Department of Health and Human Services,HHS 60 Child Welfare Services,F,116010.46,1677.06,0,23
COR,Correction and Rehabilitation,COR 42 DS MCCF Unit 3 Security,M,87547,30429.65,0,C5
POL,Department of Police,POL 47 FSB Traffic Division School Safety Section,M,29147.65,0,0,10
POL,Department of Police,POL 47 FSB Traffic Division School Safety Section,F,29147.65,0,0,10
DPS,Department of Permitting Services,DPS 75 Information Technology Services,F,60341.28,0,0,11
CCL,County Council,CCL 01 Council Members and Staff,F,166238.08,0,0,LB3
CCL,County Council,CCL 01 Council Members and Staff,M,171100.73,0,0,
CCL,County Council,CCL 01 Council Members and Staff,M,171100.73,0,0,
CCL,County Council,CCL 01 Council Members and Staff,M,171100.73,0,0,
DGS,Department of General Services,DGS 36 Facilities Maintenance,M,54877.07,0,0,7
DGS,Department of General Services,DGS 36 Fleet Management Services,M,90149,28625.43,0,16
CAT,County Attorney's Office,CAT 30 Labor Relations and Public Safety,F,173790.17,0,0,N32
COR,Correction and Rehabilitation,COR 42 PRRS Facility and Security,M,85304.97,27423.51,0,20
COR,Correction and Rehabilitation,COR 42 DS MCDC Custody and Security,M,87547,28213.67,0,C5
COR,Correction and Rehabilitation,COR 42 DS MCDC Central Processing Unit,M,87547,12213.39,0,C5
ABS,Alcohol Beverage Services,ABS 85 Beer Delivery Operations,M,56789.1,3304.32,0,10
ABS,Alcohol Beverage Services,ABS 85 Liquor and Wine Delivery Operations,M,81581.81,3560.27,0,15
OHR,Office of Human Resources,OHR 33 Health and Employee Welfare,F,134086,0,0,N25
FIN,Department of Finance,FIN 32 Financial Analysis Audit and Compliance,F,134086,0,0,N25
LIB,Department of Public Libraries,LIB 71 Digital Strategies,F,161074.67,0,0,M3
DEP,Department of Environmental Protection,DEP 80 Resource Conversion,F,90149,8210.13,0,16
HHS,Department of Health and Human Services,HHS 60 Services to End and Prevent Homelessness Division,F,124337.63,0,0,N26
CEX,Offices of the County Executive,CEX 15 Chief Administrative Officer's Office,M,322000,0,0,EX0
LIB,Department of Public Libraries,LIB 71 Human Resources and Staff Development,F,122603,0,0,N23
OHR,Office of Human Resources,OHR 33 Records Management Team,F,112856.32,0,0,N25
CCL,County Council,CCL 01 Council Central Staff,F,200829,0,0,M2
FIN,Department of Finance,FIN 32 Financial Analysis Audit and Compliance,F,134086,0,0,N25
LIB,Department of Public Libraries,LIB 71 Maggie Nightingale Library,F,117620.59,0,0,N25
HHS,Department of Health and Human Services,HHS 60 Aging & Disability Services Division,M,112166,3842.23,0,N21
HCA,Department of Housing and Community Affairs,HCA 76 Multi-Family Housing Program,F,83081.73,112.41,0,16
CAT,County Attorney's Office,CAT 30 Government Operations,F,181336,0,0,N32
TBS,Department of Technology and Enterprise Business Solutions,TBS 34 ODT Geographic Information System,M,96589.12,0,0,23
DOT,Department of Transportation,DOT 50 Transit Silver Spring Ride On,M,93654.81,7829.27,0,T2
DOT,Department of Transportation,DOT 50 Transit Silver Spring Ride On,M,65107,1674.06,0,T1
DOT,Department of Transportation,DOT 50 Highway Services,F,77650.06,41130.34,0,N18
DOT,Department of Transportation,DOT 50 Transit Nicholson Ride On,M,89087.79,23095.14,0,T1
CCL,County Council,CCL 01 Council Members and Staff,F,168443.6,0,0,LB3
HHS,Department of Health and Human Services,HHS 60 Public Health Services Division,F,112166,0,0,21
CCL,County Council,CCL 01 Council Members and Staff,F,119429.8,0,0,N22
HHS,Department of Health and Human Services,HHS 60 Child Welfare Services,F,121826.25,9049.04,0,N26
HHS,Department of Health and Human Services,HHS 60 Public Health Services Division,M,92254.6,0,0,21
HHS,Department of Health and Human Services,HHS 60 Behavioral Health and Crisis Services Division,F,118577.65,0,0,24
POL,Department of Police,POL 47 PSB 6th District Patrol,M,98275,20193.42,0,P4
FRS,Fire and Rescue Services,FRS 45 Station 31,M,84172,4850.34,0,F3
FRS,Fire and Rescue Services,FRS 45 Station 8,M,84172,587.92,0,F3
FRS,Fire and Rescue Services,FRS 45 Station 31,M,84172,7567.83,0,F3
FRS,Fire and Rescue Services,FRS 45 Field Operations Administration,M,84172,25758.54,0,F3
FRS,Fire and Rescue Services,FRS 45 Station 3,M,80163,1405.76,0,F2
DOT,Department of Transportation,DOT 50 Transportation Planning and Design Section,M,130150.55,0,0,N26
DEP,Department of Environmental Protection,DEP 80 Waste Reduction and Recycling,F,108812.09,0,0,21
FRS,Fire and Rescue Services,FRS 45 Fleet Operations,M,120591.38,31744.17,0,23
HHS,Department of Health and Human Services,HHS 60 Behavioral Health and Crisis Services Division,F,124953.75,0,0,24
DOT,Department of Transportation,DOT 50 Transit Silver Spring Ride On,M,89087.79,23714.07,0,T1
DOT,Department of Transportation,DOT 50 Transit Silver Spring Ride On,M,72530.54,22616.56,0,T1
FRS,Fire and Rescue Services,FRS 45 Station 18,M,84172,6597.61,0,F3
FRS,Fire and Rescue Services,FRS 45 Station 16,M,84172,21991.08,0,F3
FRS,Fire and Rescue Services,FRS 45 Station 6,M,84172,16238.6,0,F3
FRS,Fire and Rescue Services,FRS 45 Station 40,M,84172,5819.01,0,F3
FRS,Fire and Rescue Services,FRS 45 Station 14,F,80163,773.48,0,F2
FRS,Fire and Rescue Services,FRS 45 Station 23,M,84172,36819.71,0,F3
FRS,Fire and Rescue Services,FRS 45 Station 22,F,80163,419.94,0,F2
FRS,Fire and Rescue Services,FRS 45 Station 3,M,84172,36063.63,0,F3
FRS,Fire and Rescue Services,FRS 45 Station 25,F,84172,18512.28,0,F3
FRS,Fire and Rescue Services,FRS 45 Station 25,M,84172,677.74,0,F3
FRS,Fire and Rescue Services,FRS 45 Station 26,M,84172,30757.86,0,F3
FRS,Fire and Rescue Services,FRS 45 Station 19,M,84172,3069.59,0,F3
FRS,Fire and Rescue Services,FRS 45 Station 24,M,84172,8893.89,0,F3
FRS,Fire and Rescue Services,FRS 45 Station 28,M,84172,54977.35,0,F3
FRS,Fire and Rescue Services,FRS 45 Rescue 2,M,80163,22684.23,0,F2
FRS,Fire and Rescue Services,FRS 45 Station 1,M,80163,7876.06,0,F2
FRS,Fire and Rescue Services,FRS 45 Station 17,M,84172,5572.78,0,F3
FRS,Fire and Rescue Services,FRS 45 Station 8,F,80163,15076.28,0,F2
FRS,Fire and Rescue Services,FRS 45 Station 28,M,80163,21419.01,0,F2
FRS,Fire and Rescue Services,FRS 45 Station 31,M,84172,8119.46,0,F3
FRS,Fire and Rescue Services,FRS 45 Station 12,M,84172,48103.04,0,F3
DGS,Department of General Services,DGS 36 Fleet Management Services,M,85387.05,10030.67,0,16
FRS,Fire and Rescue Services,FRS 45 Station 1,M,84172,18424.99,0,F3
POL,Department of Police,POL 47 PSB 2nd District Patrol,M,94951,30905.81,0,P4
POL,Department of Police,POL 47 CRB Community Engagement Division Crisis Response & Support Section,F,94951,1738.58,0,P4
POL,Department of Police,POL 47 PSB 5th District Patrol,M,94951,7307.81,0,P4
LIB,Department of Public Libraries,LIB 71 Detention Center Library,F,134086,0,0,N25
CAT,County Attorney's Office,CAT 30 Insurance Defense Litigation,F,171759.13,0,0,N32
HHS,Department of Health and Human Services,HHS 60 Public Health Services Division,F,140274,0,0,26
FIN,Department of Finance,FIN 32 Management and Operations - Director,F,121528.73,0,0,N25
POL,Department of Police,POL 47 MSB Communications Division,M,83776.22,11426.67,0,20
POL,Department of Police,POL 47 PSB 5th District Patrol,M,94951,130.62,0,P4
POL,Department of Police,POL 47 PSB 4th District Patrol,F,94951,27531.51,0,P4
HHS,Department of Health and Human Services,HHS 60 School Health Services,F,113637.01,6841.76,0,24
HHS,Department of Health and Human Services,HHS 60 School Health Services,F,122415.9,0,0,24
HHS,Department of Health and Human Services,HHS 60 School Health Services,F,122415.93,0,0,24
SHF,Sheriff's Office,SHF 48 Administration,M,90050,9102.97,0,G4
SHF,Sheriff's Office,SHF 48 Child Support,M,90050,4651.29,0,G4
DOT,Department of Transportation,DOT 50 Transportation System Engineering,M,128361.36,8591.91,0,25
HHS,Department of Health and Human Services,HHS 60 School Health Services,F,125175.08,0,0,24
POL,Department of Police,POL 47 PSB 3rd District Patrol,M,94951,49117.82,0,P4
COR,Correction and Rehabilitation,COR 42 DS MCCF Unit 3 Security,M,84817,53953.62,0,C5
POL,Department of Police,POL 47 FSB Special Operations Division Tactical Operations Section,M,94951,31950.3,0,P4
POL,Department of Police,POL 47 PSB 3rd District Patrol,M,94951,100388.96,0,P4
POL,Department of Police,POL 47 PSB 4th District Patrol,F,94951,17336.26,0,P4
LIB,Department of Public Libraries,LIB 71 Twinbrook Library,F,78040.86,0,0,21
OMB,Office of Management and Budget,OMB 31 Office of Management and Budget,F,115701.8,0,0,N23
HHS,Department of Health and Human Services,HHS 60 Child Welfare Services,F,124928.44,540.56,0,24
HHS,Department of Health and Human Services,HHS 60 Chief Operating Officer Division,M,126699.88,0,0,N24
LIB,Department of Public Libraries,LIB 71 Marilyn J Praisner Library,F,93759.46,0,0,24
LIB,Department of Public Libraries,LIB 71 Noyes Library,M,103580.95,0,0,24
HHS,Department of Health and Human Services,HHS 60 School Health Services,F,59910.06,0,0,16
HHS,Department of Health and Human Services,HHS 60 School Health Services,F,59909.85,0,0,16
HHS,Department of Health and Human Services,HHS 60 School Health Services,F,59910.15,0,0,16
POL,Department of Police,POL 47 MSB  Professional Accountability Division,F,123976.15,0,0,N25
DOT,Department of Transportation,DOT 50 Transit Gaithersburg Ride On,F,67962,5770.95,0,T1
OAS,Office of Animal Services,OAS 38 Animal Services Division,F,78816.94,4878.8,0,N19
CAT,County Attorney's Office,CAT 30 Labor Relations and Public Safety,F,168262.82,0,0,N32
SHF,Sheriff's Office,SHF 48 Sheriff Domestic Violence,F,89860.61,918.9,0,23
POL,Department of Police,POL 47 FSB Traffic Division School Safety Section,F,28161.95,0,0,10
HHS,Department of Health and Human Services,HHS 60 Behavioral Health and Crisis Services Division,M,114499.22,542.2,0,24
OAS,Office of Animal Services,OAS 38 Animal Services Division,F,90604.57,2775.12,0,20
HHS,Department of Health and Human Services,HHS 60 Aging & Disability Services Division,F,76291.6,0,0,18
TBS,Department of Technology and Enterprise Business Solutions,TBS 34 OSP Enterprise Cloud Solutions,M,181336,0,0,N32
DGS,Department of General Services,DGS 36 Fleet Management Administration,M,103000,817.08,0,21
DGS,Department of General Services,DGS 36 Fleet Management Fleet Services,M,102711,0,0,19
TBS,Department of Technology and Enterprise Business Solutions,TBS 34 OMC MC311 Call Center,F,79296,901.65,0,13
DEP,Department of Environmental Protection,DEP 80 Materials Management,M,174641.65,0,0,M3
TBS,Department of Technology and Enterprise Business Solutions,TBS 34 OMC MC311 Call Center,F,78926.81,442.1,0,16
TBS,Department of Technology and Enterprise Business Solutions,TBS 34 OBP Community Technology (GF),M,130181,0,0,25
OMB,Office of Management and Budget,OMB 31 Office of Management and Budget,F,158690.28,0,0,N30
COR,Correction and Rehabilitation,COR 42 DS MCCF Unit 1 Security,M,84817,60444,0,C5
COR,Correction and Rehabilitation,COR 42 DS MCCF Unit 2 Security,M,84817,49667.57,0,C5
CCL,County Council,CCL 01 Council Central Staff,F,117442.78,0,0,N23
OAS,Office of Animal Services,OAS 38 Animal Services Division,M,71075.12,2098.28,0,14
CEX,Offices of the County Executive,CEX 15 County Executive's Office,F,98000,0,0,EX3
HHS,Department of Health and Human Services,HHS 60 Director's Office Division,M,98322,0,0,18
POL,Department of Police,POL 47 PSB 3rd District Patrol,M,94951,0,0,P4
COR,Correction and Rehabilitation,COR 42 DS MCCF Case Managers Unit 3,F,86169.83,62.15,0,22
PRO,Office of Procurement,PRO 35 Procurement Director,M,250000,0,0,EX1
HHS,Department of Health and Human Services,HHS 60 Behavioral Health and Crisis Services Division,F,127298.3,0,0,N25
OAS,Office of Animal Services,OAS 38 Animal Services Division,F,72783.09,49.24,0,16
DPS,Department of Permitting Services,DPS 75 Zoning and Site Plan Compliance,M,111293.25,2582.87,0,21
HHS,Department of Health and Human Services,HHS 60 Chief Operating Officer Division,F,85788.05,0,0,N18
HCA,Department of Housing and Community Affairs,HCA 76 Housing Code Enforcement,M,122603,0,0,23
DGS,Department of General Services,DGS 36 Central Duplicating,M,85673.28,3807.05,0,16
LIB,Department of Public Libraries,LIB 71 Germantown Library,F,62647.63,0,0,13
COR,Correction and Rehabilitation,COR 42 PRRS Facility and Security,M,77973.03,18486.51,0,18
POL,Department of Police,POL 47 MSB Communications Division,M,80530.11,14585.75,0,19
DPS,Department of Permitting Services,DPS 75 Well and Septic Review and Inspections,F,128198,0,0,24
LIB,Department of Public Libraries,LIB 71 Brigadier General Charles E. McGee Library,F,126486.17,0,0,M3
HHS,Department of Health and Human Services,HHS 60 Child Welfare Services,F,114985.09,472.17,0,23
FRS,Fire and Rescue Services,FRS 45 Recruit Training,M,76344,0,0,F1
POL,Department of Police,POL 47 FSB Traffic Division School Safety Section,M,28161.95,0,0,10
DGS,Department of General Services,DGS 36 Director,M,223784.12,0,0,M1
POL,Department of Police,POL 47 MSB Communications Division,F,83776.23,7344.29,0,20
CCL,County Council,CCL 01 Council Members and Staff,F,80530.13,3019.54,0,N17
ABS,Alcohol Beverage Services,ABS 85 Stock Liquor and Wine Warehouse Operations,M,63008.64,2768.17,0,13
HHS,Department of Health and Human Services,HHS 60 Children Youth and Family Services Division,M,79835.8,0,0,18
HHS,Department of Health and Human Services,HHS 60 Office of Eligibility and Support Services,F,82432.95,0,0,20
TBS,Department of Technology and Enterprise Business Solutions,TBS 34 OMC MC311 Call Center,F,79296,444.16,0,13
HHS,Department of Health and Human Services,HHS 60 Director's Office Division,M,265000,0,0,EX1
DGS,Department of General Services,DGS 36 Facilities,F,102634.29,934.2,0,21
POL,Department of Police,POL 47 FSB Traffic Division School Safety Section,F,28161.95,0,0,10
HHS,Department of Health and Human Services,HHS 60 Office of Eligibility and Support Services,M,73318.97,0,0,13
HHS,Department of Health and Human Services,HHS 60 Office of Eligibility and Support Services,M,98986.75,0,0,20
HHS,Department of Health and Human Services,HHS 60 Office of Eligibility and Support Services,M,83505.67,536.66,0,20
HHS,Department of Health and Human Services,HHS 60 Child Welfare Services,F,112599.78,324.81,0,23
HHS,Department of Health and Human Services,HHS 60 School Health Services,M,54639.04,0,0,16
DGS,Department of General Services,DGS 36 Director,F,199310.29,0,0,M2
HHS,Department of Health and Human Services,HHS 60 Office of Eligibility and Support Services,M,95716.38,0,0,22
DOT,Department of Transportation,DOT 50 Development Review,F,134086,0,0,25
DOT,Department of Transportation,DOT 50 Transportation Management,M,95664.97,59478.92,0,N23
HHS,Department of Health and Human Services,HHS 60 Office of Eligibility and Support Services,M,82704.41,7831.46,0,20
HHS,Department of Health and Human Services,HHS 60 Child Welfare Services,F,112025,9306.59,0,23
POL,Department of Police,POL 47 FSB Traffic Division School Safety Section,F,28161.95,0,0,10
COR,Correction and Rehabilitation,COR 42 DS MCCF Unit 1 Security,M,84817,58622.53,0,C5
HHS,Department of Health and Human Services,HHS 60 Child Welfare Services,F,82568.12,143.83,0,16
OHR,Office of Human Resources,OHR 33 Records Management Team,M,134086,0,0,N25
HHS,Department of Health and Human Services,HHS 60 Chief Operating Officer Division,F,121322.68,0,0,N23
DOT,Department of Transportation,DOT 50 Transportation Construction Section,M,134086,0,0,25
DOT,Department of Transportation,DOT 50 Transportation Construction Section,M,153585,0,0,28
OAG,Office of Agriculture,OAG 78 Soil Conservation,M,93383.37,0,0,N23
POL,Department of Police,POL 47 FSB Traffic Division School Safety Section,F,28161.95,0,0,10
CEC,Community Engagement Cluster,CEC 16 Wheaton Urban District,M,67088,375.78,0,9
POL,Department of Police,POL 47 FSB Traffic Division School Safety Section,F,28161.95,0,0,10
DGS,Department of General Services,DGS 36 Facilities Maintenance,M,174641.65,0,0,M3
HHS,Department of Health and Human Services,HHS 60 Aging & Disability Services Division,F,124631.01,0,0,24
HHS,Department of Health and Human Services,HHS 60 Services to End and Prevent Homelessness Division,F,86897.05,0,0,20
PIO,Office of Public Information,PIO 23 Director's Office,M,200000,0,0,EX1
FRS,Fire and Rescue Services,FRS 45 Station 19,M,84172,23097.06,0,F3
COR,Correction and Rehabilitation,COR 42 DS MCCF Unit 3 Security,M,84817,12469.23,0,C5
HHS,Department of Health and Human Services,HHS 60 Public Health Services Division,F,221392,0,0,MD2
CCL,County Council,CCL 01 Council Central Staff,F,220337.78,0,0,M1
HHS,Department of Health and Human Services,HHS 60 Public Health Services Division,F,93106.85,0,0,N21
DPS,Department of Permitting Services,DPS 75 Residential Inspections,M,105183.45,0,0,21
HHS,Department of Health and Human Services,HHS 60 Office of Eligibility and Support Services,M,93817.15,6316.88,0,20
HHS,Department of Health and Human Services,HHS 60 Child Welfare Services,F,124464,0,0,24
HHS,Department of Health and Human Services,HHS 60 Behavioral Health and Crisis Services Division,F,75901.81,1697.75,0,16
DPS,Department of Permitting Services,DPS 75 Residential Inspections,M,109189.64,0,0,21
FRS,Fire and Rescue Services,FRS 45 Support Services Division,M,121470.59,0,0,N25
HHS,Department of Health and Human Services,HHS 60 Office of Eligibility and Support Services,M,83187.51,8671.7,0,20
DOT,Department of Transportation,DOT 50 Traffic Engineering Studies Section,F,117252,338.24,0,22
DGS,Department of General Services,DGS 36 Fleet Management Fleet Services,M,102711,6558.53,0,19
HHS,Department of Health and Human Services,HHS 60 Office of Eligibility and Support Services,F,63229.85,0,0,16
LIB,Department of Public Libraries,LIB 71 Chevy Chase Library,F,26756.3,0,0,13
HHS,Department of Health and Human Services,HHS 60 Child Welfare Services,F,111240,0,0,24
DOT,Department of Transportation,DOT 50 Highway Services,M,57460.16,16065.58,0,15
HHS,Department of Health and Human Services,HHS 60 Children Youth and Family Services Division,F,42524.2,0,0,18
DEP,Department of Environmental Protection,DEP 80 Stewardship Programs,M,122603,0,0,23
HHS,Department of Health and Human Services,HHS 60 Director's Office Division,F,90149,0,0,16
DOT,Department of Transportation,DOT 50 Transit Gaithersburg Ride On,M,89087.79,13678.31,0,T1
LIB,Department of Public Libraries,LIB 71 Connie Morella Library,F,30564.27,0,0,13
DOT,Department of Transportation,DOT 50 Transit Gaithersburg Ride On,M,85662.01,12272.72,0,T1
COR,Correction and Rehabilitation,COR 42 DS MCCF Unit 3 Security,M,74923,9591.41,0,C5
OMB,Office of Management and Budget,OMB 31 Office of Management and Budget,F,116053.48,0,0,N25
POL,Department of Police,POL 47 MSB Communications Division,F,73469.34,19939.46,0,17
POL,Department of Police,POL 47 MSB Communications Division,F,84049.38,14632.14,0,20
POL,Department of Police,POL 47 FSB Traffic Division Automated Traffic Enforcement Section,M,83445.91,0,0,15
HCA,Department of Housing and Community Affairs,HCA 76 Housing Code Enforcement,F,134086,0,0,N25
HHS,Department of Health and Human Services,HHS 60 Behavioral Health and Crisis Services Division,F,128198,0,0,24
HHS,Department of Health and Human Services,HHS 60 Child Welfare Services,F,59115.86,324.82,0,24
ABS,Alcohol Beverage Services,ABS 85 Beer Delivery Operations,M,86352,4688.71,0,15
HHS,Department of Health and Human Services,HHS 60 Behavioral Health and Crisis Services Division,F,120992.49,4788.75,0,24
HHS,Department of Health and Human Services,HHS 60 Public Health Services Division,F,90001.51,0,0,16
HHS,Department of Health and Human Services,HHS 60 Behavioral Health and Crisis Services Division,M,114834.29,0,0,24
ABS,Alcohol Beverage Services,ABS 85 Liquor and Wine Delivery Operations,M,56584.01,5902.49,0,10
HCA,Department of Housing and Community Affairs,HCA 76 Common Ownership Community Program,F,83445.91,0,0,16
POL,Department of Police,POL 47 FSB Traffic Division Automated Traffic Enforcement Section,M,84174.31,0,0,15
COR,Correction and Rehabilitation,COR 42 PTS Assessment,F,98823.9,170.35,0,22
DEP,Department of Environmental Protection,DEP 80 Stormwater BMP Inspection and Maintenance,F,122603,0,0,23
POL,Department of Police,POL 47 MSB Communications Division,F,86708.39,8088.47,0,20
COR,Correction and Rehabilitation,COR 42 DS MCCF Unit 3 Security,M,84817,11105.49,0,C5
COR,Correction and Rehabilitation,COR 42 PRRS Facility and Security,F,94118,15034.85,0,20
COR,Correction and Rehabilitation,COR 42 DS MCCF Unit 3 Security,M,84817,81128.31,0,C5
COR,Correction and Rehabilitation,COR 42 DS MCCF Case Managers Unit 3,F,87873.04,0,0,22
POL,Department of Police,POL 47 FSB Traffic Division Automated Traffic Enforcement Section,M,86352,0,0,15
POL,Department of Police,POL 47 MSB Information Management and Technology Division,M,94226.22,0,0,19
CEX,Offices of the County Executive,CEX 15 Innovation Accelerator,M,199600.2,0,0,M2
CEC,Community Engagement Cluster,CEC 16 Community Partnerships,F,70216.72,0,0,N28
POL,Department of Police,POL 47 FSB Security Services Division,M,66684.52,26164.58,0,15
ABS,Alcohol Beverage Services,ABS 85 King Farm,M,29416.19,474.59,0,12
HHS,Department of Health and Human Services,HHS 60 Office of Eligibility and Support Services,F,91602.14,0,0,N23
POL,Department of Police,POL 47 PSB 4th District Patrol,F,91743,5796.89,0,P4
DOT,Department of Transportation,DOT 50 Transportation Planning and Design Section,M,153585,0,0,28
DOT,Department of Transportation,DOT 50 Director's Office,F,200829,0,0,M2
DOT,Department of Transportation,DOT 50 Highway Services,M,68348.52,13981.1,0,15
CEC,Community Engagement Cluster,CEC 16 Community Partnerships,F,143174.66,0,0,N28
HHS,Department of Health and Human Services,HHS 60 Chief Operating Officer Division,F,113112.98,0,0,23
HHS,Department of Health and Human Services,HHS 60 Children Youth and Family Services Division,M,85048.42,0,0,18
PRO,Office of Procurement,PRO 35 Procurement Operations Section,F,91755.43,0,0,23
HHS,Department of Health and Human Services,HHS 60 Behavioral Health and Crisis Services Division,F,121258.16,0,0,N23
POL,Department of Police,POL 47 MSB Personnel Division,M,168628.54,0,0,M3
LIB,Department of Public Libraries,LIB 71 Brigadier General Charles E. McGee Library,F,26647.76,0,0,8
POL,Department of Police,POL 47 MSB Training and Education Division,M,107323,27204.85,0,20
LIB,Department of Public Libraries,LIB 71 Connie Morella Library,M,93101.54,0,0,21
OLR,Office of Labor Relations,OLR 26 Labor Relations Division,M,138779.46,0,0,N26
LIB,Department of Public Libraries,LIB 71 Wheaton Library,M,85977.83,0,0,21
COR,Correction and Rehabilitation,COR 42 DS MCDC Custody and Security,M,77731,10799.33,0,C4
HHS,Department of Health and Human Services,HHS 60 School Health Services,F,113807.94,0,0,24
COR,Correction and Rehabilitation,COR 42 DS MCCF Case Managers Unit 2,M,97671.58,0,0,22
ABS,Alcohol Beverage Services,"ABS 85 Licensure, Regulation and Education",F,117252,676.5,0,22
HHS,Department of Health and Human Services,HHS 60 Office of Eligibility and Support Services,F,85048.41,2399.99,0,20
CUS,Community Use of Public Facilities,CUS 70 Finance and Administrative Support Team,F,99060.95,0,0,N23
HHS,Department of Health and Human Services,HHS 60 Public Health Services Division,F,93561.46,2503.58,0,18
HHS,Department of Health and Human Services,HHS 60 Services to End and Prevent Homelessness Division,F,82444.28,0,0,20
COR,Correction and Rehabilitation,COR 42 PRRS Reentry Services and Programs,M,97671.97,0,0,24
DOT,Department of Transportation,DOT 50 Transit Silver Spring Ride On,F,89087.79,10069.47,0,T1
POL,Department of Police,POL 47 PSB 6th District Patrol,M,91743,13740.94,0,P4
POL,Department of Police,POL 47 PSB 3rd District Patrol,F,91743,17619.7,0,P4
DOT,Department of Transportation,DOT 50 Transit Silver Spring Ride On,M,89087.79,8005.05,0,T1
POL,Department of Police,POL 47 FSB Traffic Division Automated Traffic Enforcement Section,M,71919.75,0,0,15
COR,Correction and Rehabilitation,COR 42 DS MCDC Custody and Security,M,77731,60492.15,0,C4
HHS,Department of Health and Human Services,HHS 60 School Health Services,F,59909.83,0,0,16
HHS,Department of Health and Human Services,HHS 60 School Health Services,F,58354.3,0,0,16
HHS,Department of Health and Human Services,HHS 60 School Health Services,M,58115.33,0,0,16
HHS,Department of Health and Human Services,HHS 60 Children Youth and Family Services Division,F,113777.62,0,0,24
HHS,Department of Health and Human Services,HHS 60 School Health Services,F,108604.88,0,0,24
HHS,Department of Health and Human Services,HHS 60 School Health Services,F,104078.78,0,0,24
HHS,Department of Health and Human Services,HHS 60 School Health Services,F,57883.44,0,0,16
HHS,Department of Health and Human Services,HHS 60 Office of Eligibility and Support Services,F,62959.14,0,0,13
POL,Department of Police,POL 47 PSB 4th District Patrol,M,91743,578.68,0,P4
POL,Department of Police,POL 47 PSB 3rd District Patrol,M,94951,25703.97,0,P4
SHF,Sheriff's Office,SHF 48 Court and Transport,M,90050,16846.01,0,G4
POL,Department of Police,POL 47 PSB 5th District Patrol,M,94951,10247.8,0,P4
SHF,Sheriff's Office,SHF 48 Civil Process,M,90050,7694.89,0,G4
SHF,Sheriff's Office,SHF 48 Sheriff Domestic Violence,M,90050,14167.6,0,G4
SHF,Sheriff's Office,SHF 48 Warrant Section,M,90050,3637.46,0,G4
POL,Department of Police,POL 47 PSB 2nd District Patrol,M,94951,1977.73,0,P4
POL,Department of Police,POL 47 PSB 6th District Patrol,M,94951,43595.26,0,P4
POL,Department of Police,POL 47 PSB 4th District Patrol,M,94951,30859.12,0,P4
POL,Department of Police,POL 47 PSB 6th District Patrol,F,94951,0,0,P4
POL,Department of Police,POL 47 PSB 5th District Patrol,M,94951,15331.01,0,P4
POL,Department of Police,POL 47 PSB 3rd District Patrol,M,94951,47653.55,0,P4
HCA,Department of Housing and Community Affairs,HCA 76 Housing Code Enforcement,M,94226.25,509.66,0,21
HHS,Department of Health and Human Services,HHS 60 Director's Office Division,F,86555.12,0,0,23
NDA,Non-Departmental Account,NDA 99 MCIB,F,160517.63,0,0,M3
POL,Department of Police,POL 47 PSB 2nd District Patrol,M,94951,263.16,0,P4
POL,Department of Police,POL 47 PSB 3rd District Patrol,M,94951,15542.87,0,P4
POL,Department of Police,POL 47 PSB 3rd District Patrol,F,94951,22804.1,0,P4
POL,Department of Police,POL 47 PSB 2nd District Patrol,M,94951,189.31,0,P4
POL,Department of Police,POL 47 PSB 3rd District Patrol,F,94951,5642.44,0,P4
DOT,Department of Transportation,DOT 50 Transportation Management,M,134086,0,0,25
DGS,Department of General Services,DGS 36 Fleet Automotive Heavy Equipment,M,92885.87,15969.8,0,20
DOT,Department of Transportation,DOT 50 Traffic Engineering Studies Section,M,122603,36871.21,0,23
HHS,Department of Health and Human Services,HHS 60 Behavioral Health and Crisis Services Division,F,128198,7193.64,0,24
HHS,Department of Health and Human Services,HHS 60 Child Welfare Services,F,69872.95,0,0,16
DEP,Department of Environmental Protection,DEP 80 Stormwater BMP Inspection and Maintenance,F,116952.29,0,0,23
REC,Department of Recreation,REC 72 Business Services,F,98900.13,0,0,N23
COR,Correction and Rehabilitation,COR 42 DS MCCF Unit 3 Security,M,75336,8459.8,0,C4
COR,Correction and Rehabilitation,COR 42 DO Director,F,82203.14,556.1,0,N18
DOT,Department of Transportation,DOT 50 Transportation Technical Center,M,106434.68,12492.82,0,20
DEP,Department of Environmental Protection,DEP 80 Stewardship Programs,M,120739.97,0,0,23
TBS,Department of Technology and Enterprise Business Solutions,TBS 34 OMC MC311 Call Center,F,81564,0,0,16
FRS,Fire and Rescue Services,FRS 45 Station 1,M,84172,157.78,0,F3
FRS,Fire and Rescue Services,FRS 45 Station 23,M,84172,10960.83,0,F3
FRS,Fire and Rescue Services,FRS 45 Station 23,F,92586,19666.74,0,F4
FRS,Fire and Rescue Services,FRS 45 Station 34,M,84172,12867.03,0,F3
FRS,Fire and Rescue Services,FRS 45 Station 17,M,84172,21272.74,0,F3
FRS,Fire and Rescue Services,FRS 45 Station 8,M,84172,11664.62,0,F3
FRS,Fire and Rescue Services,FRS 45 Station 22,M,84172,5017.87,0,F3
FRS,Fire and Rescue Services,FRS 45 Station 15,M,84172,2132.37,0,F3
FRS,Fire and Rescue Services,FRS 45 Station 20,M,84172,11754.59,0,F3
ABS,Alcohol Beverage Services,ABS 85 Liquor and Wine Loading,M,60621.57,4155.4,0,12
CEX,Offices of the County Executive,CEX 15 Business Advancement Team,M,129335.08,0,0,N25
COR,Correction and Rehabilitation,COR 42 DS MCDC Custody and Security,F,84817,24029.18,0,C5
COR,Correction and Rehabilitation,COR 42 MSD Human Resources,F,152215.26,0,0,M3
DEP,Department of Environmental Protection,DEP 80 Resource Conversion,F,107323,695.08,0,20
DOT,Department of Transportation,DOT 50 Transit Silver Spring Ride On,M,89087.79,20875.65,0,T1
DOT,Department of Transportation,DOT 50 Transit Gaithersburg Ride On,M,85662.01,8407.1,0,T1
DOT,Department of Transportation,DOT 50 Transit Silver Spring Ride On,M,79841.14,206.17,0,T1
DOT,Department of Transportation,DOT 50 Transit Gaithersburg Ride On,M,89087.79,30050.49,0,T1
DOT,Department of Transportation,DOT 50 Transit Silver Spring Ride On,F,89088,3445.74,0,T1
DOT,Department of Transportation,DOT 50 Transit Silver Spring Ride On,F,85662.01,7284.92,0,T1
DOT,Department of Transportation,DOT 50 Transit Silver Spring Ride On,M,89087.79,34598.92,0,T1
CEC,Community Engagement Cluster,CEC 16 Silver Spring Urban District,M,72539.57,1794.16,0,10
DOT,Department of Transportation,DOT 50 Transit Silver Spring Ride On,F,66815.84,832.67,0,T1
DOT,Department of Transportation,DOT 50 Transit Gaithersburg Ride On,M,77668,4870.66,0,T1
DOT,Department of Transportation,DOT 50 Transit Gaithersburg Ride On,M,89087.79,19306,0,T1
POL,Department of Police,POL 47 MSB Communications Division,F,80047.79,9042.19,0,19
POL,Department of Police,POL 47 FSB Traffic Division School Safety Section,F,28292,0,0,10
POL,Department of Police,POL 47 MSB Communications Division,F,70985.53,8325.8,0,17
COR,Correction and Rehabilitation,COR 42 PTS Assessment,F,117252,565.24,0,22
OAS,Office of Animal Services,OAS 38 Animal Services Division,F,83710.29,0,0,18
CAT,County Attorney's Office,CAT 30 Insurance Defense Litigation,F,168522.94,0,0,N32
ABS,Alcohol Beverage Services,ABS 85 Beer Delivery Operations,M,86352,10166.43,0,15
FIN,Department of Finance,FIN 32 General Accounting,F,122603,0,0,23
FIN,Department of Finance,FIN 32 General Accounting,F,112166,0,0,21
ABS,Alcohol Beverage Services,ABS 85 Beer Warehouse Operations,M,82065.23,1553.64,0,10
HHS,Department of Health and Human Services,HHS 60 Child Welfare Services,F,112333.29,0,0,23
CEC,Community Engagement Cluster,CEC 16 Silver Spring Urban District,M,60240.76,161.02,0,10
POL,Department of Police,POL 47 FSB Traffic Division School Safety Section,F,28292,0,0,10
ABS,Alcohol Beverage Services,"ABS 85 Licensure, Regulation and Education",F,134086,0,0,N25
HHS,Department of Health and Human Services,HHS 60 Behavioral Health and Crisis Services Division,F,139079.59,0,0,N26
COR,Correction and Rehabilitation,COR 42 DS MCDC Custody and Security,F,75336,25336.34,0,C4
COR,Correction and Rehabilitation,COR 42 DS Food Services,F,76133.43,17058.29,0,18
FIN,Department of Finance,FIN 32 Grants Accounting,M,122603,0,0,23
COR,Correction and Rehabilitation,COR 42 DS MCDC Custody and Security,M,77731,13322.33,0,C4
HCA,Department of Housing and Community Affairs,HCA 76 Housing Code Enforcement,M,122603,0,0,23
DOT,Department of Transportation,DOT 50 Transit Management Services,F,134086,0,0,N25
DGS,Department of General Services,DGS 36 Fleet Automotive Heavy Equipment,M,102711,9183.75,0,19
HHS,Department of Health and Human Services,HHS 60 Public Health Services Division,M,127149.88,870.47,0,24
TBS,Department of Technology and Enterprise Business Solutions,TBS 34 ODT Technical Support Team,M,153585,0,0,N28
LIB,Department of Public Libraries,LIB 71 Collection Management,F,154675.03,0,0,M3
DEP,Department of Environmental Protection,DEP 80 Environmental Compliance Group,F,110178.18,2390.4,0,24
HHS,Department of Health and Human Services,HHS 60 Aging & Disability Services Division,F,125435.21,0,0,24
DPS,Department of Permitting Services,DPS 75 Zoning and Site Plan Compliance,M,122603,0,0,23
DPS,Department of Permitting Services,DPS 75 Zoning and Site Plan Compliance,F,111478.76,547.83,0,21
TBS,Department of Technology and Enterprise Business Solutions,TBS 34 ODT Technical Support Team,M,153585,0,0,N28
POL,Department of Police,POL 47 FSB Traffic Division School Safety Section,F,28292,0,0,10
POL,Department of Police,POL 47 MSB Training and Education Division,M,107323,2382.49,0,20
OAS,Office of Animal Services,OAS 38 Animal Services Division,F,95439.75,581.09,0,19
HHS,Department of Health and Human Services,HHS 60 Director's Office Division,F,107174.32,0,0,21
HHS,Department of Health and Human Services,HHS 60 School Health Services,F,85339.88,0,0,21
DOT,Department of Transportation,DOT 50 Transit Silver Spring Ride On,M,89087.79,14920.73,0,T1
DOT,Department of Transportation,DOT 50 Transit Silver Spring Ride On,M,89087.79,2295.23,0,T1
DOT,Department of Transportation,DOT 50 Transit Silver Spring Ride On,F,89087.79,13831.83,0,T1
DOT,Department of Transportation,DOT 50 Transit Gaithersburg Ride On,M,89087.79,3093.04,0,T1
DOT,Department of Transportation,DOT 50 Transit Gaithersburg Ride On,F,89087.79,4572.46,0,T1
DOT,Department of Transportation,DOT 50 Transit Gaithersburg Ride On,M,85662.01,2194.92,0,T1
DOT,Department of Transportation,DOT 50 Transit Gaithersburg Ride On,M,89087.79,1994.51,0,T1
DOT,Department of Transportation,DOT 50 Transit Silver Spring Ride On,M,89087.79,11231.92,0,T1
DOT,Department of Transportation,DOT 50 Transit Nicholson Ride On,M,89087.79,21977.25,0,T1
DOT,Department of Transportation,DOT 50 Transit Gaithersburg Ride On,F,85662.01,2368.35,0,T1
DOT,Department of Transportation,DOT 50 Transit Silver Spring Ride On,F,89087.79,18755.18,0,T1
DOT,Department of Transportation,DOT 50 Transit Gaithersburg Ride On,F,79841.14,1484.49,0,T1
DOT,Department of Transportation,DOT 50 Transit Gaithersburg Ride On,M,85662,8704.09,0,T1
DOT,Department of Transportation,DOT 50 Transit Silver Spring Ride On,F,89087.79,15193.34,0,T1
DOT,Department of Transportation,DOT 50 Transit Gaithersburg Ride On,M,85662.01,5891.39,0,T1
DOT,Department of Transportation,DOT 50 Transit Gaithersburg Ride On,F,85662.01,18455.94,0,T1
DOT,Department of Transportation,DOT 50 Transit Gaithersburg Ride On,M,89087.79,41513.23,0,T1
HHS,Department of Health and Human Services,HHS 60 School Health Services,F,109755.83,0,0,24
HHS,Department of Health and Human Services,HHS 60 Public Health Services Division,F,100085.64,2102.72,0,24
FIN,Department of Finance,FIN 32 General Accounting,F,122603,0,0,23
OHR,Office of Human Resources,OHR 33 Police Stress Management,M,176156,0,0,N31
DOT,Department of Transportation,DOT 50 Parking Management Financial Management,M,171736.25,0,0,M3
COR,Correction and Rehabilitation,COR 42 DS MCCF Unit 3 Security,M,77731,3810.87,0,C4
CCL,County Council,CCL 01 Council Central Staff,F,98144.95,0,0,N18
DGS,Department of General Services,DGS 36 Fleet Management Administration,M,106876.41,819.16,0,21
DEP,Department of Environmental Protection,DEP 80 Stormwater BMP Inspection and Maintenance,M,95100.29,0,0,23
HCA,Department of Housing and Community Affairs,HCA 76 Housing Code Enforcement,M,134086,0,0,N25
DEP,Department of Environmental Protection,DEP 80 Recycling and Resource Management Division,F,94134,0,0,N17
ABS,Alcohol Beverage Services,ABS 85 Beer Delivery Operations,M,81985.86,9002.27,0,15
ABS,Alcohol Beverage Services,ABS 85 IT Administration,F,134739.28,15913.33,0,26
DGS,Department of General Services,DGS 36 Fleet Automotive Heavy Equipment,M,102711,11737.13,0,19
HHS,Department of Health and Human Services,HHS 60 Aging & Disability Services Division,F,140274,3883.36,0,N26
FRS,Fire and Rescue Services,FRS 45 EMS Logistics,M,73088.91,0,0,13
ABS,Alcohol Beverage Services,ABS 85 Liquor and Wine Delivery Operations,M,86352,4213.37,0,15
CCL,County Council,CCL 01 Council Members and Staff,F,114365.62,0,0,N22
HHS,Department of Health and Human Services,HHS 60 School Health Services,F,113807.88,0,0,24
HHS,Department of Health and Human Services,HHS 60 School Health Services,F,107912.77,0,0,24
HHS,Department of Health and Human Services,HHS 60 School Health Services,F,116718.2,0,0,24
ABS,Alcohol Beverage Services,ABS 85 Beer Delivery Operations,M,55120.04,146.18,0,10
FRS,Fire and Rescue Services,FRS 45 Station 15,M,84172,28848.31,0,F3
FRS,Fire and Rescue Services,FRS 45 Station 11,M,80163,46858.54,0,F2
FRS,Fire and Rescue Services,FRS 45 Station 35,M,84172,43624.97,0,F3
FRS,Fire and Rescue Services,FRS 45 Field Operations Administration,M,92586,7629.86,0,F4
FRS,Fire and Rescue Services,FRS 45 Station 6,F,84172,17218.6,0,F3
FRS,Fire and Rescue Services,FRS 45 Station 17,M,84172,3005.84,0,F3
FRS,Fire and Rescue Services,FRS 45 Station 12,M,80163,916.25,0,F2
FRS,Fire and Rescue Services,FRS 45 Station 29,M,92586,13169.17,0,F4
FRS,Fire and Rescue Services,FRS 45 Station 24,M,84172,97.76,0,F3
FRS,Fire and Rescue Services,FRS 45 Station 8,M,84172,4780.92,0,F3
FRS,Fire and Rescue Services,FRS 45 Station 25,M,84172,28236.96,0,F3
FRS,Fire and Rescue Services,FRS 45 Station 4,M,84172,9514.51,0,F3
FRS,Fire and Rescue Services,FRS 45 Station 19,M,84172,16837.63,0,F3
FRS,Fire and Rescue Services,FRS 45 Station 19,M,84172,19803.93,0,F3
FRS,Fire and Rescue Services,FRS 45 Station 8,M,84172,3269.58,0,F3
FRS,Fire and Rescue Services,FRS 45 Station 8,M,84172,8344.89,0,F3
FRS,Fire and Rescue Services,FRS 45 Station 31,M,84172,28510.07,0,F3
FRS,Fire and Rescue Services,FRS 45 Station 6,M,84172,0,0,F3
FRS,Fire and Rescue Services,FRS 45 Station 1,M,84172,20510.72,0,F3
FRS,Fire and Rescue Services,FRS 45 Station 25,M,84172,115005.64,0,F3
FRS,Fire and Rescue Services,FRS 45 Station 21,M,84172,10608.82,0,F3
FRS,Fire and Rescue Services,FRS 45 Station 8,M,80163,1404.21,0,F2
FRS,Fire and Rescue Services,FRS 45 Station 10,F,84172,17046.05,0,F3
FRS,Fire and Rescue Services,FRS 45 Station 28,M,84172,21780.81,0,F3
FRS,Fire and Rescue Services,FRS 45 Station 17,M,84172,13503.99,0,F3
FRS,Fire and Rescue Services,FRS 45 Station 25,M,84172,1061.53,0,F3
FRS,Fire and Rescue Services,FRS 45 Station 40,F,87116,52.26,0,F3
FRS,Fire and Rescue Services,FRS 45 Station 30,M,84172,1110.34,0,F3
FRS,Fire and Rescue Services,FRS 45 Station 25,F,80163,336.17,0,F2
FRS,Fire and Rescue Services,FRS 45 Station 29,M,84172,17420.55,0,F3
FRS,Fire and Rescue Services,FRS 45 Station 13,M,84172,41176.61,0,F3
FRS,Fire and Rescue Services,FRS 45 Station 30,M,84172,3534.32,0,F3
FRS,Fire and Rescue Services,FRS 45 Station 3,M,84172,29862.45,0,F3
FRS,Fire and Rescue Services,FRS 45 Station 24,M,84172,488.73,0,F3
REC,Department of Recreation,REC 72 Aquatic Team Management,M,66767.65,0,0,18
PRO,Office of Procurement,PRO 35 Procurement Operations Section,F,88652.59,0,0,23
REC,Department of Recreation,REC 72 Aquatic Team Management,F,92690.92,0,0,21
FRS,Fire and Rescue Services,FRS 45 Station 23,M,84172,0,0,F3
OGM,Office of Grants Management,OGM 27 Director's Office,M,181924.88,0,0,M2
HHS,Department of Health and Human Services,HHS 60 Services to End and Prevent Homelessness Division,F,90001.52,2292.93,0,16
SHF,Sheriff's Office,SHF 48 Administration,M,139078.14,0,0,N26
HHS,Department of Health and Human Services,HHS 60 Office of Eligibility and Support Services,F,88667.9,6666.09,0,20
TBS,Department of Technology and Enterprise Business Solutions,TBS 34 CIO One Face Forward Initiative,M,153585,0,0,N28
DGS,Department of General Services,DGS 36 Facilities Maintenance,M,64452,23.25,0,8
DEP,Department of Environmental Protection,DEP 80 Building and Transportation Programs,F,134086,0,0,N25
POL,Department of Police,POL 47 FSB Traffic Division School Safety Section,M,28292.73,0,0,10
HHS,Department of Health and Human Services,HHS 60 Aging & Disability Services Division,F,119156.42,0,0,24
HHS,Department of Health and Human Services,HHS 60 Behavioral Health and Crisis Services Division,F,37718.23,0,0,13
CCL,County Council,CCL 01 Council Central Staff,F,200829,0,0,M2
HHS,Department of Health and Human Services,HHS 60 Office of Eligibility and Support Services,M,69384.27,0,0,13
DOT,Department of Transportation,DOT 50 Highway Services,M,68348.52,14962.78,0,15
FRS,Fire and Rescue Services,FRS 45 Station 29,M,84172,3769.8,0,F3
HHS,Department of Health and Human Services,HHS 60 Services to End and Prevent Homelessness Division,F,121193.45,0,0,24
HHS,Department of Health and Human Services,HHS 60 Children Youth and Family Services Division,M,96738.76,0,0,21
DOT,Department of Transportation,DOT 50 Transit Special Transportation and Medicaid,F,85588.93,0,0,16
ABS,Alcohol Beverage Services,ABS 85 Cabin John,M,30311.14,45.48,0,12
DOT,Department of Transportation,DOT 50 Highway Services,M,68348.52,23719.18,0,15
ABS,Alcohol Beverage Services,ABS 85 Gaithersburg Square,M,30310.78,149.03,0,12
DGS,Department of General Services,DGS 36 ADA Compliance,M,174641.65,0,0,M3
HHS,Department of Health and Human Services,HHS 60 Office of Eligibility and Support Services,F,90389.61,7234.14,0,22
ABS,Alcohol Beverage Services,ABS 85 Goshen Crossing,M,71603.23,191.14,0,N18
CCL,County Council,CCL 01 Council Members and Staff,F,82875.98,0,0,N18
HHS,Department of Health and Human Services,HHS 60 Director's Office Division,F,134086,0,0,N25
OMB,Office of Management and Budget,OMB 31 Office of Management and Budget,M,131372.76,0,0,N25
HHS,Department of Health and Human Services,HHS 60 Chief Operating Officer Division,F,134086,0,0,N25
HHS,Department of Health and Human Services,HHS 60 Child Welfare Services,F,70932.02,0,0,13
DGS,Department of General Services,DGS 36 Fleet Management Fleet Services,M,102711,5839.4,0,19
DOT,Department of Transportation,DOT 50 Highway Services,M,78625.73,41058.85,0,N18
POL,Department of Police,POL 47 PSB 3rd District Community Action Team,M,94951,30134.47,0,P4
POL,Department of Police,POL 47 PSB 6th District Patrol,F,94951,11800.1,0,P4
LIB,Department of Public Libraries,LIB 71 Germantown Library,F,75909.05,0,0,18
COR,Correction and Rehabilitation,COR 42 DS MCDC Custody and Security,M,84817,28507.2,0,C5
DEP,Department of Environmental Protection,DEP 80 Waste Reduction and Recycling,F,122603,0,0,N23
POL,Department of Police,POL 47 PSB 3rd District Patrol,M,101718,0,0,P4
POL,Department of Police,POL 47 PSB 2nd District Patrol,F,94951,17294.05,0,P4
DOT,Department of Transportation,DOT 50 Transit Silver Spring Ride On,M,85662.01,17421.64,0,T1
DOT,Department of Transportation,DOT 50 Transit Gaithersburg Ride On,M,85662.01,8015.24,0,T1
DOT,Department of Transportation,DOT 50 Transit Silver Spring Ride On,F,89087.79,23147.72,0,T1
DOT,Department of Transportation,DOT 50 Transit Gaithersburg Ride On,M,89087.79,5169.47,0,T1
DOT,Department of Transportation,DOT 50 Transit Gaithersburg Ride On,F,89088,0,0,T1
DOT,Department of Transportation,DOT 50 Transit Silver Spring Ride On,F,85662.01,8577.88,0,T1
DOT,Department of Transportation,DOT 50 Transit COS Taxicab Regulation,M,107323,0,0,20
DOT,Department of Transportation,DOT 50 Transit Silver Spring Ride On,M,77668,3672.28,0,T1
DOT,Department of Transportation,DOT 50 Transit Silver Spring Ride On,M,85662.01,13284.06,0,T1
DOT,Department of Transportation,DOT 50 Transit Gaithersburg Ride On,M,85662,9347.07,0,T1
DOT,Department of Transportation,DOT 50 Transit Gaithersburg Ride On,M,86493,0,0,T1
DOT,Department of Transportation,DOT 50 Transit Nicholson Ride On,F,85662.01,14377.15,0,T1
ABS,Alcohol Beverage Services,ABS 85 Beer Loading,M,53320.09,268.02,0,12
DEP,Department of Environmental Protection,DEP 80 Resource Conversion,F,79296,10506.98,0,13
ABS,Alcohol Beverage Services,ABS 85 Liquor and Wine Loading,M,60621.57,2012.37,0,12
BOE,Board of Elections,BOE 24 Director,M,216971.18,0,0,M1
HHS,Department of Health and Human Services,HHS 60 Public Health Services Division,F,116071.09,0,0,24
ABS,Alcohol Beverage Services,ABS 85 Liquor and Wine Delivery Operations,M,82115.56,1732.23,0,15
DGS,Department of General Services,DGS 36 Fleet Automotive Heavy Equipment,M,102711,10272.57,0,19
HHS,Department of Health and Human Services,HHS 60 Office of Eligibility and Support Services,F,87973.66,0,0,20
REC,Department of Recreation,REC 72 Special Programs,F,94247.82,0,0,20
HHS,Department of Health and Human Services,HHS 60 Office of Eligibility and Support Services,F,106079.08,5.75,0,20
HHS,Department of Health and Human Services,HHS 60 Office of Eligibility and Support Services,F,79296,0,0,13
DOT,Department of Transportation,DOT 50 Highway Services,M,74705.15,21057.62,0,15
ABS,Alcohol Beverage Services,ABS 85 Administrative Services,M,135922.47,19676.68,0,N26
CAT,County Attorney's Office,CAT 30 Health and Human Services,F,166864.55,0,0,N32
HHS,Department of Health and Human Services,HHS 60 Public Health Services Division,F,90149,504.96,0,16
OIG,Office of the Inspector General,OIG 06 Office of the Inspector General,M,153585,0,0,N28
HHS,Department of Health and Human Services,HHS 60 Office of Eligibility and Support Services,F,96718.97,8621.13,0,20
POL,Department of Police,POL 47 HQ Office of the Chief,M,70056,0,0,P2
DOT,Department of Transportation,DOT 50 Transit Silver Spring Ride On,F,85662.01,5109.76,0,T1
DOT,Department of Transportation,DOT 50 Transit Gaithersburg Ride On,M,82236.23,15643.82,0,T1
DOT,Department of Transportation,DOT 50 Transit Gaithersburg Ride On,M,85662.01,4819.63,0,T1
DOT,Department of Transportation,DOT 50 Transit Gaithersburg Ride On,M,85662.01,6837.92,0,T1
DOT,Department of Transportation,DOT 50 Transit Gaithersburg Ride On,M,85662.01,4299.34,0,T1
POL,Department of Police,POL 47 PSB 5th District Patrol,M,91743,7167.14,0,P4
POL,Department of Police,POL 47 PSB 5th District Patrol,F,91743,3787.54,0,P4
HHS,Department of Health and Human Services,HHS 60 Aging & Disability Services Division,F,134110.4,2731.55,0,N26
COR,Correction and Rehabilitation,COR 42 DS MCCF Unit 2 Security,M,82181,61507.26,0,C5
COR,Correction and Rehabilitation,COR 42 DS MCDC Custody and Security,F,75336,690.27,0,C4
COR,Correction and Rehabilitation,COR 42 DS MCCF Unit 1 Security,M,82181,97148.48,0,C5
POL,Department of Police,POL 47 PSB 2nd District Patrol,M,105277,17959,0,P4
DGS,Department of General Services,DGS 36 Fleet Management Fleet Services,M,93874.46,0,0,19
DGS,Department of General Services,DGS 36 Fleet Management Fleet Services,M,80214.69,0,0,19
CEX,Offices of the County Executive,CEX 15 Chief Administrative Officer's Office,F,84302.71,0,0,N27
POL,Department of Police,POL 47 PSB 6th District Patrol,F,91743,1662.68,0,P4
POL,Department of Police,POL 47 PSB 4th District Patrol,M,91743,2613.42,0,P4
POL,Department of Police,POL 47 PSB 1st District Special Assignment Team,M,91743,14560.63,0,P4
POL,Department of Police,POL 47 PSB 3rd District Patrol,M,91743,20713.02,0,P4
DOT,Department of Transportation,DOT 50 Transit Gaithersburg Ride On,M,82236.23,12530.96,0,T1
POL,Department of Police,POL 47 PSB 2nd District Patrol,M,91743,33438.48,0,P4
POL,Department of Police,POL 47 PSB 6th District Patrol,M,91743,8179.65,0,P4
POL,Department of Police,POL 47 PSB 3rd District Patrol,M,91743,41027.12,0,P4
POL,Department of Police,POL 47 PSB 3rd District Patrol,M,91743,13988.78,0,P4
POL,Department of Police,POL 47 PSB 3rd District Patrol,M,91743,2778.74,0,P4
POL,Department of Police,POL 47 PSB 3rd District Patrol,M,88637,2884.96,0,P4
SHF,Sheriff's Office,SHF 48 Sheriff Domestic Violence,M,87236,3907.45,0,G4
TBS,Department of Technology and Enterprise Business Solutions,TBS 34 CIO Chief Information Officer,F,240000,0,0,EX1
POL,Department of Police,POL 47 MSB Communications Division,F,70985.52,29092.15,0,17
REC,Department of Recreation,REC 72 Senior Programs,M,94155.69,0,0,21
REC,Department of Recreation,REC 72 Youth Development Youth Services,M,90461.23,380.03,0,21
FIN,Department of Finance,FIN 32 Safety,M,125816.62,0,0,25
CUS,Community Use of Public Facilities,CUS 70 Core Services Team,M,106826.79,0,0,21
DEP,Department of Environmental Protection,DEP 80 Communications and Public Engagement,F,174641.65,0,0,M3
DGS,Department of General Services,DGS 36 Fleet Automotive Heavy Equipment,M,80214.69,13162.51,0,19
HHS,Department of Health and Human Services,HHS 60 School Health Services,F,112145.98,0,0,24
HHS,Department of Health and Human Services,HHS 60 School Health Services,F,118527.73,0,0,24
SHF,Sheriff's Office,SHF 48 Administration,M,68636.58,1299.08,0,N17
DGS,Department of General Services,DGS 36 Facilities Maintenance,M,84846.67,17350.65,0,15
OIG,Office of the Inspector General,OIG 06 Office of the Inspector General,M,200829,0,0,M2
HHS,Department of Health and Human Services,HHS 60 Aging & Disability Services Division,F,117774.3,0,0,23
POL,Department of Police,POL 47 MSB Training and Education Division,M,80393,2293.46,0,P1
POL,Department of Police,POL 47 FSB Security Services Division,M,90149,12543.68,0,16
FIN,Department of Finance,FIN 32 Information Technology,M,147813.66,0,0,N28
DGS,Department of General Services,DGS 36 Fleet Management Fleet Services,M,102711,740.72,0,19
FIN,Department of Finance,FIN 32 Timekeeping and Payroll,F,112166,0,0,N21
HHS,Department of Health and Human Services,HHS 60 Office of Eligibility and Support Services,F,95470.14,0,0,N25
DGS,Department of General Services,DGS 36 Planning and Development,F,122603,0,0,23
OHR,Office of Human Resources,OHR 33 Health and Employee Welfare,F,107549.52,1767.55,0,N21
HRC,Office of Human Rights,HRC 46 Compliance,F,117717.9,0,0,23
OLO,Office of Legislative Oversight,OLO 03 Legislative Oversight Staff,M,144744.33,0,0,N28
POL,Department of Police,POL 47 FSB Security Services Division,M,77416.76,2965.53,0,16
HHS,Department of Health and Human Services,HHS 60 Child Welfare Services,F,113561.51,7423.15,0,24
DGS,Department of General Services,DGS 36 Central Duplicating,M,122603,0,0,N23
DOT,Department of Transportation,DOT 50 Transportation Management,F,122603,2280.83,0,23
POL,Department of Police,POL 47 FSB Security Services Division,F,83822.32,18640.24,0,16
REC,Department of Recreation,REC 72 Facilities Division,M,87545.72,183,0,21
DOT,Department of Transportation,DOT 50 Highway Services,M,124770.49,0,0,N28
DOT,Department of Transportation,DOT 50 Transit Gaithersburg Ride On,M,82236.23,16712.5,0,T1
DOT,Department of Transportation,DOT 50 Transit Gaithersburg Ride On,M,82236.23,3969.4,0,T1
DOT,Department of Transportation,DOT 50 Transit Safety and Instruction,F,87908.32,473.63,0,N19
HHS,Department of Health and Human Services,HHS 60 School Health Services,F,58115.33,0,0,16
HHS,Department of Health and Human Services,HHS 60 School Health Services,M,58115.33,0,0,16
DOT,Department of Transportation,DOT 50 Transit Gaithersburg Ride On,F,85662.01,12866.46,0,T1
DOT,Department of Transportation,DOT 50 Transit Gaithersburg Ride On,M,85662.01,24851.48,0,T1
DOT,Department of Transportation,DOT 50 Transit COS Passenger Facilities,M,81203.4,439.47,0,17
DOT,Department of Transportation,DOT 50 Transit Gaithersburg Ride On,M,85662.01,4890.22,0,T1
DOT,Department of Transportation,DOT 50 Transit Gaithersburg Ride On,F,85662.01,5691.76,0,T1
DOT,Department of Transportation,DOT 50 Transit Gaithersburg Ride On,M,85662.01,8686.97,0,T1
DOT,Department of Transportation,DOT 50 Transit Gaithersburg Ride On,M,85662.01,4321.01,0,T1
HHS,Department of Health and Human Services,HHS 60 School Health Services,F,58115.33,0,0,16
HHS,Department of Health and Human Services,HHS 60 School Health Services,F,58115.33,0,0,16
POL,Department of Police,POL 47 PSB 2nd District Patrol,M,108963,23367.31,0,P4
DPS,Department of Permitting Services,"DPS 75 Commercial Sustainability, Energy, and Mechanical",M,162494.25,0,0,M3
DOT,Department of Transportation,DOT 50 Transportation Technical Center,M,76701.28,33069.18,0,20
DGS,Department of General Services,DGS 36 Central Duplicating,F,69377.58,100.07,0,11
HCA,Department of Housing and Community Affairs,HCA 76 Housing Landlord and Tenant Mediation,F,120310.38,0,0,25
CCL,County Council,CCL 01 Council Members and Staff,F,132934.69,0,0,N26
REC,Department of Recreation,REC 72 Senior Programs,F,90461.23,0,0,21
DGS,Department of General Services,DGS 36 Central Duplicating,F,72898,178.71,0,11
DGS,Department of General Services,DGS 36 Property Management,M,112166,33033.29,0,N21
COR,Correction and Rehabilitation,COR 42 PRRS Assessment and Quality Services,F,129879.72,0,0,N26
TBS,Department of Technology and Enterprise Business Solutions,TBS 34 ODT Human Capital Management,F,168264,0,0,N30
POL,Department of Police,POL 47 PSB 3rd District Patrol,M,105277,53856.98,0,P4
FIN,Department of Finance,FIN 32 Timekeeping and Payroll,F,87272.87,269.82,0,N21
POL,Department of Police,POL 47 MSB Personnel Division Background Section,M,112166,0,0,21
HHS,Department of Health and Human Services,HHS 60 Public Health Services Division,F,90149,1095.75,0,16
COR,Correction and Rehabilitation,COR 42 DS MCCF Unit 1 Security,M,84817,39864.98,0,C5
COR,Correction and Rehabilitation,COR 42 PRRS Facility and Security,M,82420.59,39280.93,0,18
DPS,Department of Permitting Services,DPS 75 Residential Plan Review,M,112158.72,0,0,24
DGS,Department of General Services,DGS 36 Fleet Automotive Heavy Equipment,M,117252,13469.36,0,N22
COR,Correction and Rehabilitation,COR 42 DS MCDC Custody and Security,M,82181,55837.97,0,C5
HHS,Department of Health and Human Services,HHS 60 Child Welfare Services,F,118917.58,3318.65,0,24
CEC,Community Engagement Cluster,CEC 16 Commission for Women,F,113748.37,0,0,N23
HHS,Department of Health and Human Services,HHS 60 Services to End and Prevent Homelessness Division,F,117905.18,0,0,24
POL,Department of Police,POL 47 MSB Training and Education Division,M,107323,7290.53,0,20
COR,Correction and Rehabilitation,COR 42 DS MCCF Unit 1 Security,M,82181,75829.19,0,C5
HHS,Department of Health and Human Services,HHS 60 Aging & Disability Services Division,F,121194.12,0,0,24
OAS,Office of Animal Services,OAS 38 Animal Services Division,F,82426.47,569.74,0,20
COR,Correction and Rehabilitation,COR 42 DS MCCF Unit 1 Security,M,82181,60973.75,0,C5
DOT,Department of Transportation,DOT 50 Traffic Engineering Design and Operations,M,117252,634.2,0,22
OAS,Office of Animal Services,OAS 38 Animal Services Division,M,160742,0,0,N29
DOT,Department of Transportation,DOT 50 Transit Gaithersburg Ride On,M,85662.01,1660.35,0,T1
DOT,Department of Transportation,DOT 50 Transit Gaithersburg Ride On,M,85662.01,27893.58,0,T1
DOT,Department of Transportation,DOT 50 Transit Silver Spring Ride On,M,82236.23,22456.64,0,T1
CEC,Community Engagement Cluster,CEC 16 Regional Services Centers,M,127193.18,0,0,N25
ABS,Alcohol Beverage Services,"ABS 85 Licensure, Regulation and Education",M,112630.7,0,0,N25
HHS,Department of Health and Human Services,HHS 60 Behavioral Health and Crisis Services Division,M,140274,0,0,N26
FIN,Department of Finance,FIN 32 Tax Operations,F,90149,256.27,0,16
DEP,Department of Environmental Protection,DEP 80 Monitoring and Planning,M,101038.5,0,0,22
TBS,Department of Technology and Enterprise Business Solutions,TBS 34 OSP Employee Productivity Services,M,153585,0,0,N28
HHS,Department of Health and Human Services,HHS 60 Child Welfare Services,F,98322,70.91,0,18
HHS,Department of Health and Human Services,HHS 60 Child Welfare Services,F,117419.88,0,0,24
HHS,Department of Health and Human Services,HHS 60 Child Welfare Services,F,85302.96,620.64,0,18
DPS,Department of Permitting Services,DPS 75 Residential Inspections,M,112976.26,0,0,23
COR,Correction and Rehabilitation,COR 42 DS MCDC Central Processing Unit,M,75336,22984.38,0,C4
COR,Correction and Rehabilitation,COR 42 DS MCDC Central Processing Unit,M,75336,27009.89,0,C4
DOT,Department of Transportation,DOT 50 Transportation Planning and Design Section,F,90149,0,0,16
HHS,Department of Health and Human Services,HHS 60 Public Health Services Division,M,200829,0,0,M2
FIN,Department of Finance,FIN 32 Accounts Payable,M,140274,0,0,N26
DPS,Department of Permitting Services,DPS 75 Fire Code Compliance,F,117815.76,84.97,0,23
POL,Department of Police,POL 47 MSB Communications Division,F,77340.86,22739.59,0,19
COR,Correction and Rehabilitation,COR 42 PRRS Facility and Security,F,82667.88,24711.94,0,18
POL,Department of Police,POL 47 PSB 2nd District Patrol,M,91743,2214.5,0,P4
POL,Department of Police,POL 47 FSB Traffic Division Vehicle Recovery Section,M,67677.51,6944.6,0,16
HHS,Department of Health and Human Services,HHS 60 Child Welfare Services,F,128198,682.63,0,24
DEP,Department of Environmental Protection,DEP 80 Building and Transportation Programs,F,65002.64,0,0,16
HHS,Department of Health and Human Services,HHS 60 Public Health Services Division,F,109297.86,0,0,N23
LIB,Department of Public Libraries,LIB 71 Little Falls Library,F,40325.37,0,0,21
HHS,Department of Health and Human Services,HHS 60 Public Health Services Division,F,93070.96,0,0,18
DOT,Department of Transportation,DOT 50 Highway Services,F,122603,7132.94,0,23
ABS,Alcohol Beverage Services,ABS 85 Beer Delivery Operations,M,86352,18122.26,0,15
DOT,Department of Transportation,DOT 50 Traffic Engineering Studies Section,M,95015.34,4123.26,0,18
HHS,Department of Health and Human Services,HHS 60 School Health Services,F,115127.6,0,0,24
DEP,Department of Environmental Protection,DEP 80 Recycling and Refuse Services,M,112166,8604.21,0,21
HHS,Department of Health and Human Services,HHS 60 Chief Operating Officer Division,M,127881.45,0,0,N25
ABS,Alcohol Beverage Services,ABS 85 Beer Delivery Operations,M,54670.38,1946.39,0,10
LIB,Department of Public Libraries,LIB 71 Long Branch Library,F,103663.47,0,0,21
COR,Correction and Rehabilitation,COR 42 PRRS Facility and Security,M,80914.39,5442.43,0,20
HHS,Department of Health and Human Services,HHS 60 Child Welfare Services,F,112368.5,0,0,23
LIB,Department of Public Libraries,LIB 71 Olney Library,F,41535.13,0,0,21
HHS,Department of Health and Human Services,HHS 60 School Health Services,F,115127.6,0,0,24
FIN,Department of Finance,FIN 32 Operations and Administration - Risk Management,F,94155.69,0,0,18
POL,Department of Police,POL 47 MSB Information Management and Technology Division Crime Analysis Section,M,134086,0,0,N25
FRS,Fire and Rescue Services,FRS 45 Station 5,M,78571,33485.09,0,F3
FRS,Fire and Rescue Services,FRS 45 Station 29,M,74829,0,0,F2
DGS,Department of General Services,DGS 36 Fleet Management Fleet Services,M,61792.79,0,0,16
FRS,Fire and Rescue Services,FRS 45 Station 32,M,74829,9858.34,0,F2
FRS,Fire and Rescue Services,FRS 45 Technical Operations,M,122187.08,22349.52,0,26
OAS,Office of Animal Services,OAS 38 Animal Services Division,F,71317.08,2037.34,0,16
DGS,Department of General Services,DGS 36 Fleet Management Services,F,134086,0,0,N25
FIN,Department of Finance,FIN 32 Grants Accounting,F,122603,0,0,23
DOT,Department of Transportation,DOT 50 Transit Silver Spring Ride On,M,85662.01,6084.35,0,T1
DOT,Department of Transportation,DOT 50 Transit Gaithersburg Ride On,M,85662.01,22964.8,0,T1
DOT,Department of Transportation,DOT 50 Transit Silver Spring Ride On,M,85662.01,28191.45,0,T1
DOT,Department of Transportation,DOT 50 Transit Silver Spring Ride On,M,85662.01,31139.8,0,T1
DOT,Department of Transportation,DOT 50 Transit Silver Spring Ride On,F,85662.01,16946.34,0,T1
HHS,Department of Health and Human Services,HHS 60 Aging & Disability Services Division,M,95277.77,0,0,18
SHF,Sheriff's Office,SHF 48 Sheriff Domestic Violence,F,85049.37,0,0,20
HHS,Department of Health and Human Services,HHS 60 Public Health Services Division,F,110207.73,0,0,24
HHS,Department of Health and Human Services,HHS 60 Behavioral Health and Crisis Services Division,F,121077.88,0,0,24
NDA,Non-Departmental Account,NDA 99 MCIB,M,214884,0,0,N39
HHS,Department of Health and Human Services,HHS 60 Office of Eligibility and Support Services,M,128778.94,0,0,N25
POL,Department of Police,POL 47 MSB Communications Division,F,77600.98,12398.24,0,19
POL,Department of Police,POL 47 MSB Communications Division,M,140274,0,0,26
NDA,Non-Departmental Account,NDA 99 MCIB,F,117927.49,0,0,N23
HHS,Department of Health and Human Services,HHS 60 Public Health Services Division,F,123822.14,0,0,24
HHS,Department of Health and Human Services,HHS 60 Child Welfare Services,F,79296,467.22,0,13
HHS,Department of Health and Human Services,HHS 60 Behavioral Health and Crisis Services Division,F,140274,0,0,N26
HHS,Department of Health and Human Services,HHS 60 Services to End and Prevent Homelessness Division,F,175911.6,0,0,M2
POL,Department of Police,POL 47 PSB 3rd District Patrol,M,101718,92246.62,0,P4
POL,Department of Police,POL 47 PSB 3rd District Patrol,M,91743,53692.86,0,P4
POL,Department of Police,POL 47 PSB 4th District Patrol,M,91743,0,0,P4
POL,Department of Police,POL 47 FSB Special Operations Division Canine Section,M,91743,18281.04,0,P4
POL,Department of Police,POL 47 PSB 3rd District Patrol,M,91743,1270.9,0,P4
POL,Department of Police,POL 47 PSB 6th District Patrol,F,91743,40315.2,0,P4
POL,Department of Police,POL 47 PSB 3rd District Patrol,M,91743,29141.21,0,P4
POL,Department of Police,POL 47 PSB 5th District Community Action Team,M,101718,15517.68,0,P4
POL,Department of Police,POL 47 PSB 6th District Patrol,M,105277,21374.21,0,P4
POL,Department of Police,POL 47 PSB 6th District Patrol,M,91743,20225.31,0,P4
CEC,Community Engagement Cluster,CEC 16 Community Partnerships,M,110509.24,0,0,23
CEC,Community Engagement Cluster,CEC 16 Gilchrist Center,F,38532.36,222.32,0,13
OCP,Office of Consumer Protection,OCP 39 Operations,F,103091.03,0,0,23
LIB,Department of Public Libraries,LIB 71 Long Branch Library,M,83330.34,0,0,21
HHS,Department of Health and Human Services,HHS 60 Office of Eligibility and Support Services,F,93256.07,8334.11,0,20
HHS,Department of Health and Human Services,HHS 60 Behavioral Health and Crisis Services Division,F,110604.41,0,0,24
SHF,Sheriff's Office,SHF 48 Courthouse Security,M,87236,2275.39,0,G4
DGS,Department of General Services,DGS 36 Facilities Maintenance,F,56543.62,1600.12,0,8
HHS,Department of Health and Human Services,HHS 60 Chief Operating Officer Division,M,131410.82,0,0,26
POL,Department of Police,POL 47 PSB 4th District Community Action Team,M,84416,26044.56,0,P3
HHS,Department of Health and Human Services,HHS 60 Chief Operating Officer Division,F,100262,0,0,N25
LIB,Department of Public Libraries,LIB 71 Long Branch Library,F,113903.21,0,0,N25
NDA,Non-Departmental Account,NDA 99 MCIB,F,174642,0,0,M3
DGS,Department of General Services,DGS 36 Administration and Budget,F,114884.45,0,0,N25
HHS,Department of Health and Human Services,HHS 60 Public Health Services Division,M,94134,140.66,0,17
LIB,Department of Public Libraries,LIB 71 Damascus Library,F,118840.03,0,0,N25
HHS,Department of Health and Human Services,HHS 60 School Health Services,F,121454.24,0,0,24
HHS,Department of Health and Human Services,HHS 60 Office of Eligibility and Support Services,F,73431.83,0,0,17
HHS,Department of Health and Human Services,HHS 60 Public Health Services Division,F,130181,0,0,25
HHS,Department of Health and Human Services,HHS 60 Services to End and Prevent Homelessness Division,F,124700.18,0,0,N25
HHS,Department of Health and Human Services,HHS 60 Chief Operating Officer Division,M,153585,0,0,N28
DOT,Department of Transportation,DOT 50 Transit Gaithersburg Ride On,F,82236.23,11594.17,0,T1
DOT,Department of Transportation,DOT 50 Transit Silver Spring Ride On,M,72531,14198.34,0,T1
DOT,Department of Transportation,DOT 50 Highway Services,M,55517,10379.48,0,15
DOT,Department of Transportation,DOT 50 Transit Gaithersburg Ride On,M,62385.25,405.11,0,9
DOT,Department of Transportation,DOT 50 Highway Services,M,57683.53,14924.23,0,15
DOT,Department of Transportation,DOT 50 Transit Gaithersburg Ride On,F,85662.01,4998.42,0,T1
HHS,Department of Health and Human Services,HHS 60 School Health Services,F,115387.74,0,0,24
HHS,Department of Health and Human Services,HHS 60 School Health Services,F,110207.74,0,0,24
HHS,Department of Health and Human Services,HHS 60 Chief Operating Officer Division,F,83308.25,0,0,18
HHS,Department of Health and Human Services,HHS 60 Aging & Disability Services Division,F,121454.24,0,0,24
FIN,Department of Finance,FIN 32 Accounts Receivable,M,140274,0,0,N26
HHS,Department of Health and Human Services,HHS 60 School Health Services,F,114065.01,0,0,24
HHS,Department of Health and Human Services,HHS 60 Chief Operating Officer Division,F,81751.44,0,0,16
FIN,Department of Finance,FIN 32 Operations and Administration - Controller,F,104051.75,0,0,N21
HHS,Department of Health and Human Services,HHS 60 Chief Operating Officer Division,M,153585,0,0,N28
HHS,Department of Health and Human Services,HHS 60 Behavioral Health and Crisis Services Division,F,140274,0,0,26
OAS,Office of Animal Services,OAS 38 Animal Services Division,F,81338.48,0,0,18
OHR,Office of Human Resources,OHR 33 Strategic Communications,F,128622.56,0,0,N25
ABS,Alcohol Beverage Services,ABS 85 Wholesale Administration,M,192845.4,0,0,M2
BOE,Board of Elections,BOE 24 Registration Services,M,66092.32,0,0,16
POL,Department of Police,POL 47 MSB Communications Division,F,81481.02,10952.97,0,20
POL,Department of Police,POL 47 MSB Communications Division,M,81481.04,31286.9,0,20
POL,Department of Police,POL 47 MSB Communications Division,M,81481.03,6468.92,0,20
HHS,Department of Health and Human Services,HHS 60 Chief Operating Officer Division,M,133647.82,0,0,26
LIB,Department of Public Libraries,LIB 71 Digital Strategies,F,112166,0,0,21
DEP,Department of Environmental Protection,DEP 80 Stormwater BMP Inspection and Maintenance,M,112999.4,0,0,23
HHS,Department of Health and Human Services,HHS 60 Aging & Disability Services Division,F,140274,3789.6,0,N26
TBS,Department of Technology and Enterprise Business Solutions,TBS 34 OSP Enterprise Services Team,M,152231.42,0,0,N28
HHS,Department of Health and Human Services,HHS 60 Behavioral Health and Crisis Services Division,F,106000,0,0,24
HHS,Department of Health and Human Services,HHS 60 Behavioral Health and Crisis Services Division,F,121454.26,0,0,24
OHR,Office of Human Resources,"OHR 33 Policy, Practice and Strategic Communications",M,172639.85,0,0,M2
HHS,Department of Health and Human Services,HHS 60 Child Welfare Services,F,106771.02,17706.21,0,24
HHS,Department of Health and Human Services,HHS 60 Behavioral Health and Crisis Services Division,F,139309.5,0,0,N26
ABS,Alcohol Beverage Services,ABS 85 Clarksburg Village,M,47065.37,906.45,0,12
COR,Correction and Rehabilitation,COR 42 DS Food Services,F,134336.12,0,0,N26
OLR,Office of Labor Relations,OLR 26 Labor Relations Division,M,138779.46,0,0,N26
HHS,Department of Health and Human Services,HHS 60 Chief Operating Officer Division,M,153585,0,0,N28
ABS,Alcohol Beverage Services,ABS 85 Seneca Meadows,F,70582.47,1233.37,0,N18
PRO,Office of Procurement,PRO 35 Procurement Operations Section,M,94674.97,0,0,23
HHS,Department of Health and Human Services,HHS 60 Behavioral Health and Crisis Services Division,F,160831.08,0,0,M3
PRO,Office of Procurement,PRO 35 Procurement Operations Section,M,110791.68,0,0,23
HHS,Department of Health and Human Services,HHS 60 Behavioral Health and Crisis Services Division,F,75863.44,0,0,18
HHS,Department of Health and Human Services,HHS 60 Aging & Disability Services Division,F,78249.26,0,0,18
OLO,Office of Legislative Oversight,OLO 03 Legislative Oversight Staff,F,116716.12,0,0,N26
DPS,Department of Permitting Services,DPS 75 Information Technology Services,M,98545.5,0,0,N26
HHS,Department of Health and Human Services,HHS 60 Director's Office Division,F,93039.25,0,0,21
HHS,Department of Health and Human Services,HHS 60 Office of Eligibility and Support Services,F,96093.4,504.61,0,22
DEP,Department of Environmental Protection,DEP 80 Resource Conversion,M,120570.51,3721.03,0,23
COR,Correction and Rehabilitation,COR 42 DS MCDC Custody and Security,M,75336,11366.5,0,C4
HHS,Department of Health and Human Services,HHS 60 Aging & Disability Services Division,F,212000,0,0,EX3
HHS,Department of Health and Human Services,HHS 60 Director's Office Division,M,122603,0,0,23
CCL,County Council,CCL 01 Council Central Staff,F,121946.69,0,0,N25
COR,Correction and Rehabilitation,COR 42 DS MCCF Unit 3 Security,M,82181,123801.16,0,C5
COR,Correction and Rehabilitation,COR 42 DS MCCF Unit 3 Security,M,82181,44900.04,0,C5
HHS,Department of Health and Human Services,HHS 60 Office of Eligibility and Support Services,M,87898.42,5427.48,0,22
ABS,Alcohol Beverage Services,ABS 85 Seneca Meadows,M,64165.9,127.41,0,14
HHS,Department of Health and Human Services,HHS 60 Director's Office Division,F,91662.69,0,0,18
DPS,Department of Permitting Services,DPS 75 Land Development Sediment and Stormwater Inspection,M,134086,0,0,N25
ABS,Alcohol Beverage Services,ABS 85 Muddy Branch,F,64165.89,201.48,0,14
POL,Department of Police,POL 47 MSB Information Mgmt and Tech Division Records Management Section,M,122603,5842.82,0,23
DOT,Department of Transportation,DOT 50 Transit Gaithersburg Ride On,F,82236.23,4199.43,0,T1
ABS,Alcohol Beverage Services,ABS 85 Liquor and Wine Delivery Operations,M,54930.87,1130.35,0,10
DEP,Department of Environmental Protection,DEP 80 Waste Reduction and Recycling,M,112166,232.9,0,21
CAT,County Attorney's Office,CAT 30 Support Services,M,75446.79,0,0,N13
FIN,Department of Finance,FIN 32 Division of Fiscal Management,F,200829,0,0,M2
HHS,Department of Health and Human Services,HHS 60 Children Youth and Family Services Division,F,112166,0,0,21
HCA,Department of Housing and Community Affairs,HCA 76 Rent Stabilization,M,79173.57,0,0,21
ABS,Alcohol Beverage Services,ABS 85 Potomac,M,64714.87,10.38,0,14
FIN,Department of Finance,FIN 32 General Accounting,F,112166,0,0,21
HHS,Department of Health and Human Services,HHS 60 Child Welfare Services,F,117691.78,0,0,24
CEC,Community Engagement Cluster,CEC 16 Gilchrist Center,F,66728.09,3032.8,0,13
ABS,Alcohol Beverage Services,ABS 85 Wholesale Administration,M,147092.02,0,0,M3
DGS,Department of General Services,DGS 36 Automation,M,153585,0,0,N28
POL,Department of Police,POL 47 FSB Special Operations Division,F,93594,17164.76,0,P3
ABS,Alcohol Beverage Services,ABS 85 Seneca Meadows,M,29415.85,49.52,0,12
DPS,Department of Permitting Services,DPS 75 Customer Support,F,78452.1,386,0,15
HHS,Department of Health and Human Services,HHS 60 Chief Operating Officer Division,F,88152.46,0,0,21
POL,Department of Police,POL 47 PSB 4th District Patrol,M,91743,10744.65,0,P4
POL,Department of Police,POL 47 CRB Policy and Planning Division,F,124684.23,140.59,0,N25
OIG,Office of the Inspector General,OIG 06 Office of the Inspector General,M,174641.65,0,0,M3
ABS,Alcohol Beverage Services,ABS 85 Aspen Hill,F,29415.85,0,0,12
HHS,Department of Health and Human Services,HHS 60 Office of Eligibility and Support Services,F,75029.61,203.04,0,20
HHS,Department of Health and Human Services,HHS 60 Public Health Services Division,F,137089.24,0,0,26
HHS,Department of Health and Human Services,HHS 60 Office of Eligibility and Support Services,F,87837.58,4990.81,0,20
HHS,Department of Health and Human Services,HHS 60 Child Welfare Services,F,73579.11,0,0,16
CAT,County Attorney's Office,"CAT 30 Zoning, Land Use and Economic Development",M,167373.61,0,0,N32
HHS,Department of Health and Human Services,HHS 60 Office of Eligibility and Support Services,M,91217.58,2127.61,0,22
SHF,Sheriff's Office,SHF 48 Attachments,F,84519,2040.89,0,G4
POL,Department of Police,POL 47 PSB 3rd District Patrol,M,98275,25051.85,0,P4
POL,Department of Police,POL 47 PSB 2nd District Patrol,M,84416,20462.56,0,P3
POL,Department of Police,POL 47 PSB 3rd District Patrol,M,88637,21011.66,0,P4
POL,Department of Police,POL 47 PSB 3rd District Patrol,F,88637,25197.92,0,P4
POL,Department of Police,POL 47 PSB 3rd District Patrol,F,80393,19681.4,0,P2
POL,Department of Police,POL 47 PSB 5th District Patrol,M,88637,3612.15,0,P4
SHF,Sheriff's Office,SHF 48 Sheriff Domestic Violence,M,76981,323.55,0,G3
FRS,Fire and Rescue Services,FRS 45 Technology Services,F,153585,0,0,N28
HHS,Department of Health and Human Services,HHS 60 Office of Eligibility and Support Services,F,89402.87,3533.85,0,20
CEC,Community Engagement Cluster,CEC 16 Community Partnerships,F,71041.99,0,0,N28
CEC,Community Engagement Cluster,CEC 16 Gilchrist Center,M,124684.23,0,0,N25
CAT,County Attorney's Office,CAT 30 Insurance Defense Litigation,F,156550.01,0,0,N32
CCL,County Council,CCL 01 Council Central Staff,F,176421.95,0,0,N32
HHS,Department of Health and Human Services,HHS 60 Aging & Disability Services Division,F,122603,0,0,N23
HHS,Department of Health and Human Services,HHS 60 School Health Services,F,117347.1,0,0,24
POL,Department of Police,POL 47 PSB 4th District Patrol,M,88637,41133.54,0,P4
FRS,Fire and Rescue Services,FRS 45 Station 18,M,78571,31931.46,0,F3
FRS,Fire and Rescue Services,FRS 45 Station 3,M,74829,21056.04,0,F2
FRS,Fire and Rescue Services,FRS 45 Station 22,M,78571,25764.81,0,F3
FRS,Fire and Rescue Services,FRS 45 Station 5,M,74829,7418.61,0,F2
FRS,Fire and Rescue Services,FRS 45 Station 28,M,74829,8580.58,0,F2
FRS,Fire and Rescue Services,FRS 45 Station 10,F,78571,2368.84,0,F3
FRS,Fire and Rescue Services,FRS 45 Station 25,M,78571,29394.31,0,F3
FRS,Fire and Rescue Services,FRS 45 Station 23,M,74829,9169.93,0,F2
FRS,Fire and Rescue Services,FRS 45 Station 40,M,78571,21485.17,0,F3
FRS,Fire and Rescue Services,FRS 45 Station 25,M,78571,8184.28,0,F3
FRS,Fire and Rescue Services,FRS 45 Station 30,M,78571,18947.13,0,F3
FRS,Fire and Rescue Services,FRS 45 Station 30,M,78571,41485.74,0,F3
FRS,Fire and Rescue Services,FRS 45 Station 12,M,78571,11852.88,0,F3
FRS,Fire and Rescue Services,FRS 45 Station 1,F,78571,0,0,F3
FRS,Fire and Rescue Services,FRS 45 Station 16,M,78571,17226.54,0,F3
FRS,Fire and Rescue Services,FRS 45 Station 12,M,78571,5683.03,0,F3
FRS,Fire and Rescue Services,FRS 45 Station 8,M,74829,2511.51,0,F2
FRS,Fire and Rescue Services,FRS 45 Station 21,M,78571,31179.73,0,F3
FRS,Fire and Rescue Services,FRS 45 Station 2,M,78571,14821.87,0,F3
FRS,Fire and Rescue Services,FRS 45 Station 17,M,78571,25418.25,0,F3
FRS,Fire and Rescue Services,FRS 45 Station 16,M,78571,3391.83,0,F3
FRS,Fire and Rescue Services,FRS 45 Station 2,M,78571,10827.17,0,F3
FRS,Fire and Rescue Services,FRS 45 Station 29,M,78571,43135.95,0,F3
FRS,Fire and Rescue Services,FRS 45 Station 1,M,74829,1011.83,0,F2
FRS,Fire and Rescue Services,FRS 45 Station 24,M,78571,22554.48,0,F3
FRS,Fire and Rescue Services,FRS 45 Station 32,F,78571,5329.18,0,F3
HHS,Department of Health and Human Services,HHS 60 Public Health Services Division,F,128198,0,0,N24
CCL,County Council,CCL 01 Council Central Staff,F,176421.96,0,0,M2
CCL,County Council,CCL 01 Council Central Staff,F,117823.23,0,0,N25
OIG,Office of the Inspector General,OIG 06 Office of the Inspector General,F,116804.18,0,0,N28
HHS,Department of Health and Human Services,HHS 60 Chief Operating Officer Division,M,129793.34,0,0,N25
FRS,Fire and Rescue Services,FRS 45 Budgets and Grants,M,123143.28,0,0,N25
FRS,Fire and Rescue Services,FRS 45 Behavioral Health,F,163243.9,0,0,N31
POL,Department of Police,POL 47 MSB Information Management and Technology Division Crime Analysis Section,M,103271.33,0,0,22
HHS,Department of Health and Human Services,HHS 60 Office of Eligibility and Support Services,F,80852.35,589.89,0,20
HHS,Department of Health and Human Services,HHS 60 Child Welfare Services,F,90149,0,0,16
HHS,Department of Health and Human Services,HHS 60 Child Welfare Services,F,39647.79,0,0,13
OLR,Office of Labor Relations,OLR 26 Labor Relations Division,F,227000,0,0,EX3
COR,Correction and Rehabilitation,COR 42 DS MCCF Unit 1 Security,F,77171,38408.64,0,C5
DPS,Department of Permitting Services,DPS 75 Commercial Structural and Complex Structures,M,125730.04,0,0,26
PRO,Office of Procurement,PRO 35 Procurement Division,M,71272.83,124.77,0,N18
HHS,Department of Health and Human Services,HHS 60 Aging & Disability Services Division,M,100694.14,2279.4,0,24
POL,Department of Police,POL 47 MSB Communications Division,F,119044.19,1250.87,0,24
HHS,Department of Health and Human Services,HHS 60 Public Health Services Division,M,79970.01,0,0,18
CCL,County Council,CCL 01 Council Central Staff,M,120483.27,0,0,N25
HHS,Department of Health and Human Services,HHS 60 Aging & Disability Services Division,F,94228.83,0,0,21
POL,Department of Police,POL 47 MSB Information Mgmt and Tech Division Records Management Section,M,71269.14,477.07,0,16
HHS,Department of Health and Human Services,HHS 60 School Health Services,F,106480.79,0,0,24
HHS,Department of Health and Human Services,HHS 60 Public Health Services Division,F,106480.8,0,0,24
PIO,Office of Public Information,PIO 23 Information,M,200829,0,0,M2
POL,Department of Police,POL 47 FSB Traffic Division School Safety Section,F,26536.65,0,0,10
POL,Department of Police,POL 47 FSB Traffic Division School Safety Section,F,26536.65,0,0,10
POL,Department of Police,POL 47 FSB Traffic Division School Safety Section,M,26536.65,0,0,10
HHS,Department of Health and Human Services,HHS 60 Director's Office Division,F,116493.24,0,0,23
POL,Department of Police,POL 47 FSB Traffic Division School Safety Section,F,26536.65,0,0,10
DOT,Department of Transportation,DOT 50 Transportation Planning and Design Section,F,104387.45,0,0,21
OMB,Office of Management and Budget,OMB 31 Office of Management and Budget,F,152483.72,0,0,N28
COR,Correction and Rehabilitation,COR 42 DS MCCF Unit 2 Security,F,79633,84855.71,0,C5
HHS,Department of Health and Human Services,HHS 60 Aging & Disability Services Division,F,94251.92,0,0,21
POL,Department of Police,POL 47 FSB Traffic Division School Safety Section,M,26536.65,0,0,10
POL,Department of Police,POL 47 FSB Traffic Division School Safety Section,F,26536.65,0,0,10
POL,Department of Police,POL 47 FSB Traffic Division School Safety Section,M,26536.65,0,0,10
POL,Department of Police,POL 47 FSB Traffic Division School Safety Section,F,26536.65,0,0,10
POL,Department of Police,POL 47 FSB Traffic Division School Safety Section,M,26536.65,0,0,10
POL,Department of Police,POL 47 FSB Traffic Division School Safety Section,F,26536.65,0,0,10
DOT,Department of Transportation,DOT 50 Highway Services,M,62386.73,28391.7,0,15
DEP,Department of Environmental Protection,DEP 80 Recycling and Refuse Services,M,106518.14,15353.54,0,21
HHS,Department of Health and Human Services,HHS 60 Children Youth and Family Services Division,M,113833.2,0,0,N23
POL,Department of Police,POL 47 MSB Communications Division,M,78726.35,14452.5,0,20
DEP,Department of Environmental Protection,DEP 80 Recycling and Refuse Services,M,108513.17,12488.37,0,21
POL,Department of Police,POL 47 FSB Traffic Division School Safety Section,F,26536.65,0,0,10
CCL,County Council,CCL 01 Council Central Staff,M,122603,0,0,N23
POL,Department of Police,POL 47 FSB Security Services Division,M,200829,0,0,M2
HHS,Department of Health and Human Services,HHS 60 Behavioral Health and Crisis Services Division,F,127816.02,2018.97,0,24
POL,Department of Police,POL 47 MSB Communications Division,F,74977.48,6562.24,0,19
POL,Department of Police,POL 47 MSB Communications Division,F,74977.48,18572.74,0,19
DOT,Department of Transportation,DOT 50 Traffic Engineering Design and Operations,F,75508.17,2072.46,0,18
POL,Department of Police,POL 47 FSB Traffic Division School Safety Section,F,26536.65,38.28,0,10
HCA,Department of Housing and Community Affairs,HCA 76 Affordable Housing Programs,F,120749.27,0,0,23
REC,Department of Recreation,REC 72 Information Technology,M,140274,0,0,26
COR,Correction and Rehabilitation,COR 42 DS MCCF Unit 2 Security,M,61765,0,0,C3
SHF,Sheriff's Office,SHF 48 Administration,M,64048,0,0,G1
ABS,Alcohol Beverage Services,ABS 85 Beer Warehouse Operations,M,59419.3,876.28,0,13
COR,Correction and Rehabilitation,COR 42 DS MCCF Unit 1 Security,M,79633,44622.05,0,C5
ORE,Office of Racial Equity and Social Justice,ORE 25 Director's Office,F,134086,0,0,N25
HHS,Department of Health and Human Services,HHS 60 Public Health Services Division,F,112166,0,0,21
HCA,Department of Housing and Community Affairs,HCA 76 Housing Development,F,181654.71,0,0,M2
CEX,Offices of the County Executive,CEX 15 Chief Administrative Officer's Office,F,219000,0,0,EX3
HHS,Department of Health and Human Services,HHS 60 Aging & Disability Services Division,F,111737.55,0,0,24
FRS,Fire and Rescue Services,FRS 45 Station 23,M,74829,3843.22,0,F2
HHS,Department of Health and Human Services,HHS 60 Behavioral Health and Crisis Services Division,F,128198,12467.08,0,24
REC,Department of Recreation,REC 72 Special Programs,F,118458.67,0,0,M3
DOT,Department of Transportation,DOT 50 Highway Services,M,62651.76,12869.98,0,15
POL,Department of Police,POL 47 MSB Public Information Office,F,174642,0,0,M3
HHS,Department of Health and Human Services,HHS 60 School Health Services,F,117347.1,0,0,24
COR,Correction and Rehabilitation,COR 42 DS MCCF Unit 1 Security,M,79633,54972.36,0,C5
FIN,Department of Finance,FIN 32 Accounts Payable,F,84905.44,0,0,16
REC,Department of Recreation,REC 72 Aquatic Team Management,M,124291.08,0,0,N25
HHS,Department of Health and Human Services,HHS 60 Services to End and Prevent Homelessness Division,F,113767.91,0,0,23
HHS,Department of Health and Human Services,HHS 60 Public Health Services Division,F,116748.04,0,0,24
DPS,Department of Permitting Services,DPS 75 Commercial Electrical and FPS Inspections,M,114298.71,2163.78,0,24
OAS,Office of Animal Services,OAS 38 Animal Services Division,F,100533.09,2465.05,0,N21
DEP,Department of Environmental Protection,DEP 80 Strategic and Administrative Services Division,F,68703.56,8384.46,0,16
POL,Department of Police,POL 47 MSB Communications Division,F,55517,0,0,15
FRS,Fire and Rescue Services,FRS 45 Station 40,M,78571,19624.76,0,F3
FRS,Fire and Rescue Services,FRS 45 Station 12,F,78571,25287.63,0,F3
FRS,Fire and Rescue Services,FRS 45 Field Recruits,M,62102,9.34,0,F1
LIB,Department of Public Libraries,LIB 71 Deaf Culture Digital Library,M,125803.3,0,0,24
CEC,Community Engagement Cluster,CEC 16 Regional Services Centers,M,155539.76,0,0,M3
ABS,Alcohol Beverage Services,ABS 85 Westwood,M,62526.45,354.95,0,14
ABS,Alcohol Beverage Services,"ABS 85 Licensure, Regulation and Education",M,134086,0,0,N25
TBS,Department of Technology and Enterprise Business Solutions,TBS 34 CIO Enterprise Information Security Office,M,117399.66,0,0,N26
REC,Department of Recreation,REC 72 Facilities Division,M,68500.96,0,0,18
HHS,Department of Health and Human Services,HHS 60 Aging & Disability Services Division,F,128198,0,0,24
COR,Correction and Rehabilitation,COR 42 DS MCCF Unit 1 Security,F,79633,603.12,0,C5
COR,Correction and Rehabilitation,COR 42 MSD Fiscal Services,M,97763.55,0,0,N26
OHR,Office of Human Resources,OHR 33 Strategic Communications,F,61800,0,0,N16
ABS,Alcohol Beverage Services,ABS 85 Beer Delivery Operations,M,53333.42,4730.33,0,10
LIB,Department of Public Libraries,LIB 71 Gaithersburg Library,M,29841.41,0,0,13
HHS,Department of Health and Human Services,HHS 60 Child Welfare Services,F,122603,0,0,23
ABS,Alcohol Beverage Services,ABS 85 Wheaton,M,28551,1548.62,0,12
DPS,Department of Permitting Services,DPS 75 Information Technology Services,M,169555,0,0,M3
HHS,Department of Health and Human Services,HHS 60 Child Welfare Services,F,102724.48,6464.02,0,23
ABS,Alcohol Beverage Services,ABS 85 Cloverly,M,62812.21,1985.06,0,14
OAG,Office of Agriculture,OAG 78 Agricultural Services,F,104113.95,0,0,N21
HHS,Department of Health and Human Services,HHS 60 Public Health Services Division,M,82745,0,0,14
FIN,Department of Finance,FIN 32 General Accounting,M,140274,0,0,N26
HHS,Department of Health and Human Services,HHS 60 Children Youth and Family Services Division,F,38426.51,0,0,16
DOT,Department of Transportation,DOT 50 Transit Silver Spring Ride On,M,85662,15958.02,0,T1
DOT,Department of Transportation,DOT 50 Transit Gaithersburg Ride On,M,82236,12191.38,0,T1
DOT,Department of Transportation,DOT 50 Transit Gaithersburg Ride On,M,72530.54,29035.66,0,T1
CCL,County Council,CCL 01 Council Members and Staff,F,82628.87,0,0,N18
POL,Department of Police,POL 47 PSB 3rd District Patrol,M,84416,10385.02,0,P3
POL,Department of Police,POL 47 PSB 4th District Patrol,M,84416,25057.15,0,P3
POL,Department of Police,POL 47 PSB 3rd District Patrol,M,84416,1097.58,0,P3
POL,Department of Police,POL 47 PSB 3rd District Patrol,F,100263,35154.01,0,P3
POL,Department of Police,POL 47 PSB 3rd District Patrol,M,96870,25146.62,0,P3
POL,Department of Police,POL 47 PSB 4th District Patrol,M,93594,14460.69,0,P3
POL,Department of Police,POL 47 PSB 3rd District Community Action Team,M,84416,19197.14,0,P3
HHS,Department of Health and Human Services,HHS 60 Behavioral Health and Crisis Services Division,F,121052.38,0,0,24
OCP,Office of Consumer Protection,OCP 39 Office of Consumer Protection,M,114185.05,0,0,23
HCA,Department of Housing and Community Affairs,HCA 76 Grants Management,F,109900.19,0,0,25
DEP,Department of Environmental Protection,DEP 80 Waste Reduction and Recycling,M,112166,3076.57,0,21
POL,Department of Police,POL 47 PSB 4th District Patrol,M,84416,12252.65,0,P3
HHS,Department of Health and Human Services,HHS 60 Children Youth and Family Services Division,M,85917.49,0,0,18
POL,Department of Police,POL 47 PSB 3rd District Patrol,M,84416,5429.4,0,P3
HHS,Department of Health and Human Services,HHS 60 School Health Services,F,108792.94,0,0,24
HHS,Department of Health and Human Services,HHS 60 School Health Services,F,58354.31,0,0,16
HHS,Department of Health and Human Services,HHS 60 School Health Services,M,58354.31,0,0,16
HHS,Department of Health and Human Services,HHS 60 Children Youth and Family Services Division,F,66841.34,0,0,18
HHS,Department of Health and Human Services,HHS 60 School Health Services,F,58354.31,0,0,16
HHS,Department of Health and Human Services,HHS 60 School Health Services,F,58354.31,0,0,16
HHS,Department of Health and Human Services,HHS 60 School Health Services,M,58354.31,11.28,0,16
HHS,Department of Health and Human Services,HHS 60 Behavioral Health and Crisis Services Division,F,114446.42,0,0,24
HHS,Department of Health and Human Services,HHS 60 School Health Services,F,111746.49,0,0,24
ABS,Alcohol Beverage Services,ABS 85 Leisure World,M,28551.01,72.33,0,12
HCA,Department of Housing and Community Affairs,HCA 76 Affordable Housing Programs,M,119137.48,0,0,23
HHS,Department of Health and Human Services,HHS 60 Director's Office Division,F,90149,0,0,16
CCL,County Council,CCL 01 Council Central Staff,M,101412.7,0,0,N23
CEC,Community Engagement Cluster,CEC 16 Regional Services Centers,M,123224.42,0,0,N25
FRS,Fire and Rescue Services,FRS 45 Station 22,F,72301,17073.95,0,F2
CEC,Community Engagement Cluster,CEC 16 Regional Services Centers,M,200000,0,0,EX3
CEX,Offices of the County Executive,CEX 15 Chief Administrative Officer's Office,F,213000,0,0,EX2
FRS,Fire and Rescue Services,FRS 45 Station 21,M,78571,7298.2,0,F3
HHS,Department of Health and Human Services,HHS 60 Child Welfare Services,F,102659.93,0,0,23
HHS,Department of Health and Human Services,HHS 60 Children Youth and Family Services Division,F,112166,0,0,21
HHS,Department of Health and Human Services,HHS 60 Public Health Services Division,F,124683.64,0,0,N25
HCA,Department of Housing and Community Affairs,HCA 76 Asset Management,F,134086,0,0,25
HHS,Department of Health and Human Services,HHS 60 Aging & Disability Services Division,F,121593.35,0,0,24
COR,Correction and Rehabilitation,COR 42 MBHS Medical and Behavioral Health Services,F,106229.75,871.24,0,24
CEC,Community Engagement Cluster,CEC 16 Community Engagement Cluster,F,131057.13,0,0,N28
DGS,Department of General Services,DGS 36 Building Design and Construction,F,134086,0,0,N25
DGS,Department of General Services,DGS 36 Building Design and Construction,F,134086,0,0,N25
FIN,Department of Finance,FIN 32 Management and Operations - Director,F,98762.17,0,0,N21
DOT,Department of Transportation,DOT 50 Transit Silver Spring Ride On,M,85662,23440.94,0,T1
DOT,Department of Transportation,DOT 50 Transit Gaithersburg Ride On,M,77668,16447.49,0,T1
DOT,Department of Transportation,DOT 50 Transit Silver Spring Ride On,M,82236,21276.01,0,T1
DOT,Department of Transportation,DOT 50 Transit Silver Spring Ride On,M,82236,22168.56,0,T1
DOT,Department of Transportation,DOT 50 Transit Gaithersburg Ride On,M,82236,23525.42,0,T1
FRS,Fire and Rescue Services,FRS 45 Station 33,M,78571,12983.27,0,F3
FRS,Fire and Rescue Services,FRS 45 Station 12,F,78571,17353.49,0,F3
FRS,Fire and Rescue Services,FRS 45 Station 8,M,78571,530.26,0,F3
FRS,Fire and Rescue Services,FRS 45 Station 8,M,78571,2751.97,0,F3
FRS,Fire and Rescue Services,FRS 45 Station 1,M,75915,18279.21,0,F3
FRS,Fire and Rescue Services,FRS 45 Station 15,M,78571,11062.96,0,F3
FRS,Fire and Rescue Services,FRS 45 Station 23,M,78571,1304.84,0,F3
FRS,Fire and Rescue Services,FRS 45 Station 29,M,78571,17299.81,0,F3
HHS,Department of Health and Human Services,HHS 60 Public Health Services Division,M,88020.63,0,0,21
ABS,Alcohol Beverage Services,ABS 85 Liquor and Wine Delivery Operations,M,86352,6443.42,0,15
COR,Correction and Rehabilitation,COR 42 DS Food Services,F,71692.83,11364.27,0,18
HHS,Department of Health and Human Services,HHS 60 Aging & Disability Services Division,F,107110.41,0,0,N23
COR,Correction and Rehabilitation,COR 42 DS MCDC Custody and Security,F,73018,16978.02,0,C4
HHS,Department of Health and Human Services,HHS 60 Chief Operating Officer Division,F,95690.7,0,0,N25
HHS,Department of Health and Human Services,HHS 60 Chief Operating Officer Division,F,147495.07,0,0,M3
DPS,Department of Permitting Services,DPS 75 Commercial Structural and Complex Structures,M,140274,0,0,26
FRS,Fire and Rescue Services,FRS 45 Station 15,M,78571,47.22,0,F3
FRS,Fire and Rescue Services,FRS 45 Station 16,M,78571,12047.54,0,F3
FRS,Fire and Rescue Services,FRS 45 Station 15,M,78571,9180.53,0,F3
FRS,Fire and Rescue Services,FRS 45 Station 2,M,78571,378.75,0,F3
OLO,Office of Legislative Oversight,OLO 03 Legislative Oversight Staff,F,134086,0,0,N25
HHS,Department of Health and Human Services,HHS 60 Services to End and Prevent Homelessness Division,M,118010.93,0,0,24
HHS,Department of Health and Human Services,HHS 60 Services to End and Prevent Homelessness Division,F,89942.73,3877.09,0,18
DOT,Department of Transportation,DOT 50 Transit Silver Spring Ride On,M,77668.18,982.77,0,T1
DOT,Department of Transportation,DOT 50 Transit Silver Spring Ride On,M,82236,15969.35,0,T1
POL,Department of Police,POL 47 MSB Communications Division,M,75458.29,22786.4,0,19
COR,Correction and Rehabilitation,COR 42 MBHS Medical and Behavioral Health Services,F,79296,668.35,0,13
POL,Department of Police,POL 47 PSB 2nd District Patrol,M,75047,7725.5,0,P2
POL,Department of Police,POL 47 PSB 2nd District Patrol,M,84416,23535.53,0,P3
HHS,Department of Health and Human Services,HHS 60 Public Health Services Division,F,108822.59,0,0,N25
DPS,Department of Permitting Services,DPS 75 Customer Support,M,87949.11,0,0,17
DOT,Department of Transportation,DOT 50 Transportation Planning and Design Section,M,134086,0,0,25
HHS,Department of Health and Human Services,HHS 60 Office of Eligibility and Support Services,F,108638.39,235.04,0,N24
DEP,Department of Environmental Protection,DEP 80 Stormwater BMP Inspection and Maintenance,M,122603,0,0,23
DOT,Department of Transportation,DOT 50 Highway Services,M,72945.82,29215.21,0,N18
DPS,Department of Permitting Services,DPS 75 Commercial Electrical and FPS Inspections,M,108810.51,0,0,21
HHS,Department of Health and Human Services,HHS 60 Behavioral Health and Crisis Services Division,F,112166,0,0,21
HHS,Department of Health and Human Services,HHS 60 Child Welfare Services,F,96000,0,0,23
DPS,Department of Permitting Services,DPS 75 Customer Support,M,83943.75,1266.78,0,17
TBS,Department of Technology and Enterprise Business Solutions,TBS 34 OBP Network Operations Center (NOC),M,162314.44,0,0,N30
DOT,Department of Transportation,DOT 50 Transit Silver Spring Ride On,M,85662,24260.08,0,T1
DOT,Department of Transportation,DOT 50 Transit Gaithersburg Ride On,M,82236,12878.35,0,T1
DOT,Department of Transportation,DOT 50 Transit Nicholson Ride On,M,77668,4683.27,0,T1
DOT,Department of Transportation,DOT 50 Transit Silver Spring Ride On,M,85662,11193.28,0,T1
COR,Correction and Rehabilitation,COR 42 DS MCCF Unit 2 Security,M,73018,93194.38,0,C4
DPS,Department of Permitting Services,DPS 75 Residential Plan Review,M,107485.27,0,0,24
HHS,Department of Health and Human Services,HHS 60 Office of Eligibility and Support Services,F,87666.3,3412.42,0,17
FIN,Department of Finance,FIN 32 General Accounting,F,112166,0,0,21
SHF,Sheriff's Office,SHF 48 Sheriff Domestic Violence,M,82382.71,1452.03,0,20
REC,Department of Recreation,REC 72 Countywide Programs,F,122603,0,0,N23
DOT,Department of Transportation,DOT 50 Transportation Management,M,146770,0,0,27
DPS,Department of Permitting Services,DPS 75 Commercial Structural and Complex Structures,M,96001.24,0,0,19
ABS,Alcohol Beverage Services,ABS 85 Clarksburg Village,M,62812.22,137.73,0,14
CCL,County Council,CCL 01 Council Central Staff,F,124683.64,0,0,N25
CEX,Offices of the County Executive,CEX 15 Chief Administrative Officer's Office,F,98322,0,0,N18
DOT,Department of Transportation,DOT 50 Highway Services,M,63156.58,14088.71,0,15
ABS,Alcohol Beverage Services,ABS 85 Leisure World,F,45681.62,91.93,0,12
ABS,Alcohol Beverage Services,ABS 85 Burtonsville,M,40945.39,1060.93,0,12
REC,Department of Recreation,REC 72 Facilities Division,F,79761.99,0,0,16
CEC,Community Engagement Cluster,CEC 16 Community Partnerships,F,110555.36,0,0,23
DPS,Department of Permitting Services,DPS 75 Land Development Sediment Stormwater Plan Review,M,119303.32,0,0,24
ORE,Office of Racial Equity and Social Justice,ORE 25 Director's Office,F,45310.49,0,0,N21
HCA,Department of Housing and Community Affairs,HCA 76 Housing Code Enforcement,M,88139.48,0,0,21
HCA,Department of Housing and Community Affairs,HCA 76 Housing Code Enforcement,M,133681.48,0,0,N25
CEC,Community Engagement Cluster,CEC 16 Community Partnerships,F,57092.54,0,0,23
CEC,Community Engagement Cluster,CEC 16 Community Partnerships,F,57092.54,0,0,23
HHS,Department of Health and Human Services,HHS 60 Office of Eligibility and Support Services,F,75029.61,0,0,20
CEC,Community Engagement Cluster,CEC 16 Community Partnerships,M,106624.29,0,0,23
COR,Correction and Rehabilitation,COR 42 MBHS Medical and Behavioral Health Services,F,122997.5,18876.84,0,24
HHS,Department of Health and Human Services,HHS 60 Child Welfare Services,F,99412.57,7582.89,0,23
OHR,Office of Human Resources,OHR 33 Classification and Compensation Team,M,158544.29,0,0,M3
HHS,Department of Health and Human Services,HHS 60 Public Health Services Division,F,155323.06,0,0,M3
POL,Department of Police,POL 47 FSB Traffic Division School Safety Section,F,26666.73,0,0,10
HHS,Department of Health and Human Services,HHS 60 Public Health Services Division,F,108865.01,0,0,24
LIB,Department of Public Libraries,LIB 71 Brigadier General Charles E. McGee Library,M,29841.42,0,0,13
ABS,Alcohol Beverage Services,ABS 85 Beer Loading,M,56182.39,7324.24,0,12
POL,Department of Police,POL 47 FSB Traffic Division Automated Traffic Enforcement Section,M,174642,0,0,M3
COR,Correction and Rehabilitation,COR 42 DS MCCF Unit 1 Security,M,73018,70993.94,0,C4
HHS,Department of Health and Human Services,HHS 60 Chief Operating Officer Division,F,134086,0,0,N25
HHS,Department of Health and Human Services,HHS 60 Chief Operating Officer Division,F,94945.17,0,0,N23
HHS,Department of Health and Human Services,HHS 60 Aging & Disability Services Division,F,126127.9,0,0,24
FIN,Department of Finance,FIN 32 Tax Operations,F,82382.71,0,0,16
DPS,Department of Permitting Services,"DPS 75 Commercial Sustainability, Energy, and Mechanical",F,126177.44,0,0,24
OLO,Office of Legislative Oversight,OLO 03 Legislative Oversight Staff,F,115110.23,0,0,N26
CAT,County Attorney's Office,CAT 30 Support Services,F,77141.28,0,0,N15
COR,Correction and Rehabilitation,COR 42 DS MCDC Custody and Security,M,73018,30146.56,0,C4
HHS,Department of Health and Human Services,HHS 60 School Health Services,F,108865.01,0,0,24
HHS,Department of Health and Human Services,HHS 60 Public Health Services Division,F,106740.92,0,0,24
HHS,Department of Health and Human Services,HHS 60 School Health Services,F,111746.49,0,0,24
CEC,Community Engagement Cluster,CEC 16 Community Partnerships,F,106624.3,0,0,23
DOT,Department of Transportation,DOT 50 Transit Silver Spring Ride On,M,77668.18,17755.64,0,T1
DOT,Department of Transportation,DOT 50 Transit Silver Spring Ride On,M,82236,34756.84,0,T1
DPS,Department of Permitting Services,DPS 75 Land Development Right-of-Way Inspection,M,112166,0,0,21
ABS,Alcohol Beverage Services,ABS 85 Kensington,M,42851.29,79.21,0,12
CEX,Offices of the County Executive,CEX 15 Business Advancement Team,M,128245.19,0,0,N25
DEP,Department of Environmental Protection,DEP 80 Stormwater BMP Inspection and Maintenance,M,122603,4007.66,0,23
HHS,Department of Health and Human Services,HHS 60 Office of Eligibility and Support Services,F,75029.61,0,0,20
COR,Correction and Rehabilitation,COR 42 DS MCCF Unit 1 Security,M,73018,21974.16,0,C4
OGM,Office of Grants Management,OGM 27 Office of Grants Management,F,119244.27,0,0,N25
CCL,County Council,CCL 01 Council Central Staff,F,134086,0,0,N25
DOT,Department of Transportation,DOT 50 Transit Silver Spring Ride On,M,85662,10669.89,0,T1
DOT,Department of Transportation,DOT 50 Transit Gaithersburg Ride On,F,85662,3925.35,0,T1
DOT,Department of Transportation,DOT 50 Transit Nicholson Ride On,M,85662,16221.48,0,T1
DOT,Department of Transportation,DOT 50 Transit Gaithersburg Ride On,M,82236,5360.78,0,T1
DOT,Department of Transportation,DOT 50 Transit Nicholson Ride On,F,85662,20073.03,0,T1
DOT,Department of Transportation,DOT 50 Transit Gaithersburg Ride On,M,85662,16147.77,0,T1
DOT,Department of Transportation,DOT 50 Transit Gaithersburg Ride On,M,82236,8990.22,0,T1
HHS,Department of Health and Human Services,HHS 60 School Health Services,F,58354.32,0,0,16
FRS,Fire and Rescue Services,FRS 45 Station 40,M,74829,0,0,F2
FRS,Fire and Rescue Services,FRS 45 Station 2,M,78571,21079.19,0,F3
FRS,Fire and Rescue Services,FRS 45 Station 34,M,78571,8164.46,0,F3
FRS,Fire and Rescue Services,FRS 45 Station 8,F,72301,38.48,0,F2
FRS,Fire and Rescue Services,FRS 45 Station 23,M,74829,30287.29,0,F2
FRS,Fire and Rescue Services,FRS 45 Field Operations Administration,M,36150,420.83,0,F2P
FRS,Fire and Rescue Services,FRS 45 Station 15,M,74829,6397.28,0,F2
FRS,Fire and Rescue Services,FRS 45 Station 25,M,78571,38671.16,0,F3
FRS,Fire and Rescue Services,FRS 45 Station 24,M,74829,521.42,0,F2
FRS,Fire and Rescue Services,FRS 45 Station 33,M,74829,26678.15,0,F2
FRS,Fire and Rescue Services,FRS 45 Station 32,M,78571,69428.41,0,F3
FRS,Fire and Rescue Services,FRS 45 Station 7,M,74829,100.48,0,F2
FRS,Fire and Rescue Services,FRS 45 Station 25,M,74829,548.46,0,F2
FRS,Fire and Rescue Services,FRS 45 Station 29,M,78571,3789.83,0,F3
FRS,Fire and Rescue Services,FRS 45 Station 12,M,74829,56914.35,0,F2
FRS,Fire and Rescue Services,FRS 45 Station 33,M,78571,20896.92,0,F3
FRS,Fire and Rescue Services,FRS 45 Station 32,M,78571,19900.44,0,F3
FRS,Fire and Rescue Services,FRS 45 Station 40,M,78571,26644.03,0,F3
HHS,Department of Health and Human Services,HHS 60 School Health Services,F,56380.99,0,0,16
TBS,Department of Technology and Enterprise Business Solutions,TBS 34 CIO Project Management Staff,M,176156,0,0,N31
ABS,Alcohol Beverage Services,ABS 85 White Oak,M,28551.01,0,0,12
DPS,Department of Permitting Services,DPS 75 Customer Support,M,85003.43,72.32,0,15
ABS,Alcohol Beverage Services,ABS 85 Silver Spring,M,28551.01,321.8,0,12
DEP,Department of Environmental Protection,DEP 80 Stormwater BMP Inspection and Maintenance,M,119448.82,12044.47,0,23
COR,Correction and Rehabilitation,COR 42 DS MCCF Unit 1 Security,F,79633,19515.61,0,C5
DEP,Department of Environmental Protection,DEP 80 Resource Conversion,M,122603,0,0,23
HHS,Department of Health and Human Services,HHS 60 School Health Services,F,106740.92,0,0,24
HHS,Department of Health and Human Services,HHS 60 School Health Services,F,108865.01,0,0,24
POL,Department of Police,POL 47 PSB 3rd District Patrol,M,100263,21657.16,0,P3
FRS,Fire and Rescue Services,FRS 45 Station 33,M,78571,23924.42,0,F3
FRS,Fire and Rescue Services,FRS 45 Station 8,M,78571,8499.45,0,F3
FRS,Fire and Rescue Services,FRS 45 Station 18,M,78571,8091.95,0,F3
FRS,Fire and Rescue Services,FRS 45 Station 25,M,74829,505,0,F2
DOT,Department of Transportation,DOT 50 Transit Gaithersburg Ride On,M,82236.23,8334.64,0,T1
DOT,Department of Transportation,DOT 50 Transit Silver Spring Ride On,M,77668.18,15396.62,0,T1
DOT,Department of Transportation,DOT 50 Transit Gaithersburg Ride On,M,82236.23,12781.1,0,T1
FRS,Fire and Rescue Services,FRS 45 Station 21,M,74829,1083.65,0,F2
FRS,Fire and Rescue Services,FRS 45 Station 21,M,74829,1599.16,0,F2
FRS,Fire and Rescue Services,FRS 45 Station 25,M,78571,1625.2,0,F3
FRS,Fire and Rescue Services,FRS 45 Station 21,M,74829,13734.97,0,F2
FRS,Fire and Rescue Services,FRS 45 Station 22,M,74829,8536.52,0,F2
POL,Department of Police,POL 47 FSB Traffic Division School Safety Section,F,26667.36,0,0,10
CEC,Community Engagement Cluster,CEC 16 Silver Spring Urban District,M,79762,1332.85,0,16
HHS,Department of Health and Human Services,HHS 60 Public Health Services Division,M,79296,0,0,13
HHS,Department of Health and Human Services,HHS 60 Public Health Services Division,F,100820.77,2049.88,0,24
ABS,Alcohol Beverage Services,ABS 85 Liquor and Wine Delivery Operations,M,71658.2,15713.17,0,15
REC,Department of Recreation,REC 72 Facilities Division,M,67925,0,0,18
POL,Department of Police,POL 47 PSB 4th District Patrol,M,84416,15241.57,0,P3
HHS,Department of Health and Human Services,HHS 60 Behavioral Health and Crisis Services Division,M,105265.62,1410.01,0,23
DPS,Department of Permitting Services,DPS 75 Land Development Sediment Stormwater Plan Review,M,116520.42,630.61,0,24
DPS,Department of Permitting Services,DPS 75 Residential Inspections,M,106025.2,0,0,23
POL,Department of Police,POL 47 FSB Traffic Division School Safety Section,F,26666.72,0,0,10
HHS,Department of Health and Human Services,HHS 60 Public Health Services Division,M,122029.4,0,0,N26
CEX,Offices of the County Executive,CEX 15 Chief Administrative Officer's Office,M,210000,0,0,EX3
ABS,Alcohol Beverage Services,ABS 85 Beer Delivery Operations,M,57102.02,3949.38,0,10
FRS,Fire and Rescue Services,FRS 45 Station 40,M,74829,11365.2,0,F2
FRS,Fire and Rescue Services,FRS 45 Station 32,M,74829,1514.98,0,F2
ABS,Alcohol Beverage Services,ABS 85 Liquor and Wine Loading,M,57102.01,2037.83,0,12
HHS,Department of Health and Human Services,HHS 60 Behavioral Health and Crisis Services Division,F,128198,99953.97,0,24
DGS,Department of General Services,DGS 36 Facilities Maintenance,M,98322,52690.83,0,18
HHS,Department of Health and Human Services,HHS 60 Public Health Services Division,F,107193.72,0,0,24
BOE,Board of Elections,BOE 24 Registration Services,M,76207.01,0,0,16
OHR,Office of Human Resources,OHR 33 Equal Employment Opportunity & Diversity,M,95261.64,0,0,N22
DPS,Department of Permitting Services,DPS 75 Land Development Sediment Stormwater Plan Review,F,140274,0,0,26
REC,Department of Recreation,REC 72 Youth Development Youth Services,M,88349.05,0,0,21
HHS,Department of Health and Human Services,HHS 60 Behavioral Health and Crisis Services Division,F,118307.6,0,0,24
DGS,Department of General Services,DGS 36 Fleet Management Fleet Services,M,117252,6489.63,0,N22
FIN,Department of Finance,FIN 32 Division of Fiscal Management,M,168264,0,0,N30
ABS,Alcohol Beverage Services,ABS 85 Goshen Crossing,M,45681.62,3947.33,0,12
COR,Correction and Rehabilitation,COR 42 DS MCCF Unit 1 Security,M,73018,21291.28,0,C4
CEC,Community Engagement Cluster,CEC 16 Community Partnerships,M,55277.69,0,0,23
DGS,Department of General Services,DGS 36 Central Duplicating,M,72898,331.8,0,11
REC,Department of Recreation,REC 72 Senior Programs,F,122603,0,0,N23
COR,Correction and Rehabilitation,COR 42 DS MCDC Custody and Security,F,79633,35827.47,0,C5
DOT,Department of Transportation,DOT 50 Parking Management Parking Operations,M,66164.03,0,0,15
FRS,Fire and Rescue Services,FRS 45 Station 1,F,74829,1273.45,0,F2
ABS,Alcohol Beverage Services,ABS 85 Beer Delivery Operations,M,69234.98,0,0,15
DPS,Department of Permitting Services,DPS 75 Residential Inspections,M,109196.25,1074.54,0,23
FRS,Fire and Rescue Services,FRS 45 Station 31,M,78571,24907.19,0,F3
DGS,Department of General Services,DGS 36 Building Design and Construction,M,122603,1888.51,0,23
HHS,Department of Health and Human Services,HHS 60 Behavioral Health and Crisis Services Division,M,112334.66,0,0,N23
CAT,County Attorney's Office,CAT 30 Health and Human Services,F,156927.84,0,0,N32
POL,Department of Police,POL 47 FSB Traffic Division School Safety Section,F,25764.95,0,0,10
DGS,Department of General Services,DGS 36 Building Design and Construction,M,122603,0,0,23
FRS,Fire and Rescue Services,FRS 45 Fleet Support,M,115737.21,0,0,N25
POL,Department of Police,POL 47 FSB Security Services Division,M,86352,13538.46,0,15
CEX,Offices of the County Executive,CEX 15 County Executive's Office,F,115391.11,0,0,N22
POL,Department of Police,POL 47 PSB 3rd District Community Action Team,M,81559,54971.68,0,P3
POL,Department of Police,POL 47 PSB 3rd District Patrol,F,81559,1982.18,0,P3
POL,Department of Police,POL 47 PSB 6th District Patrol,M,75047,4723.95,0,P2
POL,Department of Police,POL 47 PSB 4th District Patrol,F,81559,13704.5,0,P3
POL,Department of Police,POL 47 PSB 4th District Patrol,M,69157,0,0,P2
POL,Department of Police,POL 47 PSB 4th District Patrol,F,81559,5474.83,0,P3
POL,Department of Police,POL 47 PSB 4th District Patrol,M,81559,23924.05,0,P3
SHF,Sheriff's Office,SHF 48 Warrant Section,F,76981,2412.08,0,G3
DPS,Department of Permitting Services,DPS 75 Land Development Right-of-Way Inspection,M,84104.43,9669.36,0,19
ABS,Alcohol Beverage Services,ABS 85 Beer Delivery Operations,M,51529.88,81.4,0,10
POL,Department of Police,POL 47 FSB Traffic Division School Safety Section,F,25764.95,0,0,10
SHF,Sheriff's Office,SHF 48 Evictions,M,76981,472.17,0,G3
DOT,Department of Transportation,DOT 50 Transportation Construction Section,M,147494.6,0,0,28
POL,Department of Police,POL 47 PSB 6th District Patrol,F,81559,6341.5,0,P3
POL,Department of Police,POL 47 PSB 4th District Patrol,M,81559,2908.6,0,P3
ABS,Alcohol Beverage Services,ABS 85 Beer Delivery Operations,M,51529.88,2323.43,0,10
HHS,Department of Health and Human Services,HHS 60 Child Welfare Services,M,96113.23,1762.84,0,23
CEC,Community Engagement Cluster,CEC 16 Gilchrist Center,F,34187.26,11.97,0,13
LIB,Department of Public Libraries,LIB 71 Davis Library,F,28925.04,0,0,13
HHS,Department of Health and Human Services,HHS 60 Behavioral Health and Crisis Services Division,F,108203.49,0,0,24
FIN,Department of Finance,FIN 32 Treasury Operations,M,90149,1803.77,0,16
HHS,Department of Health and Human Services,HHS 60 Chief Operating Officer Division,F,83757.81,0,0,18
DGS,Department of General Services,DGS 36 Building Design and Construction,M,122603,944.26,0,23
CEC,Community Engagement Cluster,CEC 16 Community Partnerships,F,118717.59,0,0,N25
HHS,Department of Health and Human Services,HHS 60 Chief Operating Officer Division,M,82128.91,0,0,16
OMB,Office of Management and Budget,OMB 31 Office of Management and Budget,F,126550.69,0,0,N28
HHS,Department of Health and Human Services,HHS 60 Child Welfare Services,F,122603,0,0,23
CCL,County Council,CCL 01 Council Members and Staff,F,98312.61,0,0,N18
DOT,Department of Transportation,DOT 50 Highway Services,M,61020.84,5650.16,0,15
OAS,Office of Animal Services,OAS 38 Animal Services Division,F,64404.29,0,0,14
DOT,Department of Transportation,DOT 50 Transit Gaithersburg Ride On,M,77668.18,9128.64,0,T1
DOT,Department of Transportation,DOT 50 Transit Gaithersburg Ride On,M,75406.93,0,0,T1
DOT,Department of Transportation,DOT 50 Transit Gaithersburg Ride On,F,77668.18,4162.46,0,T1
DOT,Department of Transportation,DOT 50 Transit Gaithersburg Ride On,M,92513.83,23429.53,0,T1
DGS,Department of General Services,DGS 36 Central Duplicating,M,70101.48,1422.74,0,11
LIB,Department of Public Libraries,LIB 71 Potomac Library,M,78040.86,0,0,21
CEC,Community Engagement Cluster,CEC 16 Silver Spring Urban District,F,67088,17437.43,0,9
HHS,Department of Health and Human Services,HHS 60 Public Health Services Division,F,52591.79,0,0,24
DEP,Department of Environmental Protection,DEP 80 Resource Conversion,M,77277.94,4290.92,0,16
POL,Department of Police,POL 47 FSB Security Services Division,M,86352,9064.25,0,15
DPS,Department of Permitting Services,DPS 75 Well and Septic Review and Inspections,M,106183.75,0,0,21
CEC,Community Engagement Cluster,CEC 16 Silver Spring Urban District,F,56174.99,2687.7,0,10
CEC,Community Engagement Cluster,CEC 16 Regional Services Centers,M,176058.1,0,0,M2
HHS,Department of Health and Human Services,HHS 60 Chief Operating Officer Division,F,90149,0,0,16
HHS,Department of Health and Human Services,HHS 60 Office of Eligibility and Support Services,F,95382.37,64.54,0,18
HHS,Department of Health and Human Services,HHS 60 Children Youth and Family Services Division,F,107449.82,0,0,21
DEP,Department of Environmental Protection,DEP 80 Resource Conversion,M,61872.2,5581.33,0,13
COR,Correction and Rehabilitation,COR 42 DS MCDC Custody and Security,F,77171,89194.11,0,C5
DPS,Department of Permitting Services,DPS 75 Customer Support,M,92427.73,16.67,0,17
HHS,Department of Health and Human Services,HHS 60 Chief Operating Officer Division,F,134086,0,0,N25
CEC,Community Engagement Cluster,CEC 16 Silver Spring Urban District,M,67088,4005.39,0,9
HHS,Department of Health and Human Services,HHS 60 Public Health Services Division,F,96870.13,1807.54,0,24
COR,Correction and Rehabilitation,COR 42 DS Inmate Records,F,66222.34,7428.13,0,17
COR,Correction and Rehabilitation,COR 42 DS MCCF Case Managers Unit 3,F,78396.05,0,0,22
CEC,Community Engagement Cluster,CEC 16 Silver Spring Urban District,F,69930,4287.62,0,10
ABS,Alcohol Beverage Services,ABS 85 Retail Administration,M,134086,0,0,N25
HHS,Department of Health and Human Services,HHS 60 Aging & Disability Services Division,F,103651.67,0,0,21
COR,Correction and Rehabilitation,COR 42 DS MCDC Custody and Security,M,66530,28658.56,0,C4
DOT,Department of Transportation,DOT 50 Transportation Property Acquisition Section,M,119587.43,0,0,23
OAS,Office of Animal Services,OAS 38 Animal Services Division,F,82426.47,647.62,0,20
POL,Department of Police,POL 47 FSB Traffic Division School Safety Section,F,25764.95,0,0,10
CCL,County Council,CCL 01 Council Members and Staff,F,101931.15,0,0,N26
DEP,Department of Environmental Protection,DEP 80 Strategic and Administrative Services Division,F,47066.88,0,0,17
HCA,Department of Housing and Community Affairs,HCA 76 Housing Code Enforcement,F,100175.01,1661.62,0,21
DGS,Department of General Services,DGS 36 Fleet Management Administration,M,80619.86,0,0,21
TBS,Department of Technology and Enterprise Business Solutions,TBS 34 CIOs Office,M,108715.86,0,0,N23
DGS,Department of General Services,DGS 36 Fleet Management Services,M,90149,6039.69,0,16
DOT,Department of Transportation,DOT 50 Transportation Property Acquisition Section,M,105660.96,0,0,23
LIB,Department of Public Libraries,LIB 71 Olney Library,M,26756.28,0,0,13
POL,Department of Police,POL 47 FSB Traffic Division School Safety Section,F,25764.95,0,0,10
LIB,Department of Public Libraries,LIB 71 Olney Library,F,78040.86,0,0,21
DEP,Department of Environmental Protection,DEP 80 Building and Transportation Programs,M,121376.29,0,0,25
DGS,Department of General Services,DGS 36 Central Duplicating,F,90149,0,0,16
DOT,Department of Transportation,DOT 50 Highway Services,F,62164.89,4550.45,0,15
DOT,Department of Transportation,DOT 50 Parking Management Engineering and Capital Project Management,F,85927.05,7679.6,0,19
POL,Department of Police,POL 47 MSB Communications Division,F,73141.07,18829.42,0,19
OHR,Office of Human Resources,OHR 33 Health and Employee Welfare,F,77064.73,881.51,0,N18
HHS,Department of Health and Human Services,HHS 60 Child Welfare Services,M,102465.34,0,0,23
DEP,Department of Environmental Protection,DEP 80 Climate Programs,M,174642,0,0,M3
POL,Department of Police,POL 47 FSB Traffic Division School Safety Section,F,25764.95,0,0,10
HHS,Department of Health and Human Services,HHS 60 School Health Services,F,103131.33,0,0,24
HHS,Department of Health and Human Services,HHS 60 Aging & Disability Services Division,F,112166,0,0,21
HHS,Department of Health and Human Services,HHS 60 School Health Services,F,56380.99,0,0,16
DGS,Department of General Services,DGS 36 Building Design and Construction,F,72000,0,0,N16
HHS,Department of Health and Human Services,HHS 60 School Health Services,F,56380.99,0,0,16
HHS,Department of Health and Human Services,HHS 60 School Health Services,F,56380.99,0,0,16
CUS,Community Use of Public Facilities,CUS 70 Core Services Team,F,110005.19,0,0,21
HHS,Department of Health and Human Services,HHS 60 Chief Operating Officer Division,M,134086,0,0,N25
FRS,Fire and Rescue Services,FRS 45 Training,F,73741.75,0,0,18
REC,Department of Recreation,REC 72 Facilities Division,M,83015.15,0,0,18
LIB,Department of Public Libraries,LIB 71 Brigadier General Charles E. McGee Library,F,39020.43,0,0,21
DPS,Department of Permitting Services,DPS 75 Director's Office,F,153585,0,0,N28
ABS,Alcohol Beverage Services,ABS 85 King Farm,M,112166,220.02,0,N21
PRO,Office of Procurement,PRO 35 Procurement Operations Section,F,88652.59,0,0,23
OMB,Office of Management and Budget,OMB 31 Office of Management and Budget,F,96033.97,0,0,N23
CAT,County Attorney's Office,CAT 30 Health and Human Services,F,157987.91,0,0,N32
REC,Department of Recreation,REC 72 Facilities Division,F,77821.15,0,0,18
LIB,Department of Public Libraries,LIB 71 Brigadier General Charles E. McGee Library,F,85844.96,0,0,24
HHS,Department of Health and Human Services,HHS 60 Aging & Disability Services Division,F,95360.37,0,0,23
DGS,Department of General Services,DGS 36 Facilities Maintenance,F,66115.99,5933.16,0,12
HHS,Department of Health and Human Services,HHS 60 School Health Services,F,107967.62,0,0,24
CEX,Offices of the County Executive,CEX 15 Business Advancement Team,F,147440.41,0,0,M3
OLO,Office of Legislative Oversight,OLO 03 Legislative Oversight Staff,F,111219.01,0,0,N25
HHS,Department of Health and Human Services,HHS 60 Chief Operating Officer Division,F,90149,223.69,0,N16
DOT,Department of Transportation,DOT 50 Transit Nicholson Ride On,M,75406.93,1034.46,0,T1
DOT,Department of Transportation,DOT 50 Transit Silver Spring Ride On,M,77668.18,11689.89,0,T1
DOT,Department of Transportation,DOT 50 Transit Gaithersburg Ride On,F,77668.18,15061.78,0,T1
DOT,Department of Transportation,DOT 50 Transit Nicholson Ride On,F,75406.93,2626.13,0,T1
DOT,Department of Transportation,DOT 50 Transit Gaithersburg Ride On,M,77668.18,3144.93,0,T1
DOT,Department of Transportation,DOT 50 Transit Nicholson Ride On,M,67962,7112.13,0,T1
DOT,Department of Transportation,DOT 50 Transit COS Marketing,M,85465.6,0,0,18
DOT,Department of Transportation,DOT 50 Transit Gaithersburg Ride On,M,82236.23,5815.7,0,T1
HHS,Department of Health and Human Services,HHS 60 School Health Services,F,56380.99,0,0,16
HHS,Department of Health and Human Services,HHS 60 Public Health Services Division,F,79296,0,0,13
FIN,Department of Finance,FIN 32 General Accounting,F,122603,0,0,23
REC,Department of Recreation,REC 72 Senior Programs,M,90600.85,0,0,21
HHS,Department of Health and Human Services,HHS 60 Child Welfare Services,F,89958.57,2270.69,0,16
HHS,Department of Health and Human Services,HHS 60 Aging & Disability Services Division,F,118891.12,0,0,N26
HHS,Department of Health and Human Services,HHS 60 Public Health Services Division,F,166347.83,0,0,M3
HHS,Department of Health and Human Services,HHS 60 Aging & Disability Services Division,F,108082.83,0,0,21
HHS,Department of Health and Human Services,HHS 60 Children Youth and Family Services Division,F,103651.67,0,0,21
LIB,Department of Public Libraries,LIB 71 Potomac Library,F,103639.01,0,0,24
ORE,Office of Racial Equity and Social Justice,ORE 25 Office of Racial Equity and Social Justice,F,128972.57,0,0,N25
COR,Correction and Rehabilitation,COR 42 DS MCDC Custody and Security,M,77171,141135.37,0,C5
HHS,Department of Health and Human Services,HHS 60 Chief Operating Officer Division,F,89773.07,4532,0,16
COR,Correction and Rehabilitation,COR 42 DS Food Services,F,70743.15,9173.24,0,18
HHS,Department of Health and Human Services,HHS 60 Aging & Disability Services Division,F,93467.4,0,0,21
COR,Correction and Rehabilitation,COR 42 DS MCCF Unit 2 Security,F,70782,6899.63,0,C4
HHS,Department of Health and Human Services,HHS 60 Aging & Disability Services Division,F,107449.82,0,0,21
OAS,Office of Animal Services,OAS 38 Animal Services Division,F,85927.05,0,0,18
DOT,Department of Transportation,DOT 50 Highway Services,M,61020.84,22165.47,0,15
LIB,Department of Public Libraries,LIB 71 Damascus Library,F,26756.3,0,0,13
LIB,Department of Public Libraries,LIB 71 Kensington Park Library,M,26756.28,0,0,13
HHS,Department of Health and Human Services,HHS 60 Aging & Disability Services Division,F,117433.33,0,0,23
DOT,Department of Transportation,DOT 50 Parking Management Engineering and Capital Project Management,M,85773.1,7619.38,0,15
FRS,Fire and Rescue Services,FRS 45 Behavioral Health,F,66429.96,0,0,12
ABS,Alcohol Beverage Services,ABS 85 Administrative Services,M,134086,0,0,N25
TBS,Department of Technology and Enterprise Business Solutions,TBS 34 OMC MC311 Call Center,F,79296,1041,0,13
HCA,Department of Housing and Community Affairs,HCA 76 Housing Landlord and Tenant Mediation,F,149541.68,0,0,M3
DOT,Department of Transportation,DOT 50 Transportation Construction Section,M,121502.9,7990.24,0,23
HHS,Department of Health and Human Services,HHS 60 Children Youth and Family Services Division,F,124295.26,0,0,N25
OAS,Office of Animal Services,OAS 38 Animal Services Division,F,83648.17,1201.49,0,20
DHS,Office of Emergency Management and Homeland Security,DHS 49 Policy and Planning,M,130482.56,705.74,0,26
TBS,Department of Technology and Enterprise Business Solutions,TBS 34 OMC MC311 Call Center,F,73904.31,1240.31,0,16
COR,Correction and Rehabilitation,COR 42 DS MCDC Custody and Security,F,70782,24878.19,0,C4
LIB,Department of Public Libraries,LIB 71 Connie Morella Library,F,44981.08,0,0,21
COR,Correction and Rehabilitation,COR 42 DS MCDC Custody and Security,F,77171,38964.16,0,C5
FIN,Department of Finance,FIN 32 Division of Risk Management,M,200829,0,0,M2
COR,Correction and Rehabilitation,COR 42 DS Inmate Records,F,120266.93,0,0,M3
TBS,Department of Technology and Enterprise Business Solutions,TBS 34 OMC MC311 Call Center,F,79296,164.23,0,13
DEP,Department of Environmental Protection,DEP 80 Waste Reduction and Recycling,F,98697.69,0,0,21
HCA,Department of Housing and Community Affairs,HCA 76 Housing Landlord and Tenant Mediation,F,100324.87,0,0,25
PIO,Office of Public Information,PIO 23 Information,M,120467.28,0,0,N25
CCL,County Council,CCL 01 Council Central Staff,F,110323.71,0,0,N23
COR,Correction and Rehabilitation,COR 42 DS MCDC Custody and Security,M,63688,18693.39,0,C3
COR,Correction and Rehabilitation,COR 42 DS MCCF Unit 2 Security,M,77171,42020.25,0,C5
DOT,Department of Transportation,DOT 50 Highway Services,M,64071.86,20703.78,0,16
ORE,Office of Racial Equity and Social Justice,ORE 25 Director's Office,F,131504.65,0,0,N25
DEP,Department of Environmental Protection,DEP 80 Environmental Compliance Group,M,89725.17,0,0,20
HHS,Department of Health and Human Services,HHS 60 Aging & Disability Services Division,M,110323.71,0,0,23
HHS,Department of Health and Human Services,HHS 60 Behavioral Health and Crisis Services Division,F,91734.46,225.66,0,18
FIN,Department of Finance,FIN 32 Accounts Receivable,M,122603,0,0,23
DEP,Department of Environmental Protection,DEP 80 Waste Reduction and Recycling,F,73266.6,0,0,18
ABS,Alcohol Beverage Services,ABS 85 Goshen Crossing,M,27585.51,0,0,12
COR,Correction and Rehabilitation,COR 42 DS MCCF Unit 1 Security,M,70782,58747.59,0,C4
DGS,Department of General Services,DGS 36 Fleet Management Services,M,63671.25,9093.16,0,16
FRS,Fire and Rescue Services,FRS 45 Fleet Operations,M,104434.59,15011.73,0,20
LIB,Department of Public Libraries,LIB 71 Rockville Library,M,78040.86,0,0,21
HHS,Department of Health and Human Services,HHS 60 School Health Services,M,105183.58,238.32,0,24
HHS,Department of Health and Human Services,HHS 60 Public Health Services Division,F,103131.33,0,0,24
CEC,Community Engagement Cluster,CEC 16 Silver Spring Urban District,M,69930,18294.54,0,10
LIB,Department of Public Libraries,LIB 71 Marilyn J Praisner Library,F,78040.86,0,0,21
FRS,Fire and Rescue Services,FRS 45 Technology Services,M,122603,0,0,23
POL,Department of Police,POL 47 MSB Personnel Division Administration,F,110323.71,0,0,N23
DOT,Department of Transportation,DOT 50 Transit Gaithersburg Ride On,M,77668.18,7404.57,0,T1
DOT,Department of Transportation,DOT 50 Transit Silver Spring Ride On,M,77668.18,14640.94,0,T1
DOT,Department of Transportation,DOT 50 Transit Silver Spring Ride On,M,77668.18,15569.27,0,T1
DOT,Department of Transportation,DOT 50 Transit Gaithersburg Ride On,M,82236.23,17573.78,0,T1
DOT,Department of Transportation,DOT 50 Transit Gaithersburg Ride On,F,82236,17268.29,0,T1
POL,Department of Police,POL 47 MSB Training and Education Division,M,30157.91,0,0,10
FRS,Fire and Rescue Services,FRS 45 Station 21,M,72301,9093.66,0,F2
HHS,Department of Health and Human Services,HHS 60 Office of Eligibility and Support Services,F,66868.01,0,0,13
DOT,Department of Transportation,DOT 50 Highway Services,F,110323.71,2310.79,0,23
PRO,Office of Procurement,PRO 35 Procurement Operations Section,M,88652.59,0,0,23
DGS,Department of General Services,DGS 36 Fleet Automotive Heavy Equipment,F,87722.8,18995.96,0,21
OHR,Office of Human Resources,OHR 33 Director's Office,F,223763.7,0,0,M1
DOT,Department of Transportation,DOT 50 Transit COS Marketing,F,97238.39,0,0,21
COR,Correction and Rehabilitation,COR 42 DS MCCF Unit 1 Security,M,70782,21974.14,0,C4
DOT,Department of Transportation,DOT 50 Parking Management Engineering and Capital Project Management,M,77064.73,5267.97,0,15
POL,Department of Police,POL 47 PSB 3rd District Patrol,M,90431,8012.06,0,P3
POL,Department of Police,POL 47 MSB Information Mgmt and Tech Division Records Management Section,F,76667.26,25.94,0,15
POL,Department of Police,POL 47 PSB 4th District Patrol,M,81559,12613.09,0,P3
COR,Correction and Rehabilitation,COR 42 DS MCCF Unit 3 Security,M,70782,9309.85,0,C4
DOT,Department of Transportation,DOT 50 Transit Special Transportation and Medicaid,F,95912.41,0,0,18
COR,Correction and Rehabilitation,COR 42 DS MCCF Unit 3 Security,M,77171,78362.68,0,C5
DPS,Department of Permitting Services,DPS 75 Commercial Bldg/LS/Access/FPS,M,89034.11,87.57,0,25
TBS,Department of Technology and Enterprise Business Solutions,TBS 34 OSP Low Code Governance and Administration,M,181336,0,0,N32
HHS,Department of Health and Human Services,HHS 60 School Health Services,F,56551.43,0,0,16
FRS,Fire and Rescue Services,FRS 45 Recruit Training,M,62102,0,0,F1
HHS,Department of Health and Human Services,HHS 60 Behavioral Health and Crisis Services Division,F,88230.05,0,0,23
HHS,Department of Health and Human Services,HHS 60 School Health Services,F,56551.43,0,0,16
HHS,Department of Health and Human Services,HHS 60 School Health Services,F,56380.99,0,0,16
LIB,Department of Public Libraries,LIB 71 Maggie Nightingale Library,F,23730.69,0,0,8
HHS,Department of Health and Human Services,HHS 60 School Health Services,F,56380.99,0,0,16
HHS,Department of Health and Human Services,HHS 60 Child Welfare Services,M,96116.45,0,0,23
LIB,Department of Public Libraries,LIB 71 Kensington Park Library,F,69104.52,0,0,18
HHS,Department of Health and Human Services,HHS 60 Chief Operating Officer Division,F,134086,0,0,N25
HHS,Department of Health and Human Services,HHS 60 Child Welfare Services,F,96116.45,390.14,0,23
HHS,Department of Health and Human Services,HHS 60 Child Welfare Services,F,96116.45,0,0,23
LIB,Department of Public Libraries,LIB 71 Olney Library,F,106769.35,0,0,N25
POL,Department of Police,POL 47 PSB 2nd District Patrol,M,81559,11565.92,0,P3
COR,Correction and Rehabilitation,COR 42 PTS Intervention Program for Substance Abusers,F,57323.96,0,0,13
PRO,Office of Procurement,PRO 35 Procurement Operations Section,F,86297.31,0,0,23
POL,Department of Police,POL 47 PSB 5th District Patrol,M,81559,9022.6,0,P3
POL,Department of Police,POL 47 MSB Communications Division,F,73875.16,11222.78,0,19
POL,Department of Police,POL 47 PSB 2nd District Patrol,M,81559,19017.62,0,P3
HHS,Department of Health and Human Services,HHS 60 Social Services,F,114536,0,0,N23
HCA,Department of Housing and Community Affairs,HCA 76 Housing Code Enforcement,F,112898.62,692.07,0,23
NDA,Non-Departmental Account,NDA 99 MCIB,M,202077,0,0,N36
ABS,Alcohol Beverage Services,ABS 85 Seneca Meadows,M,58838.68,543.64,0,14
POL,Department of Police,POL 47 PSB 4th District Patrol,F,81559,0,0,P3
HHS,Department of Health and Human Services,HHS 60 Chief Operating Officer Division,M,174475.79,0,0,M3
POL,Department of Police,POL 47 MSB Information Mgmt and Tech Division Records Management Section,M,122603,574.71,0,23
ABS,Alcohol Beverage Services,ABS 85 Beer Loading,M,51926.77,400.33,0,12
POL,Department of Police,POL 47 PSB 6th District Patrol,M,81559,25220.91,0,P3
POL,Department of Police,POL 47 FSB Security Services Division,M,81448.46,23630.91,0,15
POL,Department of Police,POL 47 FSB Traffic Division Automated Traffic Enforcement Section,M,78874.13,0,0,15
ZAH,Office of Zoning and Administrative Hearings,ZAH 05 Director,F,205365.52,0,0,LB2
POL,Department of Police,POL 47 PSB 3rd District Patrol,M,81559,3866.28,0,P3
HHS,Department of Health and Human Services,HHS 60 Office of Eligibility and Support Services,M,128198,277.36,0,N24
POL,Department of Police,POL 47 FSB Security Services Division,F,81448.46,683.33,0,15
NDA,Non-Departmental Account,NDA 99 MCIB,F,130064.5,0,0,N28
HHS,Department of Health and Human Services,HHS 60 Behavioral Health and Crisis Services Division,F,112172.98,0,0,24
HHS,Department of Health and Human Services,HHS 60 Services to End and Prevent Homelessness Division,F,125359.94,0,0,N25
LIB,Department of Public Libraries,LIB 71 Chevy Chase Library,F,100439.11,0,0,N25
HHS,Department of Health and Human Services,HHS 60 Child Welfare Services,F,96116.45,0,0,23
HCA,Department of Housing and Community Affairs,HCA 76 Housing Landlord and Tenant Mediation,F,115360,0,0,25
DPS,Department of Permitting Services,DPS 75 Fire Code Compliance,M,109077.84,1485.55,0,23
HHS,Department of Health and Human Services,HHS 60 Office of Eligibility and Support Services,M,116678.74,0,0,23
LIB,Department of Public Libraries,LIB 71 Wheaton Library,F,108035.39,0,0,N25
OMB,Office of Management and Budget,OMB 31 Office of Management and Budget,M,144750.68,0,0,N28
DGS,Department of General Services,DGS 36 Fleet Automotive Heavy Equipment,M,74863.1,6779.82,0,19
HHS,Department of Health and Human Services,HHS 60 Chief Operating Officer Division,F,110042.94,0,0,23
HHS,Department of Health and Human Services,HHS 60 Office of Eligibility and Support Services,F,67881.52,0,0,13
HHS,Department of Health and Human Services,HHS 60 Behavioral Health and Crisis Services Division,F,86514.15,37874.29,0,18
TBS,Department of Technology and Enterprise Business Solutions,TBS 34 ODT Digital Transformation,M,185000,0,0,EX3
DOT,Department of Transportation,DOT 50 Transit Silver Spring Ride On,F,82236,9271.29,0,T1
DOT,Department of Transportation,DOT 50 Transit Nicholson Ride On,M,77668,15213.52,0,T1
DOT,Department of Transportation,DOT 50 Transit Silver Spring Ride On,M,82236,5777.37,0,T1
DOT,Department of Transportation,DOT 50 Transit Nicholson Ride On,F,77668,0,0,T1
DOT,Department of Transportation,DOT 50 Transit Silver Spring Ride On,F,82236,17822.04,0,T1
DOT,Department of Transportation,DOT 50 Transit Silver Spring Ride On,M,77668,16906.21,0,T1
DOT,Department of Transportation,DOT 50 Transit Silver Spring Ride On,M,77668,9536.16,0,T1
POL,Department of Police,POL 47 MSB Training and Education Division,M,70056,1338.85,0,P1
POL,Department of Police,POL 47 FSB Traffic Division School Safety Section,F,25857.7,0,0,10
DGS,Department of General Services,DGS 36 Fleet Management Fleet Services,M,86345.63,0,0,19
POL,Department of Police,POL 47 MSB Budget & Capital Management Division,M,200057.51,0,0,M2
HHS,Department of Health and Human Services,HHS 60 Services to End and Prevent Homelessness Division,F,126721.5,0,0,N26
HCA,Department of Housing and Community Affairs,HCA 76 Affordable Housing Programs,F,92842.86,0,0,23
HHS,Department of Health and Human Services,HHS 60 Aging & Disability Services Division,M,86745.58,0,0,21
DGS,Department of General Services,DGS 36 Facilities Maintenance,M,70419.59,14948.69,0,18
DGS,Department of General Services,DGS 36 Facilities Maintenance,M,66767.52,16107.26,0,18
HHS,Department of Health and Human Services,HHS 60 Services to End and Prevent Homelessness Division,M,137772.8,0,0,M3
COR,Correction and Rehabilitation,COR 42 DS MCCF Unit 2 Security,M,70782,14241.4,0,C4
OMB,Office of Management and Budget,OMB 31 Office of Management and Budget,F,91742.37,0,0,N21
HHS,Department of Health and Human Services,HHS 60 Public Health Services Division,F,105103.24,1840.91,0,24
LIB,Department of Public Libraries,LIB 71 Damascus Library,M,83255.74,0,0,21
LIB,Department of Public Libraries,LIB 71 Brigadier General Charles E. McGee Library,F,134086,0,0,N25
POL,Department of Police,POL 47 PSB 3rd District Patrol,F,81559,4718.92,0,P3
POL,Department of Police,POL 47 PSB 4th District Patrol,M,81559,0,0,P3
POL,Department of Police,POL 47 FSB Traffic Division School Safety Section,F,25857.7,0,0,10
HCA,Department of Housing and Community Affairs,HCA 76 Licensing,F,145000,0,0,M3
LIB,Department of Public Libraries,LIB 71 Gaithersburg Library,F,100439.11,0,0,24
LIB,Department of Public Libraries,LIB 71 Germantown Library,F,83255.75,0,0,21
LIB,Department of Public Libraries,LIB 71 Quince Orchard Library,M,80697.94,0,0,21
HHS,Department of Health and Human Services,HHS 60 Aging & Disability Services Division,F,97273.99,0,0,21
ZAH,Office of Zoning and Administrative Hearings,ZAH 05 Office of Zoning and Administrative Hearings,M,74005.51,0,0,N18
ZAH,Office of Zoning and Administrative Hearings,ZAH 05 Director,F,201647.22,0,0,LB2
HHS,Department of Health and Human Services,HHS 60 Aging & Disability Services Division,F,134086,0,0,N25
LIB,Department of Public Libraries,LIB 71 Wheaton Library,F,90147.7,0,0,21
POL,Department of Police,POL 47 FSB Traffic Division Automated Traffic Enforcement Section,M,68239.35,369.3,0,15
POL,Department of Police,POL 47 FSB Traffic Division Automated Traffic Enforcement Section,M,86352,0,0,15
HHS,Department of Health and Human Services,HHS 60 Behavioral Health and Crisis Services Division,F,121662.85,864.26,0,24
HHS,Department of Health and Human Services,HHS 60 School Health Services,F,56551.43,0,0,16
HHS,Department of Health and Human Services,HHS 60 School Health Services,F,53985.51,0,0,16
HHS,Department of Health and Human Services,HHS 60 School Health Services,F,56551.44,0,0,16
HHS,Department of Health and Human Services,HHS 60 Aging & Disability Services Division,F,100692.32,0,0,21
HHS,Department of Health and Human Services,HHS 60 Child Welfare Services,F,100922.27,520.19,0,24
HHS,Department of Health and Human Services,HHS 60 Children Youth and Family Services Division,F,134086,0,0,N25
HHS,Department of Health and Human Services,HHS 60 Children Youth and Family Services Division,F,107635.31,0,0,21
PRO,Office of Procurement,PRO 35 Procurement Operations Section,M,86297.33,0,0,23
SHF,Sheriff's Office,SHF 48 Courthouse Security,M,90148,0,0,G3
HHS,Department of Health and Human Services,HHS 60 Child Welfare Services,F,98322,0,0,18
OIG,Office of the Inspector General,OIG 06 Office of the Inspector General,F,153028.41,0,0,M3
HHS,Department of Health and Human Services,HHS 60 School Health Services,F,111327.11,0,0,24
OIG,Office of the Inspector General,OIG 06 Office of the Inspector General,F,132069.08,0,0,N28
HHS,Department of Health and Human Services,HHS 60 School Health Services,F,113816.14,0,0,24
COR,Correction and Rehabilitation,COR 42 MBHS Medical and Behavioral Health Services,F,108540.54,19352.09,0,24
DPS,Department of Permitting Services,DPS 75 Central Services Unit,M,90149,0,0,16
DPS,Department of Permitting Services,DPS 75 Customer Support,F,81309.13,0,0,17
HHS,Department of Health and Human Services,HHS 60 School Health Services,F,94634,0,0,24
HHS,Department of Health and Human Services,HHS 60 School Health Services,F,103316.84,0,0,24
HHS,Department of Health and Human Services,HHS 60 Behavioral Health and Crisis Services Division,M,95420.14,30524.64,0,18
DOT,Department of Transportation,DOT 50 Transportation Technical Center,M,59925.69,3651.16,0,14
HHS,Department of Health and Human Services,HHS 60 Public Health Services Division,F,116897.71,0,0,N25
POL,Department of Police,POL 47 MSB Personnel Division Background Section,M,109361.85,0,0,21
DOT,Department of Transportation,DOT 50 Transit Silver Spring Ride On,M,77668,10481.92,0,T1
DOT,Department of Transportation,DOT 50 Transit Silver Spring Ride On,F,77668,10251.87,0,T1
DOT,Department of Transportation,DOT 50 Transit Silver Spring Ride On,M,77668,11753.01,0,T1
POL,Department of Police,POL 47 MSB Personnel Division Background Section,M,112166,0,0,21
POL,Department of Police,POL 47 MSB Personnel Division Background Section,M,112166,0,0,21
DOT,Department of Transportation,DOT 50 Transit Safety and Instruction,M,82575.23,3640.97,0,N19
DOT,Department of Transportation,DOT 50 Transit Silver Spring Ride On,M,77668,33370,0,T1
POL,Department of Police,POL 47 MSB Training and Education Division,F,69157,0,0,P1
SHF,Sheriff's Office,SHF 48 Sheriff Domestic Violence,M,76981,4205.38,0,G3
POL,Department of Police,POL 47 MSB Personnel Division Background Section,M,112166,0,0,21
POL,Department of Police,POL 47 HQ Office of the Chief,F,75047,402.17,0,P2
SHF,Sheriff's Office,SHF 48 Court and Transport,M,76981,4907.17,0,G3
POL,Department of Police,POL 47 PSB 6th District Patrol,M,81559,27096.85,0,P3
SHF,Sheriff's Office,SHF 48 Court and Transport,M,76981,2368.88,0,G3
POL,Department of Police,POL 47 PSB 4th District Patrol,M,81559,31766.57,0,P3
POL,Department of Police,POL 47 PSB 4th District Patrol,F,77674,0,0,P2
HHS,Department of Health and Human Services,HHS 60 Public Health Services Division,F,132090.25,0,0,N25
COR,Correction and Rehabilitation,COR 42 DS Intake Classification and Re-Entry Services,F,114365.61,4281.74,0,24
DOT,Department of Transportation,DOT 50 Transportation Technical Center,M,94205.18,18202.9,0,18
HHS,Department of Health and Human Services,HHS 60 Office of Eligibility and Support Services,F,80595.78,4603.46,0,20
DGS,Department of General Services,DGS 36 Fleet Management Fleet Services,M,80878.61,0,0,19
HHS,Department of Health and Human Services,HHS 60 Children Youth and Family Services Division,F,103837.19,0,0,21
HHS,Department of Health and Human Services,HHS 60 Director's Office Division,F,92842.86,0,0,21
HCA,Department of Housing and Community Affairs,HCA 76 Licensing,F,79009.08,0,0,21
CCL,County Council,CCL 01 Council Central Staff,M,92378.6,0,0,N21
POL,Department of Police,POL 47 PSB 2nd District Patrol,F,81559,896.22,0,P3
DGS,Department of General Services,DGS 36 Contracting and Accounts Payable,F,103519.8,0,0,23
DOT,Department of Transportation,DOT 50 Transportation Planning and Design Section,M,100734.5,0,0,25
LIB,Department of Public Libraries,LIB 71 Gaithersburg Library,M,85903.23,0,0,21
HHS,Department of Health and Human Services,HHS 60 Social Services,F,82714.49,0,0,N16
OAS,Office of Animal Services,OAS 38 Animal Services Division,F,82351.53,284.11,0,16
HHS,Department of Health and Human Services,HHS 60 Services to End and Prevent Homelessness Division,F,106305.09,0,0,23
FIN,Department of Finance,FIN 32 Tax Operations,M,90149,19.51,0,16
FRS,Fire and Rescue Services,FRS 45 Station 19,M,75915,9818.07,0,F3
FRS,Fire and Rescue Services,FRS 45 Field Operations Administration,M,75915,13873.78,0,F3
FRS,Fire and Rescue Services,FRS 45 Station 33,M,75915,0,0,F3
FRS,Fire and Rescue Services,FRS 45 Station 8,M,75915,6947,0,F3
FRS,Fire and Rescue Services,FRS 45 Station 25,M,72301,139.14,0,F2
FRS,Fire and Rescue Services,FRS 45 Station 31,M,75915,27290.86,0,F3
FRS,Fire and Rescue Services,FRS 45 Station 2,M,75915,3760.59,0,F3
FRS,Fire and Rescue Services,FRS 45 Station 12,M,72301,1983.36,0,F2
FRS,Fire and Rescue Services,FRS 45 Station 15,M,75915,4654.95,0,F3
FRS,Fire and Rescue Services,FRS 45 Station 31,M,72301,34780.45,0,F2
OMB,Office of Management and Budget,OMB 31 Office of Management and Budget,M,132090.25,0,0,N25
SHF,Sheriff's Office,SHF 48 Sheriff Domestic Violence,F,75029.61,0,0,20
DGS,Department of General Services,DGS 36 Facilities,F,71953.11,517.54,0,18
HHS,Department of Health and Human Services,HHS 60 Children Youth and Family Services Division,F,103519.79,0,0,20
OCP,Office of Consumer Protection,OCP 39 Operations,M,112657.47,0,0,23
COR,Correction and Rehabilitation,COR 42 DS MCDC Custody and Security,M,70782,38611.51,0,C4
HHS,Department of Health and Human Services,HHS 60 Public Health Services Division,F,114365.61,0,0,N25
POL,Department of Police,POL 47 MSB Communications Division,F,73875.16,8350.68,0,19
POL,Department of Police,POL 47 FSB Traffic Division School Safety Section,M,25857.7,0,0,10
HHS,Department of Health and Human Services,HHS 60 Office of Eligibility and Support Services,F,117252,3291.25,0,22
FIN,Department of Finance,FIN 32 Timekeeping and Payroll,M,163741.36,0,0,M3
DGS,Department of General Services,DGS 36 Facilities Maintenance,M,86352,26956.01,0,15
DOT,Department of Transportation,DOT 50 Transportation Planning and Design Section,M,107323,146.22,0,20
DOT,Department of Transportation,DOT 50 Highway Administration,M,134086,0,0,25
HHS,Department of Health and Human Services,HHS 60 Behavioral Health and Crisis Services Division,F,114151.38,32988.54,0,24
LIB,Department of Public Libraries,LIB 71 Public Service Administration,M,162300.62,0,0,M2
HHS,Department of Health and Human Services,HHS 60 Director's Office Division,F,93475.87,0,0,20
HHS,Department of Health and Human Services,HHS 60 School Health Services,F,103316.84,409.8,0,24
SHF,Sheriff's Office,SHF 48 Administration,F,97963.12,0,0,N23
DPS,Department of Permitting Services,DPS 75 Director's Office,F,69819.84,0,0,N13
LIB,Department of Public Libraries,LIB 71 Kensington Park Library,F,57323.97,0,0,13
COR,Correction and Rehabilitation,COR 42 DS MCCF Unit 2 Security,M,70782,35127.83,0,C4
HHS,Department of Health and Human Services,HHS 60 Services to End and Prevent Homelessness Division,F,80182.39,0,0,20
COR,Correction and Rehabilitation,COR 42 MBHS Medical and Behavioral Health Services,F,108540.54,77905.84,0,24
HHS,Department of Health and Human Services,HHS 60 School Health Services,M,56551.43,0,0,16
OMB,Office of Management and Budget,OMB 31 Office of Management and Budget,F,144110.45,0,0,N28
PRO,Office of Procurement,PRO 35 Procurement Services Section,F,81448.45,0,0,16
HHS,Department of Health and Human Services,HHS 60 Aging & Disability Services Division,F,91576.81,0,0,20
COR,Correction and Rehabilitation,COR 42 DS MCCF Unit 1 Security,M,77171,41964.87,0,C5
LIB,Department of Public Libraries,LIB 71 Aspen Hill Library,M,28661.98,0,0,13
ABS,Alcohol Beverage Services,ABS 85 Beer Delivery Operations,M,86352,17609.87,0,15
COR,Correction and Rehabilitation,COR 42 DS Food Services,F,66407.85,29829.63,0,17
POL,Department of Police,POL 47 FSB Traffic Division School Safety Section,F,25857.7,0,0,10
HHS,Department of Health and Human Services,HHS 60 Public Health Services Division,F,124145.8,0,0,N25
HHS,Department of Health and Human Services,HHS 60 Chief Operating Officer Division,F,138500,0,0,N26
DOT,Department of Transportation,DOT 50 Transit Nicholson Ride On,F,82236,16411.86,0,T1
DOT,Department of Transportation,DOT 50 Transit Gaithersburg Ride On,M,67088,2712.2,0,9
DOT,Department of Transportation,DOT 50 Transit Gaithersburg Ride On,M,82236,11700.44,0,T1
DOT,Department of Transportation,DOT 50 Transit Gaithersburg Ride On,M,82236,17687.45,0,T1
DOT,Department of Transportation,DOT 50 Transit Nicholson Ride On,M,72531,9304.54,0,T1
DOT,Department of Transportation,DOT 50 Transit Gaithersburg Ride On,F,77668,5927.96,0,T1
FRS,Fire and Rescue Services,FRS 45 Fleet Support,F,174642,0,0,M3
POL,Department of Police,POL 47 MSB Training and Education Division,F,70056,0,0,P1
POL,Department of Police,POL 47 MSB Training and Education Division,F,30157.91,0,0,10
TBS,Department of Technology and Enterprise Business Solutions,TBS 34 CIO Enterprise Information Security Office,M,143484.63,0,0,N28
ABS,Alcohol Beverage Services,ABS 85 Downtown Rockville,M,44285.24,8754.98,0,12
HHS,Department of Health and Human Services,HHS 60 Services to End and Prevent Homelessness Division,F,91576.81,929.25,0,20
HHS,Department of Health and Human Services,HHS 60 Public Health Services Division,F,125802.17,0,0,26
HHS,Department of Health and Human Services,HHS 60 School Health Services,F,92197.96,0,0,24
HHS,Department of Health and Human Services,HHS 60 School Health Services,F,105369.1,0,0,24
LIB,Department of Public Libraries,LIB 71 Technology Management,F,110567.48,0,0,N26
DGS,Department of General Services,DGS 36 Fleet Automotive Heavy Equipment,M,73600.83,5382.26,0,19
OAS,Office of Animal Services,OAS 38 Animal Services Division,F,81643.55,10958.75,0,20
REC,Department of Recreation,REC 72 Business Services,F,90149,813.24,0,16
CCL,County Council,CCL 01 Council Members and Staff,F,109934.46,0,0,N22
POL,Department of Police,POL 47 MSB Personnel Division Administration,F,121560.17,0,0,N25
HHS,Department of Health and Human Services,HHS 60 Aging & Disability Services Division,F,103316.84,0,0,24
POL,Department of Police,POL 47 MSB Personnel Division Administration,M,110509.24,752.17,0,N23
HHS,Department of Health and Human Services,HHS 60 Office of Eligibility and Support Services,F,71069.33,0,0,18
DGS,Department of General Services,DGS 36 Fleet Management Services,M,120652.79,0,0,N25
HHS,Department of Health and Human Services,HHS 60 Behavioral Health and Crisis Services Division,F,105445.32,9152.04,0,24
HHS,Department of Health and Human Services,HHS 60 Behavioral Health and Crisis Services Division,F,105445.32,1102.08,0,24
DPS,Department of Permitting Services,DPS 75 Information Technology Services,M,104237.25,0,0,N26
HHS,Department of Health and Human Services,HHS 60 Public Health Services Division,F,134086,0,0,N25
HHS,Department of Health and Human Services,HHS 60 School Health Services,F,108153.14,0,0,24
OCP,Office of Consumer Protection,OCP 39 Investigations,M,122329.81,0,0,25
FRS,Fire and Rescue Services,FRS 45 Fleet Operations,M,107323,7469.1,0,20
HHS,Department of Health and Human Services,HHS 60 Public Health Services Division,F,89958.57,0,0,16
ABS,Alcohol Beverage Services,ABS 85 Clarksburg Village,F,27678.27,10.73,0,12
POL,Department of Police,POL 47 FSB Traffic Division School Safety Section,M,25857.7,0,0,10
HHS,Department of Health and Human Services,HHS 60 Services to End and Prevent Homelessness Division,F,107323,0,0,20
HHS,Department of Health and Human Services,HHS 60 Child Welfare Services,F,97506.96,0,0,23
OAS,Office of Animal Services,OAS 38 Animal Services Division,M,70054.04,180.37,0,14
POL,Department of Police,POL 47 MSB Budget & Capital Management Division,F,110509.24,2609.94,0,23
HCA,Department of Housing and Community Affairs,HCA 76 Finance and Administration Division,F,111599.03,0,0,N25
DEP,Department of Environmental Protection,DEP 80 Recycling and Refuse Services,F,112166,5851.21,0,21
HHS,Department of Health and Human Services,HHS 60 Children Youth and Family Services Division,F,36050,0,0,18
POL,Department of Police,POL 47 HQ Office of the Chief,M,70056,227.35,0,P2
HHS,Department of Health and Human Services,HHS 60 School Health Services,F,56551.43,0,0,16
REC,Department of Recreation,REC 72 Countywide Programs,M,77675.21,367.83,0,21
HHS,Department of Health and Human Services,HHS 60 School Health Services,F,73025.49,0,0,21
LIB,Department of Public Libraries,LIB 71 Damascus Library,F,25851.5,0,0,13
DPS,Department of Permitting Services,DPS 75 Land Development Sediment Stormwater Plan Review,F,125760.02,0,0,26
OMB,Office of Management and Budget,OMB 31 Office of Management and Budget,F,145299.26,0,0,N28
DOT,Department of Transportation,DOT 50 Highway Services,M,62359.66,23240.17,0,15
TBS,Department of Technology and Enterprise Business Solutions,TBS 34 OSP Employee Productivity Services,M,153585,0,0,N28
HCA,Department of Housing and Community Affairs,HCA 76 Community Development,M,200829,0,0,M2
POL,Department of Police,POL 47 FSB Traffic Division School Safety Section,F,25857.7,0,0,10
DOT,Department of Transportation,DOT 50 Highway Services,M,62359.66,27740.58,0,15
DOT,Department of Transportation,DOT 50 Highway Services,M,62359.66,11406.09,0,15
ABS,Alcohol Beverage Services,ABS 85 Poolesville,F,27678.27,24.1,0,12
OCP,Office of Consumer Protection,OCP 39 Operations,F,89657.72,0,0,N18
POL,Department of Police,POL 47 MSB Information Management and Technology Division,M,174642,0,0,M3
HHS,Department of Health and Human Services,HHS 60 Children Youth and Family Services Division,F,90149,0,0,16
DOT,Department of Transportation,DOT 50 Parking Management Financial Management,F,104237.25,0,0,21
DGS,Department of General Services,DGS 36 Fleet Management Fleet Services,M,73600.81,0,0,19
CEC,Community Engagement Cluster,CEC 16 Community Partnerships,F,100439.11,0,0,N23
ABS,Alcohol Beverage Services,ABS 85 Flower Avenue,F,27678.27,122.47,0,12
DOT,Department of Transportation,DOT 50 Highway Services,M,62359.66,18226.28,0,15
HHS,Department of Health and Human Services,HHS 60 Services to End and Prevent Homelessness Division,F,97147.41,0,0,20
TBS,Department of Technology and Enterprise Business Solutions,TBS 34 OSP Low Code Governance and Administration,M,153585,0,0,N28
COR,Correction and Rehabilitation,COR 42 MBHS Medical and Behavioral Health Services,F,169988.41,0,0,M2
POL,Department of Police,POL 47 FSB Security Services Division,M,73760.85,20642.63,0,15
POL,Department of Police,POL 47 FSB Traffic Division School Safety Section,F,25857.7,0,0,10
POL,Department of Police,POL 47 MSB Information Management and Technology Division Crime Analysis Section,F,94068.54,0,0,20
ABS,Alcohol Beverage Services,ABS 85 Beer Warehouse Operations,M,56886.93,542.99,0,12
ABS,Alcohol Beverage Services,ABS 85 Beer Loading,M,57323.97,4728.64,0,12
DOT,Department of Transportation,DOT 50 Transit Silver Spring Ride On,F,78810,12369.8,0,T2
DOT,Department of Transportation,DOT 50 Transit Nicholson Ride On,M,82236,9096.79,0,T1
DOT,Department of Transportation,DOT 50 Transit Silver Spring Ride On,M,82236,15145.15,0,T1
POL,Department of Police,POL 47 MSB Information Management and Technology Division,F,94108.89,0,0,N21
POL,Department of Police,POL 47 FSB Traffic Division Vehicle Recovery Section,M,67863.01,11602.29,0,16
ABS,Alcohol Beverage Services,ABS 85 Beer Delivery Operations,M,51715.4,2213.68,0,10
HHS,Department of Health and Human Services,HHS 60 School Health Services,F,109967.29,0,0,24
DGS,Department of General Services,DGS 36 Central Duplicating,M,79844.75,4737,0,15
HHS,Department of Health and Human Services,HHS 60 Child Welfare Services,F,98322,1652.47,0,18
HHS,Department of Health and Human Services,HHS 60 Children Youth and Family Services Division,F,114365.61,0,0,N25
ABS,Alcohol Beverage Services,ABS 85 Kensington,M,27678.27,314.4,0,12
LIB,Department of Public Libraries,LIB 71 Aspen Hill Library,F,109398.48,0,0,N25
CEC,Community Engagement Cluster,CEC 16 Community Partnerships,F,101072.14,0,0,23
COR,Correction and Rehabilitation,COR 42 MBHS Medical and Behavioral Health Services,F,103457.36,27592.54,0,24
LIB,Department of Public Libraries,LIB 71 White Oak Library,M,25131.64,0,0,8
HHS,Department of Health and Human Services,HHS 60 School Health Services,F,108153.13,0,0,24
ABS,Alcohol Beverage Services,"ABS 85 Licensure, Regulation and Education",M,94741.91,0,0,18
REC,Department of Recreation,REC 72 Aquatic Team Management,M,74310.38,0,0,18
DOT,Department of Transportation,DOT 50 Commuter Services,M,84191.52,0,0,21
CCL,County Council,CCL 01 Council Members and Staff,F,171100.73,0,0,
CCL,County Council,CCL 01 Council Members and Staff,F,188210.8,0,0,
CCL,County Council,CCL 01 Council Members and Staff,F,171100.73,0,0,
CCL,County Council,CCL 01 Council Members and Staff,F,171100.73,0,0,
CCL,County Council,CCL 01 Council Members and Staff,F,171100.73,0,0,
CCL,County Council,CCL 01 Council Members and Staff,M,98322,0,0,N18
CCL,County Council,CCL 01 Council Members and Staff,M,78657.6,0,0,N18
CCL,County Council,CCL 01 Council Members and Staff,M,100439.12,0,0,N18
CCL,County Council,CCL 01 Council Members and Staff,M,106769.36,0,0,N26
CCL,County Council,CCL 01 Council Members and Staff,F,139725,0,0,LB3
LIB,Department of Public Libraries,LIB 71 Damascus Library,F,23730.69,0,0,8
HHS,Department of Health and Human Services,HHS 60 School Health Services,F,56551.43,0,0,16
HHS,Department of Health and Human Services,HHS 60 School Health Services,F,56551.43,0,0,16
HHS,Department of Health and Human Services,HHS 60 School Health Services,F,56551.43,0,0,16
CCL,County Council,CCL 01 Council Members and Staff,F,171100.73,0,0,
ABS,Alcohol Beverage Services,ABS 85 Beer Warehouse Operations,M,53484.82,4665.28,0,12
FRS,Fire and Rescue Services,FRS 45 Station 25,M,72301,1486.62,0,F2
FRS,Fire and Rescue Services,FRS 45 Station 4,M,72301,907.73,0,F2
FRS,Fire and Rescue Services,FRS 45 Station 23,M,72301,570.56,0,F2
FRS,Fire and Rescue Services,FRS 45 Station 14,M,72301,12268.41,0,F2
FRS,Fire and Rescue Services,FRS 45 Station 1,F,72301,10736.99,0,F2
FRS,Fire and Rescue Services,FRS 45 Station 1,M,72301,4482.08,0,F2
FRS,Fire and Rescue Services,FRS 45 Station 25,M,72301,5831.94,0,F2
FRS,Fire and Rescue Services,FRS 45 Station 25,M,72301,21306.28,0,F2
FRS,Fire and Rescue Services,FRS 45 Station 23,M,72301,2683.51,0,F2
FRS,Fire and Rescue Services,FRS 45 Station 18,M,72301,5393.49,0,F2
FRS,Fire and Rescue Services,FRS 45 Station 3,M,72301,13682.5,0,F2
FRS,Fire and Rescue Services,FRS 45 Station 12,M,72301,49973.78,0,F2
FRS,Fire and Rescue Services,FRS 45 Station 10,M,72301,13868.48,0,F2
FRS,Fire and Rescue Services,FRS 45 Station 30,M,72301,5414.44,0,F2
FRS,Fire and Rescue Services,FRS 45 Station 29,M,72301,20440.97,0,F2
FRS,Fire and Rescue Services,FRS 45 Station 25,M,67656,406.59,0,F2
FRS,Fire and Rescue Services,FRS 45 Station 32,M,72301,9956.37,0,F2
FRS,Fire and Rescue Services,FRS 45 Station 18,M,72301,2339.18,0,F2
FRS,Fire and Rescue Services,FRS 45 Station 31,M,72301,11357.44,0,F2
FRS,Fire and Rescue Services,FRS 45 Station 34,M,72301,4136,0,F2
FRS,Fire and Rescue Services,FRS 45 Station 23,M,72301,4280.93,0,F2
FRS,Fire and Rescue Services,FRS 45 Station 24,M,72301,5367.02,0,F2
FRS,Fire and Rescue Services,FRS 45 Station 29,M,72301,569.23,0,F2
FRS,Fire and Rescue Services,FRS 45 Station 40,M,72301,3032.89,0,F2
FIN,Department of Finance,FIN 32 Financial Analysis Audit and Compliance,M,134086,0,0,N25
REC,Department of Recreation,REC 72 Countywide Programs,F,95374.94,451.64,0,21
CAT,County Attorney's Office,CAT 30 County Attorney's Office,F,78916.36,0,0,N15
HHS,Department of Health and Human Services,HHS 60 Director's Office Division,F,170235.62,0,0,M3
REC,Department of Recreation,REC 72 Facilities Division,M,74581.33,0,0,18
CAT,County Attorney's Office,"CAT 30 Zoning, Land Use and Economic Development",F,167097.65,0,0,N32
HHS,Department of Health and Human Services,HHS 60 Behavioral Health and Crisis Services Division,F,138420.46,0,0,N26
ABS,Alcohol Beverage Services,ABS 85 Administrative Services,M,134086,0,0,N25
ABS,Alcohol Beverage Services,ABS 85 Retail Administration,F,122603,0,0,23
LIB,Department of Public Libraries,LIB 71 Brigadier General Charles E. McGee Library,F,78226.37,0,0,21
POL,Department of Police,POL 47 FSB Traffic Division School Safety Section,M,25857.7,0,0,10
HHS,Department of Health and Human Services,HHS 60 Office of Eligibility and Support Services,F,98322,137.69,0,18
POL,Department of Police,POL 47 FSB Traffic Division School Safety Section,F,25857.7,0,0,10
ABS,Alcohol Beverage Services,ABS 85 Administration,F,87494.78,0,0,18
COR,Correction and Rehabilitation,COR 42 DS Detention Services,M,190701.72,0,0,M2
POL,Department of Police,POL 47 FSB Traffic Division School Safety Section,F,25857.7,0,0,10
HHS,Department of Health and Human Services,HHS 60 Public Health Services Division,F,134086,0,0,N25
TBS,Department of Technology and Enterprise Business Solutions,TBS 34 CIO Project Management,F,200829,0,0,M2
COR,Correction and Rehabilitation,COR 42 DS MCCF Unit 2 Security,M,70782,14677.5,0,C4
POL,Department of Police,POL 47 PSB 4th District Patrol,F,87372,15544.9,0,P3
FIN,Department of Finance,FIN 32 Division of Fiscal Management,M,139686.51,0,0,N28
CCL,County Council,CCL 01 Council Central Staff,F,94108.89,0,0,N21
HHS,Department of Health and Human Services,HHS 60 School Health Services,F,105369.09,0,0,24
HHS,Department of Health and Human Services,HHS 60 Behavioral Health and Crisis Services Division,F,110719.33,0,0,24
HHS,Department of Health and Human Services,HHS 60 School Health Services,F,113816.14,0,0,24
POL,Department of Police,POL 47 PSB 6th District Patrol,M,87372,48005.43,0,P3
ABS,Alcohol Beverage Services,ABS 85 Retail Administration,M,122603,0,0,23
OHR,Office of Human Resources,OHR 33 Occupational Medical Services Team,M,101293.7,0,0,N21
HHS,Department of Health and Human Services,HHS 60 Office of Eligibility and Support Services,F,73108.02,1159.96,0,17
REC,Department of Recreation,REC 72 Countywide Programs,M,120034.62,568.41,0,N23
HHS,Department of Health and Human Services,HHS 60 School Health Services,F,105369.09,0,0,24
ABS,Alcohol Beverage Services,ABS 85 Fallsgrove,M,106769.34,223.19,0,N21
FRS,Fire and Rescue Services,FRS 45 Field Operations Administration,M,72301,10901.63,0,F2
FRS,Fire and Rescue Services,FRS 45 Station 16,M,72301,182.97,0,F2
HHS,Department of Health and Human Services,HHS 60 Public Health Services Division,F,217451,0,0,
FRS,Fire and Rescue Services,FRS 45 Station 31,M,72301,18648,0,F2
FRS,Fire and Rescue Services,FRS 45 Station 18,M,72301,8012.17,0,F2
FRS,Fire and Rescue Services,FRS 45 Station 29,M,72301,658.89,0,F2
FRS,Fire and Rescue Services,FRS 45 Station 1,M,72301,14456.56,0,F2
DGS,Department of General Services,DGS 36 Fleet Management Fleet Services,M,73600.82,0,0,19
DEP,Department of Environmental Protection,DEP 80 Building and Transportation Programs,F,101705.16,0,0,23
HCA,Department of Housing and Community Affairs,HCA 76 Multi-Family Housing Program,M,134086,0,0,25
NDA,Non-Departmental Account,NDA 99 MCIB,M,110509.23,0,0,N23
LIB,Department of Public Libraries,LIB 71 Connie Morella Library,F,123201.68,0,0,M3
POL,Department of Police,POL 47 FSB Security Services Division,M,69547.63,20038.55,0,15
REC,Department of Recreation,REC 72 Facilities Division,M,80750.93,0,0,18
HHS,Department of Health and Human Services,HHS 60 Behavioral Health and Crisis Services Division,F,104339.81,0,0,24
COR,Correction and Rehabilitation,COR 42 DS MCCF Unit 2 Security,F,74794,45059.28,0,C5
FRS,Fire and Rescue Services,FRS 45 Procurement,F,174642,0,0,M3
OMB,Office of Management and Budget,OMB 31 Office of Management and Budget,F,153585,0,0,N28
HHS,Department of Health and Human Services,HHS 60 Office of Eligibility and Support Services,F,98322,0,0,18
FIN,Department of Finance,FIN 32 General Accounting,M,140274,0,0,N26
COR,Correction and Rehabilitation,COR 42 DS MCCF Case Managers Unit 1,M,71021.7,14450.94,0,19
FRS,Fire and Rescue Services,FRS 45 Recruit Training,M,62102,0,0,F1
FRS,Fire and Rescue Services,FRS 45 Station 23,M,72301,2636.57,0,F2
FRS,Fire and Rescue Services,FRS 45 Station 12,M,72301,7973.25,0,F2
POL,Department of Police,POL 47 MSB Training and Education Division,M,29143.5,0,0,10
FRS,Fire and Rescue Services,FRS 45 Station 12,M,72301,4788.15,0,F2
FRS,Fire and Rescue Services,FRS 45 Station 32,M,72301,12967.57,0,F2
FRS,Fire and Rescue Services,FRS 45 Station 28,M,72301,11132.83,0,F2
FRS,Fire and Rescue Services,FRS 45 Field Operations Administration,M,72301,2828.26,0,F2
FRS,Fire and Rescue Services,FRS 45 Station 21,M,72301,19033.06,0,F2
HHS,Department of Health and Human Services,HHS 60 Children Youth and Family Services Division,M,72578,0,0,18
FRS,Fire and Rescue Services,FRS 45 Station 26,M,72301,15441.59,0,F2
FRS,Fire and Rescue Services,FRS 45 Field Recruits,M,72301,4474.96,0,F2
FRS,Fire and Rescue Services,FRS 45 Station 21,F,72301,36674.32,0,F2
FRS,Fire and Rescue Services,FRS 45 Station 21,M,72301,579.4,0,F2
FRS,Fire and Rescue Services,FRS 45 Station 2,M,72301,17973.27,0,F2
FRS,Fire and Rescue Services,FRS 45 Station 35,M,72301,1534.8,0,F2
FRS,Fire and Rescue Services,FRS 45 Station 14,M,72301,10262.88,0,F2
DHS,Office of Emergency Management and Homeland Security,DHS 49 Director's Office,M,223879.77,0,0,M1
FRS,Fire and Rescue Services,FRS 45 Station 21,M,72301,6527.01,0,F2
REC,Department of Recreation,REC 72 Facilities Division,M,78220.95,0,0,18
HHS,Department of Health and Human Services,HHS 60 Behavioral Health and Crisis Services Division,F,108472.5,0,0,24
HCA,Department of Housing and Community Affairs,HCA 76 Affordable Housing Programs,F,121961.87,0,0,25
HRC,Office of Human Rights,HRC 46 Compliance,M,98877.47,0,0,20
HHS,Department of Health and Human Services,HHS 60 Behavioral Health and Crisis Services Division,F,77017.28,0,0,18
HHS,Department of Health and Human Services,HHS 60 Children Youth and Family Services Division,F,109218.9,0,0,24
CAT,County Attorney's Office,CAT 30 Insurance Defense Litigation,F,162475.31,0,0,N32
HHS,Department of Health and Human Services,HHS 60 School Health Services,F,94634,0,0,24
HHS,Department of Health and Human Services,HHS 60 Services to End and Prevent Homelessness Division,F,90310.77,1882.31,0,20
CEX,Offices of the County Executive,CEX 15 Chief Administrative Officer's Office,M,89057.38,0,0,N18
CCL,County Council,CCL 01 Council Members and Staff,F,75287.12,0,0,N18
CCL,County Council,CCL 01 Council Members and Staff,F,83527.29,0,0,N22
HHS,Department of Health and Human Services,HHS 60 Office of Eligibility and Support Services,F,85584.12,0,0,N17
CCL,County Council,CCL 01 Council Members and Staff,M,152007.68,0,0,LB3
DEP,Department of Environmental Protection,DEP 80 Strategic and Administrative Services Division,F,122603,0,0,N23
HHS,Department of Health and Human Services,HHS 60 Behavioral Health and Crisis Services Division,F,90149,0,0,16
HHS,Department of Health and Human Services,HHS 60 Aging & Disability Services Division,F,119025.05,9238.91,0,24
CCL,County Council,CCL 01 Council Members and Staff,F,111939.3,0,0,N22
CCL,County Council,CCL 01 Council Members and Staff,F,92545.65,0,0,N18
POL,Department of Police,POL 47 MSB Training and Education Division,M,95487,365.95,0,P1
HHS,Department of Health and Human Services,HHS 60 Office of Eligibility and Support Services,F,69421.03,0,0,13
REC,Department of Recreation,REC 72 Youth Development Youth Services,F,95374.94,451.64,0,21
CEC,Community Engagement Cluster,CEC 16 Community Partnerships,F,110509.23,0,0,23
CCL,County Council,CCL 01 Council Members and Staff,M,97907.05,0,0,N18
HCA,Department of Housing and Community Affairs,HCA 76 Director,M,233000,0,0,EX1
FRS,Fire and Rescue Services,FRS 45 Station 12,M,72301,15181.83,0,F2
SHF,Sheriff's Office,SHF 48 Administration,M,186037.69,0,0,
HHS,Department of Health and Human Services,HHS 60 Child Welfare Services,M,92700,66.86,0,23
HHS,Department of Health and Human Services,HHS 60 School Health Services,F,99823.03,0,0,24
HHS,Department of Health and Human Services,HHS 60 School Health Services,F,100560.02,0,0,24
LIB,Department of Public Libraries,LIB 71 Materials Delivery,M,66461.84,0,0,12
DOT,Department of Transportation,DOT 50 Transportation Planning and Design Section,M,131293.11,0,0,25
HHS,Department of Health and Human Services,HHS 60 Aging & Disability Services Division,F,128198,0,0,24
HHS,Department of Health and Human Services,HHS 60 Services to End and Prevent Homelessness Division,M,69519.91,2229.87,0,13
DGS,Department of General Services,DGS 36 Central Duplicating,M,64889.98,261.28,0,11
HHS,Department of Health and Human Services,HHS 60 School Health Services,F,99823.03,0,0,24
POL,Department of Police,POL 47 MSB Communications Division,F,71959.99,10332.28,0,19
POL,Department of Police,POL 47 MSB Communications Division,M,71959.99,6517.28,0,19
DGS,Department of General Services,DGS 36 Facilities Maintenance,M,98322,10448.83,0,18
CCL,County Council,CCL 01 Council Members and Staff,F,106967.66,0,0,N22
REC,Department of Recreation,REC 72 Youth Development Youth Services,M,84585.24,0,0,21
SHF,Sheriff's Office,SHF 48 Sheriff Domestic Violence,M,68040,7103.83,0,G2
POL,Department of Police,POL 47 MSB Training and Education Division,F,30157.92,0,0,10
DOT,Department of Transportation,DOT 50 Transit Nicholson Ride On,M,72530.54,39176.93,0,T1
DOT,Department of Transportation,DOT 50 Transit Nicholson Ride On,M,72530.54,30615.75,0,T1
POL,Department of Police,POL 47 FSB Traffic Division School Safety Section,F,24983.28,0,0,10
HCA,Department of Housing and Community Affairs,HCA 76 Housing Landlord and Tenant Mediation,F,120202.42,0,0,25
HHS,Department of Health and Human Services,HHS 60 Services to End and Prevent Homelessness Division,F,79296,343.12,0,13
REC,Department of Recreation,REC 72 Facilities Division,F,86143.11,0,0,21
DOT,Department of Transportation,DOT 50 Traffic Engineering Studies Section,F,147195.12,318.46,0,N28
DPS,Department of Permitting Services,DPS 75 Fire Code Compliance,M,117511.33,0,0,26
CCL,County Council,CCL 01 Council Members and Staff,F,98322,0,0,N18
LIB,Department of Public Libraries,LIB 71 Public Service Administration,M,145971.89,0,0,N28
POL,Department of Police,POL 47 FSB Traffic Division School Safety Section,F,24983.28,0,0,10
HHS,Department of Health and Human Services,HHS 60 Chief Operating Officer Division,F,82179.59,0,0,16
DGS,Department of General Services,DGS 36 Fleet Management Fleet Services,M,80655.63,1659.34,0,19
DPS,Department of Permitting Services,DPS 75 Commercial Electrical and FPS Inspections,M,114820.22,0,0,23
CEC,Community Engagement Cluster,CEC 16 Community Partnerships,M,132516.34,0,0,N28
COR,Correction and Rehabilitation,COR 42 DS MCCF Case Managers Unit 3,M,68620,11995.86,0,19
HCA,Department of Housing and Community Affairs,HCA 76 Housing Code Enforcement,F,83464.7,1113.57,0,19
HHS,Department of Health and Human Services,HHS 60 School Health Services,F,100560.03,0,0,24
COR,Correction and Rehabilitation,COR 42 DS MCCF Unit 1 Security,M,70782,20197.72,0,C4
LIB,Department of Public Libraries,LIB 71 Public Service Administration,M,103158.78,0,0,23
HHS,Department of Health and Human Services,HHS 60 School Health Services,F,101805.88,0,0,24
HHS,Department of Health and Human Services,HHS 60 School Health Services,F,101805.88,0,0,24
CCL,County Council,CCL 01 Council Central Staff,M,84810.3,0,0,N17
DEP,Department of Environmental Protection,DEP 80 Recycling and Refuse Services,M,112166,15391.49,0,21
LIB,Department of Public Libraries,LIB 71 Connie Morella Library,F,81140.62,0,0,18
HHS,Department of Health and Human Services,HHS 60 Services to End and Prevent Homelessness Division,F,80529.01,0,0,20
OAG,Office of Agriculture,OAG 78 Agricultural Services,F,90926.47,0,0,N23
DOT,Department of Transportation,DOT 50 Transit Nicholson Ride On,M,72530.54,31381.8,0,T1
DPS,Department of Permitting Services,DPS 75 Director,M,235000,0,0,EX1
HHS,Department of Health and Human Services,HHS 60 Office of Eligibility and Support Services,F,71762.47,97.1,0,18
PRO,Office of Procurement,"PRO 35 Living Wage, Prevailing Wage and Equal Benefits",M,124932.32,0,0,25
TBS,Department of Technology and Enterprise Business Solutions,TBS 34 OMC MC311 Call Center,F,60345.67,348.16,0,13
DOT,Department of Transportation,DOT 50 Highway Services,M,59702.46,27846.48,0,15
POL,Department of Police,POL 47 FSB Traffic Division School Safety Section,M,24983.28,0,0,10
POL,Department of Police,POL 47 FSB Traffic Division School Safety Section,F,24983.28,0,0,10
POL,Department of Police,POL 47 FSB Traffic Division School Safety Section,M,24983.28,0,0,10
HHS,Department of Health and Human Services,HHS 60 Services to End and Prevent Homelessness Division,F,89773.05,3418.27,0,16
HHS,Department of Health and Human Services,HHS 60 Children Youth and Family Services Division,M,76247.69,0,0,18
CEC,Community Engagement Cluster,CEC 16 Community Partnerships,M,196000,0,0,EX3
HHS,Department of Health and Human Services,HHS 60 Public Health Services Division,F,104495.78,0,0,24
TBS,Department of Technology and Enterprise Business Solutions,TBS 34 OMC MC311 Call Center,F,79296,1401.33,0,13
DPS,Department of Permitting Services,DPS 75 Land Development Right-of-Way Plan Review,F,140274,0,0,26
CCL,County Council,CCL 01 Council Central Staff,F,94134,0,0,N17
HHS,Department of Health and Human Services,HHS 60 Public Health Services Division,F,98322,447.48,0,18
POL,Department of Police,POL 47 FSB Traffic Division School Safety Section,M,24983.28,0,0,10
HHS,Department of Health and Human Services,HHS 60 Office of Eligibility and Support Services,F,76763.42,0,0,20
HCA,Department of Housing and Community Affairs,HCA 76 Common Ownership Community Program,M,105605.25,0,0,25
OFR,Office of Food Systems Resilience,OFR 28 Food Systems Resilience,F,177835.82,0,0,M2
HHS,Department of Health and Human Services,HHS 60 Office of Eligibility and Support Services,F,86281,58.37,0,17
LIB,Department of Public Libraries,LIB 71 Technology Management,M,110783.55,0,0,26
REC,Department of Recreation,REC 72 Countywide Programs,M,97567.27,34.16,0,21
ABS,Alcohol Beverage Services,ABS 85 Beer Loading,M,53484.91,3749.57,0,12
TBS,Department of Technology and Enterprise Business Solutions,TBS 34 OBP Fibernet Operations (GF),M,139855.74,0,0,N28
TBS,Department of Technology and Enterprise Business Solutions,TBS 34 OMC MC311 Call Center,M,80104,547.08,0,16
HHS,Department of Health and Human Services,HHS 60 Children Youth and Family Services Division,F,68908.3,0,0,18
POL,Department of Police,POL 47 HQ Office of the Chief,M,70056,0,0,P2
POL,Department of Police,POL 47 MSB Training and Education Division,M,28289.4,0,0,10
LIB,Department of Public Libraries,LIB 71 Rockville Library,F,23553.32,0,0,8
FIN,Department of Finance,FIN 32 Grants Accounting,F,112166,0,0,21
FIN,Department of Finance,FIN 32 Tax Operations,F,122603,1320.73,0,23
HHS,Department of Health and Human Services,HHS 60 School Health Services,F,99823.03,0,0,24
HHS,Department of Health and Human Services,HHS 60 Behavioral Health and Crisis Services Division,F,174442.44,0,0,M3
HHS,Department of Health and Human Services,HHS 60 Behavioral Health and Crisis Services Division,F,115524.43,0,0,24
HHS,Department of Health and Human Services,HHS 60 Behavioral Health and Crisis Services Division,F,113362.98,0,0,24
FIN,Department of Finance,FIN 32 General Accounting,M,121507.25,0,0,23
LIB,Department of Public Libraries,LIB 71 Rockville Library,F,72578,0,0,N20
HCA,Department of Housing and Community Affairs,HCA 76 Common Ownership Community Program,M,145224.6,0,0,M3
SHF,Sheriff's Office,SHF 48 Sheriff Domestic Violence,F,87868.39,2646.83,0,16
TBS,Department of Technology and Enterprise Business Solutions,TBS 34 OBP Community Engagement (GF),M,140274,0,0,26
HHS,Department of Health and Human Services,HHS 60 Office of Eligibility and Support Services,M,67073.46,0,0,13
HHS,Department of Health and Human Services,HHS 60 Children Youth and Family Services Division,F,98322,0,0,18
REC,Department of Recreation,REC 72 Business Services,M,106216.87,0,0,N25
REC,Department of Recreation,REC 72 Aquatic Team Management,M,95870.02,0,0,21
HHS,Department of Health and Human Services,HHS 60 Public Health Services Division,F,75024.46,262.65,0,18
DGS,Department of General Services,DGS 36 Fleet Management Fleet Services,M,71111.9,1025.68,0,19
POL,Department of Police,POL 47 FSB Traffic Division School Safety Section,F,24983.28,0,0,10
HHS,Department of Health and Human Services,HHS 60 School Health Services,F,54639.04,0,0,16
HHS,Department of Health and Human Services,HHS 60 School Health Services,F,54639.04,0,0,16
HHS,Department of Health and Human Services,HHS 60 School Health Services,F,54639.04,0,0,16
HHS,Department of Health and Human Services,HHS 60 School Health Services,M,54639.13,0,0,16
HHS,Department of Health and Human Services,HHS 60 School Health Services,F,54639.04,0,0,16
POL,Department of Police,POL 47 MSB Information Mgmt and Tech Division Telephone Reporting Section,F,66767.65,6329.86,0,18
ABS,Alcohol Beverage Services,ABS 85 Administrative Services,M,77960.22,0,0,21
HHS,Department of Health and Human Services,HHS 60 Chief Operating Officer Division,F,90926.47,0,0,N23
DHS,Office of Emergency Management and Homeland Security,DHS 49 Operations and Training,F,123953.72,670.85,0,26
LIB,Department of Public Libraries,LIB 71 Little Falls Library,F,73546.99,0,0,13
COR,Correction and Rehabilitation,COR 42 DS MCCF Unit 1 Security,F,74794,42233.08,0,C5
HHS,Department of Health and Human Services,HHS 60 Public Health Services Division,M,75024.46,2542.99,0,18
ABS,Alcohol Beverage Services,ABS 85 Administrative Services,M,112166,0,0,21
TBS,Department of Technology and Enterprise Business Solutions,TBS 34 ODT Data Innovation Team,F,149417.3,0,0,N28
LIB,Department of Public Libraries,LIB 71 Connie Morella Library,M,36773.48,0,0,13
FRS,Fire and Rescue Services,FRS 45 Fleet Operations,M,102634.2,7168.05,0,20
ABS,Alcohol Beverage Services,ABS 85 Administrative Services,F,80529.01,0,0,21
OGM,Office of Grants Management,OGM 27 Office of Grants Management,F,113099.56,0,0,N25
HHS,Department of Health and Human Services,HHS 60 Aging & Disability Services Division,F,107562.42,0,0,24
COR,Correction and Rehabilitation,COR 42 DS MCCF Unit 1 Security,M,68620,69523.29,0,C4
HHS,Department of Health and Human Services,HHS 60 Chief Operating Officer Division,F,101935.55,0,0,N23
HHS,Department of Health and Human Services,HHS 60 Aging & Disability Services Division,F,82119.2,0,0,N17
COR,Correction and Rehabilitation,COR 42 DS MCDC Custody and Security,M,68620,45812.91,0,C4
HHS,Department of Health and Human Services,HHS 60 Public Health Services Division,F,97096.92,808.11,0,24
FIN,Department of Finance,FIN 32 Tax Operations,M,76859.3,4310.82,0,16
LIB,Department of Public Libraries,LIB 71 Wheaton Library,F,33383.82,0,0,18
HHS,Department of Health and Human Services,HHS 60 Child Welfare Services,M,79296,0,0,13
CEC,Community Engagement Cluster,CEC 16 Silver Spring Urban District,M,64015.38,19444.8,0,9
COR,Correction and Rehabilitation,COR 42 DS MCCF Unit 1 Security,F,68620,13975.78,0,C4
HHS,Department of Health and Human Services,HHS 60 Behavioral Health and Crisis Services Division,F,71762.48,0,0,18
POL,Department of Police,POL 47 FSB Traffic Division Vehicle Recovery Section,F,69519.91,5429.72,0,16
HHS,Department of Health and Human Services,HHS 60 School Health Services,F,87345.17,0,0,24
COR,Correction and Rehabilitation,COR 42 DS MCCF Unit 1 Security,M,68620,51985.21,0,C4
HHS,Department of Health and Human Services,HHS 60 Children Youth and Family Services Division,F,117252,0,0,N22
LIB,Department of Public Libraries,LIB 71 Rockville Library,F,66061.74,0,0,13
PRO,Office of Procurement,PRO 35 Procurement Division,F,123030.39,0,0,25
CCL,County Council,CCL 01 Council Central Staff,F,91436.62,0,0,N21
HCA,Department of Housing and Community Affairs,HCA 76 Housing Code Enforcement,M,106746.89,12449.21,0,23
DOT,Department of Transportation,DOT 50 Transit Management Services,M,106772.21,0,0,N23
HHS,Department of Health and Human Services,HHS 60 Aging & Disability Services Division,F,109967.29,0,0,24
HHS,Department of Health and Human Services,HHS 60 Children Youth and Family Services Division,F,112166,0,0,21
HCA,Department of Housing and Community Affairs,HCA 76 Housing Code Enforcement,M,97328,9793.97,0,21
HHS,Department of Health and Human Services,HHS 60 School Health Services,F,101805.88,0,0,24
OAS,Office of Animal Services,OAS 38 Animal Services Division,F,67685.06,2169.23,0,14
FRS,Fire and Rescue Services,FRS 45 Procurement,F,105605.25,0,0,23
LIB,Department of Public Libraries,LIB 71 Rockville Library,F,73189.61,0,0,18
CUS,Community Use of Public Facilities,CUS 70 Core Services Team,F,86045.78,186.17,0,18
HHS,Department of Health and Human Services,HHS 60 Public Health Services Division,F,95498.22,0,0,24
CUS,Community Use of Public Facilities,CUS 70 Core Services Team,F,83539.59,0,0,18
CUS,Community Use of Public Facilities,CUS 70 Core Services Team,F,86045.78,186.17,0,18
POL,Department of Police,POL 47 PSB 5th District Patrol,M,75047,15437.82,0,P2
LIB,Department of Public Libraries,LIB 71 Wheaton Library,F,29712.79,0,0,13
DOT,Department of Transportation,DOT 50 Sign and Marking Shop,M,66461.84,5697.38,0,12
HHS,Department of Health and Human Services,HHS 60 Public Health Services Division,F,100560.02,0,0,24
OAG,Office of Agriculture,OAG 78 Soil Conservation,M,146770,0,0,N27
CUS,Community Use of Public Facilities,CUS 70 Silver Spring Civic Building,F,94650.35,0,0,N21
ABS,Alcohol Beverage Services,ABS 85 Downtown Rockville,F,58833.39,3504.53,0,14
HHS,Department of Health and Human Services,HHS 60 Behavioral Health and Crisis Services Division,F,102217.15,0,0,24
REC,Department of Recreation,REC 72 Aquatic Team Management,M,83872.46,411.07,0,21
POL,Department of Police,POL 47 PSB 4th District Patrol,M,75047,28547.08,0,P2
NDA,Non-Departmental Account,NDA 99 MCIB,M,217359,0,0,M1
LIB,Department of Public Libraries,LIB 71 White Oak Library,M,28435.86,0,0,13
DOT,Department of Transportation,DOT 50 Highway Services,M,55517,995.1,0,15
DOT,Department of Transportation,DOT 50 Highway Services,M,59702.46,8340.84,0,15
CUS,Community Use of Public Facilities,CUS 70 Core Services Team,F,86045.78,0,0,18
ABS,Alcohol Beverage Services,ABS 85 Clarksburg Village,M,42791.77,317.98,0,12
FIN,Department of Finance,FIN 32 Accounts Receivable,M,98322,0,0,N18
DOT,Department of Transportation,DOT 50 Sign and Marking Shop,M,66461.84,1960.19,0,12
HHS,Department of Health and Human Services,HHS 60 Behavioral Health and Crisis Services Division,M,68908.3,298.17,0,18
DEP,Department of Environmental Protection,DEP 80 Environmental Compliance Group,M,73235.87,0,0,20
OAS,Office of Animal Services,OAS 38 Animal Services Division,M,71354.77,4041.17,0,N19
CEC,Community Engagement Cluster,CEC 16 Regional Services Centers,F,123953.72,0,0,N25
POL,Department of Police,POL 47 PSB 4th District Patrol,F,78799,13273.79,0,P3
POL,Department of Police,POL 47 MSB Communications Division,F,71960,7457.84,0,19
HHS,Department of Health and Human Services,HHS 60 School Health Services,F,97159.84,0,0,24
ABS,Alcohol Beverage Services,ABS 85 Downtown Rockville,M,42787.92,167.55,0,12
HHS,Department of Health and Human Services,HHS 60 Public Health Services Division,F,116572.74,0,0,N25
REC,Department of Recreation,REC 72 Business Services,M,109274.94,0,0,23
ABS,Alcohol Beverage Services,ABS 85 Cabin John,M,26742.45,3097.31,0,12
HHS,Department of Health and Human Services,HHS 60 School Health Services,F,101805.88,0,0,24
TBS,Department of Technology and Enterprise Business Solutions,TBS 34 CIO One Face Forward Initiative,M,191708,0,0,N34
COR,Correction and Rehabilitation,COR 42 MBHS Medical and Behavioral Health Services,F,104150.16,0,0,24
ABS,Alcohol Beverage Services,ABS 85 Darnestown,F,42787.92,82.43,0,12
DOT,Department of Transportation,DOT 50 Transportation System Engineering,M,76471.92,4518.14,0,17
HHS,Department of Health and Human Services,HHS 60 Chief Operating Officer Division,F,133657.98,0,0,N25
COR,Correction and Rehabilitation,COR 42 DS MCCF Unit 1 Security,F,68620,77838.77,0,C4
CCL,County Council,CCL 01 Council Central Staff,F,94287.3,0,0,N20
HHS,Department of Health and Human Services,HHS 60 School Health Services,F,99823.03,0,0,24
HHS,Department of Health and Human Services,HHS 60 Public Health Services Division,F,99823.03,0,0,24
DPS,Department of Permitting Services,DPS 75 Land Development Sediment Stormwater Plan Review,M,137409.26,0,0,26
DOT,Department of Transportation,DOT 50 Parking Management Parking Operations,M,75985.92,0,0,15
OAS,Office of Animal Services,OAS 38 Animal Services Division,F,97955.89,6374.48,0,21
HHS,Department of Health and Human Services,HHS 60 School Health Services,F,54639.04,0,0,16
DOT,Department of Transportation,DOT 50 Highway Services,M,60250.88,15826.13,0,15
LIB,Department of Public Libraries,LIB 71 Potomac Library,F,100648.43,0,0,24
HHS,Department of Health and Human Services,HHS 60 Children Youth and Family Services Division,F,122603,0,0,23
COR,Correction and Rehabilitation,COR 42 DS MCCF Unit 2 Security,M,68620,33241.38,0,C4
HHS,Department of Health and Human Services,HHS 60 School Health Services,F,99823.03,323.95,0,24
HHS,Department of Health and Human Services,HHS 60 Aging & Disability Services Division,F,109712.11,0,0,23
REC,Department of Recreation,REC 72 Youth Development Youth Services,F,84807.45,0,0,21
HHS,Department of Health and Human Services,HHS 60 Child Welfare Services,F,79777.51,0,0,16
LIB,Department of Public Libraries,LIB 71 Deaf Culture Digital Library,M,98322,0,0,18
COR,Correction and Rehabilitation,COR 42 MBHS Medical and Behavioral Health Services,F,78694.15,557.2,0,16
DOT,Department of Transportation,DOT 50 Highway Services,M,63263.05,9551.16,0,16
COR,Correction and Rehabilitation,COR 42 DS MCCF Unit 2 Security,M,68620,100330.18,0,C4
HHS,Department of Health and Human Services,HHS 60 Services to End and Prevent Homelessness Division,M,76291.6,975.33,0,18
HHS,Department of Health and Human Services,HHS 60 School Health Services,F,54639.04,0,0,16
HHS,Department of Health and Human Services,HHS 60 Behavioral Health and Crisis Services Division,F,127623.42,0,0,26
HHS,Department of Health and Human Services,HHS 60 School Health Services,F,54639.04,0,0,16
HHS,Department of Health and Human Services,HHS 60 School Health Services,F,54639.04,90.07,0,16
HHS,Department of Health and Human Services,HHS 60 School Health Services,F,54639.04,0,0,16
HHS,Department of Health and Human Services,HHS 60 School Health Services,F,54639.04,0,0,16
HHS,Department of Health and Human Services,HHS 60 School Health Services,F,59471.07,0,0,13
COR,Correction and Rehabilitation,COR 42 DS MCCF Unit 2 Security,M,68620,0,0,C4
POL,Department of Police,POL 47 FSB Traffic Division School Safety Section,F,24983.28,0,0,10
DOT,Department of Transportation,DOT 50 Transit Management Services,F,109274.94,0,0,25
LIB,Department of Public Libraries,LIB 71 Gaithersburg Library,M,45997.64,0,0,13
PIO,Office of Public Information,PIO 23 Information,F,97042.63,0,0,N21
DOT,Department of Transportation,DOT 50 Transit COS Marketing,F,112166,0,0,21
REC,Department of Recreation,REC 72 Facilities Division,M,86563.56,0,0,21
HHS,Department of Health and Human Services,HHS 60 Behavioral Health and Crisis Services Division,M,76291.6,0,0,18
COR,Correction and Rehabilitation,COR 42 DS Food Services,F,87256.77,0,0,23
DGS,Department of General Services,DGS 36 Fleet Automotive Heavy Equipment,M,72793.16,3053.17,0,19
COR,Correction and Rehabilitation,COR 42 DS MCCF Unit 1 Security,M,68620,45082.97,0,C4
REC,Department of Recreation,REC 72 Facilities Division,M,86563.57,0,0,21
FIN,Department of Finance,FIN 32 Division of the Controller,F,219977.39,0,0,M1
LIB,Department of Public Libraries,LIB 71 Twinbrook Library,M,33383.82,0,0,18
DPS,Department of Permitting Services,DPS 75 Customer Support,F,60345.67,0,0,15
HHS,Department of Health and Human Services,HHS 60 Behavioral Health and Crisis Services Division,F,79296,4221.75,0,13
LIB,Department of Public Libraries,LIB 71 Gaithersburg Library,F,35922.03,0,0,18
HHS,Department of Health and Human Services,HHS 60 Public Health Services Division,F,109274.94,0,0,N25
DPS,Department of Permitting Services,DPS 75 Customer Support,F,72578,59.59,0,15
PRO,Office of Procurement,PRO 35 Procurement Operations Section,F,83379.04,0,0,23
HHS,Department of Health and Human Services,HHS 60 Aging & Disability Services Division,M,76247.69,0,0,18
HHS,Department of Health and Human Services,HHS 60 Services to End and Prevent Homelessness Division,F,212000,0,0,EX3
LIB,Department of Public Libraries,LIB 71 Davis Library,F,53512.54,0,0,13
DOT,Department of Transportation,DOT 50 Transit Silver Spring Ride On,M,67088,14934.91,0,9
REC,Department of Recreation,REC 72 Facilities Division,M,72578,0,0,18
CEC,Community Engagement Cluster,CEC 16 Regional Services Centers,M,102504.51,0,0,N25
HHS,Department of Health and Human Services,HHS 60 School Health Services,F,99823.03,0,0,24
DPS,Department of Permitting Services,DPS 75 Land Development Right-of-Way Inspection,M,109274.94,0,0,21
HHS,Department of Health and Human Services,HHS 60 Director's Office Division,F,100712.32,0,0,21
ABS,Alcohol Beverage Services,"ABS 85 Licensure, Regulation and Education",F,79061.12,0,0,16
REC,Department of Recreation,REC 72 Business Services,M,81140.62,1317.36,0,16
HHS,Department of Health and Human Services,HHS 60 Chief Operating Officer Division,F,86916.49,0,0,16
FRS,Fire and Rescue Services,FRS 45 EMS Billing,F,86045.78,0,0,18
HHS,Department of Health and Human Services,HHS 60 School Health Services,F,101805.86,0,0,24
OIG,Office of the Inspector General,OIG 06 Office of the Inspector General,M,145482.6,0,0,N28
DGS,Department of General Services,DGS 36 Facilities Maintenance,M,67462.45,23449.94,0,15
PIO,Office of Public Information,PIO 23 Director's Office,M,127699.27,0,0,N25
CUS,Community Use of Public Facilities,CUS 70 Director,M,116572.74,0,0,N25
HHS,Department of Health and Human Services,HHS 60 School Health Services,F,109967.29,0,0,24
LIB,Department of Public Libraries,LIB 71 Marilyn J Praisner Library,F,27692.74,0,0,13
HHS,Department of Health and Human Services,HHS 60 School Health Services,F,54639.04,0,0,16
ABS,Alcohol Beverage Services,ABS 85 Seneca Meadows,F,42787.92,1951.64,0,12
ABS,Alcohol Beverage Services,ABS 85 Flower Avenue,M,26742.45,0,0,12
ABS,Alcohol Beverage Services,ABS 85 Muddy Branch,M,42787.92,2666.38,0,12
REC,Department of Recreation,REC 72 Aquatic Team Management,F,62418,0,0,18
POL,Department of Police,POL 47 PSB 3rd District Patrol,M,75047,11771.81,0,P2
POL,Department of Police,POL 47 PSB 5th District Patrol,F,78799,13631.69,0,P3
POL,Department of Police,POL 47 PSB 4th District Patrol,M,75047,0,0,P2
SHF,Sheriff's Office,SHF 48 Sheriff Domestic Violence,M,74613,6629.08,0,G3
POL,Department of Police,POL 47 PSB 4th District Patrol,M,75047,24322.32,0,P2
POL,Department of Police,POL 47 PSB 3rd District Patrol,M,78799,59391.34,0,P3
SHF,Sheriff's Office,SHF 48 Court and Transport,M,74613,6538.77,0,G3
SHF,Sheriff's Office,SHF 48 Civil Process,M,68135,690.81,0,G2
SHF,Sheriff's Office,SHF 48 Court and Transport,M,74613,28351.4,0,G3
SHF,Sheriff's Office,SHF 48 Court and Transport,M,74613,3013.06,0,G3
SHF,Sheriff's Office,SHF 48 Warrant Section,M,74613,9773.98,0,G3
POL,Department of Police,POL 47 PSB 3rd District Patrol,M,78799,9698.49,0,P3
POL,Department of Police,POL 47 PSB 4th District Patrol,M,78799,7810.99,0,P3
POL,Department of Police,POL 47 PSB 2nd District Patrol,M,75047,7760.6,0,P2
POL,Department of Police,POL 47 PSB 2nd District Patrol,M,75047,0,0,P2
POL,Department of Police,POL 47 PSB 3rd District Patrol,M,78799,17688.93,0,P3
POL,Department of Police,POL 47 PSB 3rd District Community Operations,F,75047,9214.93,0,P2
POL,Department of Police,POL 47 PSB 3rd District Patrol,M,78799,11410.34,0,P3
POL,Department of Police,POL 47 PSB 2nd District Patrol,M,75047,7675.12,0,P2
POL,Department of Police,POL 47 PSB 4th District Patrol,F,78799,16839.63,0,P3
POL,Department of Police,POL 47 FSB Traffic Division School Safety Section,M,24983.28,0,0,10
FIN,Department of Finance,FIN 32 Timekeeping and Payroll,F,122788.04,493.39,0,N25
ABS,Alcohol Beverage Services,ABS 85 Olney,M,26742.45,16.11,0,12
LIB,Department of Public Libraries,LIB 71 Long Branch Library,F,36286,0,0,13
OAS,Office of Animal Services,OAS 38 Animal Services Division,F,71069.32,3030.18,0,15
DPS,Department of Permitting Services,DPS 75 Commercial Structural and Complex Structures,M,101935.56,413.76,0,19
HHS,Department of Health and Human Services,HHS 60 Aging & Disability Services Division,F,104495.78,0,0,24
OAS,Office of Animal Services,OAS 38 Animal Services Division,F,76763.41,3455.9,0,16
COR,Correction and Rehabilitation,COR 42 MSD Management Services Division,M,167339.67,0,0,M2
DEP,Department of Environmental Protection,DEP 80 Strategic and Administrative Services Division,M,124769.61,3719.55,0,N28
LIB,Department of Public Libraries,LIB 71 Chevy Chase Library,M,56848.22,0,0,13
DPS,Department of Permitting Services,DPS 75 Customer Support,M,67804.97,0,0,15
DGS,Department of General Services,DGS 36 Facilities Maintenance,F,64452,1851.6,0,8
HHS,Department of Health and Human Services,HHS 60 Behavioral Health and Crisis Services Division,M,76291.6,5433.68,0,18
HHS,Department of Health and Human Services,HHS 60 Office of Eligibility and Support Services,F,97042.63,0,0,18
DOT,Department of Transportation,DOT 50 Transportation Technical Center,M,81752.23,3652.87,0,14
CEX,Offices of the County Executive,CEX 15 Chief Administrative Officer's Office,F,95383.92,0,0,N18
HHS,Department of Health and Human Services,HHS 60 Services to End and Prevent Homelessness Division,F,122603,0,0,23
HHS,Department of Health and Human Services,HHS 60 Behavioral Health and Crisis Services Division,F,133739.58,0,0,25
DGS,Department of General Services,DGS 36 Fleet Automotive Heavy Equipment,M,78690.49,3686.68,0,18
LIB,Department of Public Libraries,LIB 71 Brigadier General Charles E. McGee Library,F,36671.04,0,0,18
PIO,Office of Public Information,PIO 23 Information,F,133739.57,0,0,N25
POL,Department of Police,POL 47 PSB 3rd District Patrol,M,75047,21180.03,0,P2
POL,Department of Police,POL 47 PSB 3rd District Patrol,M,78799,1298.94,0,P3
POL,Department of Police,POL 47 PSB 5th District Patrol,M,75047,1827.89,0,P2
FRS,Fire and Rescue Services,FRS 45 Field Recruits,M,67491,7246.39,0,F2
FRS,Fire and Rescue Services,FRS 45 Recruit Training,F,62102,0,0,F1
FRS,Fire and Rescue Services,FRS 45 Station 2,M,69855,6729.13,0,F2
COR,Correction and Rehabilitation,COR 42 MBHS Medical and Behavioral Health Services,F,136186.03,0,0,26
HHS,Department of Health and Human Services,HHS 60 Child Welfare Services,F,94412.19,0,0,23
LIB,Department of Public Libraries,LIB 71 Cataloging and Preparation,F,100262,0,0,N25
DPS,Department of Permitting Services,DPS 75 Customer Support,F,144270.29,0,0,M3
CUS,Community Use of Public Facilities,CUS 70 Silver Spring Civic Building,F,86045.78,0,0,18
LIB,Department of Public Libraries,LIB 71 Potomac Library,F,120284.02,0,0,N25
CEC,Community Engagement Cluster,CEC 16 Silver Spring Urban District,F,122135.99,0,0,N25
ABS,Alcohol Beverage Services,ABS 85 Administration,F,162271.23,0,0,M3
HHS,Department of Health and Human Services,HHS 60 Behavioral Health and Crisis Services Division,F,114779.48,0,0,24
PIO,Office of Public Information,PIO 23 Information,F,107655.15,0,0,N25
COR,Correction and Rehabilitation,COR 42 DS MCCF Unit 1 Security,M,68620,81114.7,0,C4
HHS,Department of Health and Human Services,HHS 60 Child Welfare Services,F,66461.84,1917.2,0,16
HHS,Department of Health and Human Services,HHS 60 Chief Operating Officer Division,F,82745,0,0,14
HHS,Department of Health and Human Services,HHS 60 Children Youth and Family Services Division,F,90389.61,0,0,23
LIB,Department of Public Libraries,LIB 71 White Oak Library,M,30502.14,0,0,13
CEX,Offices of the County Executive,CEX 15 Business Advancement Team,F,122135.73,0,0,N25
HCA,Department of Housing and Community Affairs,HCA 76 Affordable Housing Programs,M,101528.22,0,0,23
HHS,Department of Health and Human Services,HHS 60 Public Health Services Division,F,87528.09,0,0,16
HHS,Department of Health and Human Services,HHS 60 School Health Services,F,107562.42,930.84,0,24
ABS,Alcohol Beverage Services,ABS 85 Director's Office,M,49694.76,0,0,N16
OMB,Office of Management and Budget,OMB 31 Office of Management and Budget,F,140385.76,0,0,N28
FRS,Fire and Rescue Services,FRS 45 Station 34,M,67491,14908.48,0,F2
POL,Department of Police,POL 47 MSB Training and Education Division,F,28289.4,0,0,10
FRS,Fire and Rescue Services,FRS 45 Station 1,M,69855,20212.69,0,F2
FRS,Fire and Rescue Services,FRS 45 Station 16,M,69855,15888.06,0,F2
FRS,Fire and Rescue Services,FRS 45 Station 2,M,69855,7182.49,0,F2
FRS,Fire and Rescue Services,FRS 45 Station 12,M,69855,6499.15,0,F2
FRS,Fire and Rescue Services,FRS 45 Station 25,M,69855,16775.09,0,F2
FRS,Fire and Rescue Services,FRS 45 Station 23,M,65367,3682.87,0,F2
FRS,Fire and Rescue Services,FRS 45 Station 3,M,69855,23031.95,0,F2
FRS,Fire and Rescue Services,FRS 45 Station 40,M,69855,9685.89,0,F2
FRS,Fire and Rescue Services,FRS 45 Station 3,F,69855,6000.17,0,F2
FRS,Fire and Rescue Services,FRS 45 Station 34,M,69855,9265.99,0,F2
FRS,Fire and Rescue Services,FRS 45 Station 25,M,69855,6476.9,0,F2
FRS,Fire and Rescue Services,FRS 45 Station 25,M,69855,3230.18,0,F2
FRS,Fire and Rescue Services,FRS 45 Station 23,M,69855,71.46,0,F2
FRS,Fire and Rescue Services,FRS 45 Station 23,M,69855,6379.64,0,F2
FRS,Fire and Rescue Services,FRS 45 Station 2,M,69855,5875.04,0,F2
FRS,Fire and Rescue Services,FRS 45 Station 2,M,69855,4754.34,0,F2
FRS,Fire and Rescue Services,FRS 45 Station 31,M,69855,6914.61,0,F2
FRS,Fire and Rescue Services,FRS 45 Station 25,M,69855,2958.79,0,F2
FRS,Fire and Rescue Services,FRS 45 Station 31,M,69855,13903.69,0,F2
FRS,Fire and Rescue Services,FRS 45 Station 6,M,69855,8580.52,0,F2
FRS,Fire and Rescue Services,FRS 45 Station 15,M,69855,14681.89,0,F2
FRS,Fire and Rescue Services,FRS 45 Station 25,M,69855,4578.39,0,F2
FRS,Fire and Rescue Services,FRS 45 Field Operations Administration,F,69855,7876.3,0,F2
FRS,Fire and Rescue Services,FRS 45 Station 25,M,69855,39229.15,0,F2
FRS,Fire and Rescue Services,FRS 45 Station 8,M,69855,2019.58,0,F2
FRS,Fire and Rescue Services,FRS 45 Field Operations Administration,M,69855,10778.55,0,F2
FRS,Fire and Rescue Services,FRS 45 Station 2,M,69855,3583.98,0,F2
HHS,Department of Health and Human Services,HHS 60 Office of Eligibility and Support Services,F,107171.29,8868.25,0,20
DOT,Department of Transportation,DOT 50 Traffic Engineering and Operations Management Services,F,133332.23,0,0,N25
ABS,Alcohol Beverage Services,ABS 85 Burtonsville,M,26742.46,3784.57,0,12
HHS,Department of Health and Human Services,HHS 60 Children Youth and Family Services Division,F,88480.01,0,0,18
HHS,Department of Health and Human Services,HHS 60 Office of Eligibility and Support Services,M,91229.56,6475.66,0,17
DEP,Department of Environmental Protection,DEP 80 Building and Transportation Programs,M,137001.93,0,0,N27
DOT,Department of Transportation,DOT 50 Parking Management Financial Management,F,96879.94,0,0,18
COR,Correction and Rehabilitation,COR 42 DS MCCF Unit 3 Security,M,74794,28153.85,0,C5
HHS,Department of Health and Human Services,HHS 60 Services to End and Prevent Homelessness Division,F,66461.84,3773,0,16
HHS,Department of Health and Human Services,HHS 60 Office of Eligibility and Support Services,F,73108.01,1366.57,0,20
DOT,Department of Transportation,DOT 50 Transit Services Information Technology,M,133058.24,0,0,N28
HHS,Department of Health and Human Services,HHS 60 Office of Eligibility and Support Services,F,75799.14,2062.78,0,20
HHS,Department of Health and Human Services,HHS 60 Office of Eligibility and Support Services,F,77470.92,0,0,17
HHS,Department of Health and Human Services,HHS 60 Office of Eligibility and Support Services,F,80595.79,6238.41,0,20
HHS,Department of Health and Human Services,HHS 60 Office of Eligibility and Support Services,F,73108.01,1801.02,0,20
REC,Department of Recreation,REC 72 Youth Development Youth Services,F,84366.12,413.49,0,21
LIB,Department of Public Libraries,LIB 71 Olney Library,F,26845.81,0,0,8
ABS,Alcohol Beverage Services,ABS 85 Westwood,M,26742.46,5.79,0,12
OAS,Office of Animal Services,OAS 38 Animal Services Division,F,140671.62,0,0,N29
POL,Department of Police,POL 47 MSB Communications Division,F,65418.78,11050.99,0,17
ABS,Alcohol Beverage Services,ABS 85 Muddy Branch,F,42787.92,567.27,0,12
HHS,Department of Health and Human Services,HHS 60 Office of Eligibility and Support Services,F,73268.89,2760.34,0,17
HHS,Department of Health and Human Services,HHS 60 Services to End and Prevent Homelessness Division,F,80595.79,0,0,18
POL,Department of Police,POL 47 MSB Communications Division,F,65418.78,20977.63,0,17
HHS,Department of Health and Human Services,HHS 60 Behavioral Health and Crisis Services Division,F,101079.29,5383.87,0,23
ABS,Alcohol Beverage Services,ABS 85 Wheaton,M,26742.46,972.47,0,12
POL,Department of Police,POL 47 FSB Traffic Division Automated Traffic Enforcement Section,F,86352,0,0,15
POL,Department of Police,POL 47 MSB Communications Division,F,71960.64,9550.07,0,19
POL,Department of Police,POL 47 MSB Communications Division,F,71960.65,8314.19,0,19
DOT,Department of Transportation,DOT 50 Transit Silver Spring Ride On,M,72531,6827.93,0,T1
DOT,Department of Transportation,DOT 50 Transit Gaithersburg Ride On,F,77668,5962.83,0,T1
DOT,Department of Transportation,DOT 50 Transit Silver Spring Ride On,F,72531,7260.38,0,T1
DOT,Department of Transportation,DOT 50 Transit Silver Spring Ride On,M,72531,14032.25,0,T1
DOT,Department of Transportation,DOT 50 Transit Gaithersburg Ride On,M,77668,27310.22,0,T1
DOT,Department of Transportation,DOT 50 Transit Silver Spring Ride On,M,72531,6750.89,0,T1
DOT,Department of Transportation,DOT 50 Transit Gaithersburg Ride On,M,72531,16615.69,0,T1
ABS,Alcohol Beverage Services,ABS 85 Stock Liquor and Wine Warehouse Operations,M,67458.77,2176.24,0,12
ABS,Alcohol Beverage Services,ABS 85 Beer Loading,M,50171.11,40.53,0,12
TBS,Department of Technology and Enterprise Business Solutions,TBS 34 CIO Change Management,M,146491.26,0,0,N30
HHS,Department of Health and Human Services,HHS 60 Aging & Disability Services Division,F,121911.4,0,0,24
CCL,County Council,CCL 01 Council Members and Staff,F,79510.05,0,0,N18
CEC,Community Engagement Cluster,CEC 16 Gilchrist Center,F,95207.78,0,0,N23
LIB,Department of Public Libraries,LIB 71 Human Resources and Staff Development,F,145846.96,0,0,M3
FIN,Department of Finance,FIN 32 Tax Operations,F,118186.62,2161,0,23
REC,Department of Recreation,REC 72 Youth Development Youth Services,M,96635.29,0,0,N21
HHS,Department of Health and Human Services,HHS 60 Public Health Services Division,F,98322,309.79,0,18
HHS,Department of Health and Human Services,HHS 60 Behavioral Health and Crisis Services Division,F,106133.25,0,0,24
ABS,Alcohol Beverage Services,ABS 85 Beer Warehouse Operations,M,60219.69,5678.81,0,12
HHS,Department of Health and Human Services,HHS 60 Office of Eligibility and Support Services,F,71935.83,465.51,0,20
HHS,Department of Health and Human Services,HHS 60 Office of Eligibility and Support Services,F,74453.57,4560.56,0,20
POL,Department of Police,POL 47 MSB Communications Division,F,122323.15,2820.52,0,23
HHS,Department of Health and Human Services,HHS 60 Public Health Services Division,F,101805.88,0,0,24
HHS,Department of Health and Human Services,HHS 60 Office of Eligibility and Support Services,F,78566.09,5735.24,0,20
COR,Correction and Rehabilitation,COR 42 DS MCCF Unit 3 Security,M,61765,8475.04,0,C3
DOT,Department of Transportation,DOT 50 Highway Services,M,57460.16,4509.1,0,15
ABS,Alcohol Beverage Services,ABS 85 King Farm,F,56843.86,1044.92,0,14
DOT,Department of Transportation,DOT 50 Parking Management Financial Management,F,111925.68,0,0,23
HHS,Department of Health and Human Services,HHS 60 Office of Eligibility and Support Services,M,93538.98,2377.89,0,20
HHS,Department of Health and Human Services,HHS 60 School Health Services,F,101805.88,0,0,24
COR,Correction and Rehabilitation,COR 42 MSD Management Services Division,M,107644.37,0,0,N28
HHS,Department of Health and Human Services,HHS 60 Public Health Services Division,F,101805.88,4576.03,0,24
COR,Correction and Rehabilitation,COR 42 DS MCCF Unit 3 Security,M,59966,432.48,0,C3
PRO,Office of Procurement,PRO 35 Procurement Operations Section,F,75799.13,0,0,18
REC,Department of Recreation,REC 72 Information Technology,M,90152.16,221.8,0,19
NDA,Non-Departmental Account,NDA 99 MCIB,F,140761.59,0,0,N28
COR,Correction and Rehabilitation,COR 42 DS MCCF Unit 1 Security,M,68620,38933.8,0,C4
COR,Correction and Rehabilitation,COR 42 MBHS Medical and Behavioral Health Services,F,99337.41,17755.98,0,21
CCL,County Council,CCL 01 Council Central Staff,F,77369.39,1399.55,0,N23
DOT,Department of Transportation,DOT 50 Highway Services,M,60250.52,14596.1,0,15
DEP,Department of Environmental Protection,DEP 80 Stewardship Programs,F,103158.78,0,0,23
CUS,Community Use of Public Facilities,CUS 70 Community Use of Public Facilities,F,27692.75,0,0,13
DOT,Department of Transportation,DOT 50 Transportation Technical Center,M,82745,15585.11,0,14
DOT,Department of Transportation,DOT 50 Highway Services,M,60250.52,4725.56,0,15
HHS,Department of Health and Human Services,HHS 60 Office of Eligibility and Support Services,F,99236.93,122.06,0,20
REC,Department of Recreation,REC 72 Facilities Division,F,90289.46,0,0,21
REC,Department of Recreation,REC 72 Youth Development Youth Services,M,90726.28,414.28,0,21
HHS,Department of Health and Human Services,HHS 60 School Health Services,F,54639.04,0,0,16
HHS,Department of Health and Human Services,HHS 60 School Health Services,F,54639.04,0,0,16
HHS,Department of Health and Human Services,HHS 60 School Health Services,F,54639.04,90.08,0,16
HHS,Department of Health and Human Services,HHS 60 School Health Services,F,54639.04,0,0,16
ABS,Alcohol Beverage Services,ABS 85 Stock Liquor and Wine Warehouse Operations,M,56159.16,5801.27,0,13
HHS,Department of Health and Human Services,HHS 60 School Health Services,F,54639.04,0,0,16
DEP,Department of Environmental Protection,DEP 80 Director,M,237000,0,0,EX1
DOT,Department of Transportation,DOT 50 Transit Silver Spring Ride On,M,77668,11620.66,0,T1
DOT,Department of Transportation,DOT 50 Transit Silver Spring Ride On,M,77668,13920.72,0,T1
DOT,Department of Transportation,DOT 50 Transit Nicholson Ride On,F,77668,10815.85,0,T1
LIB,Department of Public Libraries,LIB 71 Davis Library,F,84243.27,0,0,21
DGS,Department of General Services,DGS 36 Central Duplicating,M,59314.5,200.63,0,11
DOT,Department of Transportation,DOT 50 Transportation Planning and Design Section,M,90149,0,0,16
DOT,Department of Transportation,DOT 50 Highway Services,M,59702.45,11859.07,0,15
DOT,Department of Transportation,DOT 50 Director Management Services,F,82500.85,0,0,N17
POL,Department of Police,POL 47 MSB Training and Education Division,M,30157.92,0,0,10
ABS,Alcohol Beverage Services,ABS 85 Stock Liquor and Wine Warehouse Operations,M,63230.67,5587.1,0,13
POL,Department of Police,POL 47 MSB Training and Education Division,F,70056,581.02,0,P1
REC,Department of Recreation,REC 72 Countywide Programs,F,97858.52,0,0,21
DPS,Department of Permitting Services,DPS 75 Customer Support,M,82500.85,0,0,17
HHS,Department of Health and Human Services,HHS 60 School Health Services,F,100962.1,0,0,24
COR,Correction and Rehabilitation,COR 42 DS MCCF Unit 2 Security,M,68620,58095.49,0,C4
OFR,Office of Food Systems Resilience,OFR 28 Food Systems Resilience,F,112537.3,0,0,N25
ABS,Alcohol Beverage Services,ABS 85 Beer Loading,M,63737.01,2903.35,0,13
ABS,Alcohol Beverage Services,ABS 85 Beer Loading,M,61880.59,2903.35,0,13
HHS,Department of Health and Human Services,HHS 60 Behavioral Health and Crisis Services Division,F,171287.81,0,0,M2
POL,Department of Police,POL 47 MSB Training and Education Division,F,30157.91,0,0,10
OHR,Office of Human Resources,OHR 33 Classification and Compensation Team,F,117430.23,0,0,N27
DGS,Department of General Services,DGS 36 Facilities Maintenance,M,78645.44,32691.39,0,15
HHS,Department of Health and Human Services,HHS 60 Children Youth and Family Services Division,F,98322,0,0,18
CEX,Offices of the County Executive,CEX 15 Business Advancement Team,F,134641.51,0,0,N28
FIN,Department of Finance,FIN 32 General Accounting,F,118186.62,0,0,23
FIN,Department of Finance,FIN 32 General Accounting,F,121732.22,0,0,23
LIB,Department of Public Libraries,LIB 71 White Oak Library,F,37790.73,0,0,21
REC,Department of Recreation,REC 72 Senior Programs,M,75446.85,503.42,0,18
ABS,Alcohol Beverage Services,ABS 85 Montrose,M,42787.92,1422.96,0,12
REC,Department of Recreation,REC 72 Aquatic Team Management,F,112166,0,0,21
DEP,Department of Environmental Protection,DEP 80 Strategic and Administrative Services Division,M,102751.45,0,0,26
HCA,Department of Housing and Community Affairs,HCA 76 Housing Code Enforcement,M,102751.45,555.75,0,21
REC,Department of Recreation,REC 72 Business Services,M,91228.59,2656.17,0,N18
COR,Correction and Rehabilitation,COR 42 DS MCDC Custody and Security,M,68620,22370.37,0,C4
FRS,Fire and Rescue Services,FRS 45 Property and Supply,M,56680.88,6917.7,0,7
HHS,Department of Health and Human Services,HHS 60 School Health Services,F,101805.88,256.97,0,24
ABS,Alcohol Beverage Services,ABS 85 Stock Liquor and Wine Warehouse Operations,M,55817.36,1769.96,0,13
BOE,Board of Elections,BOE 24 Information Technology Division,M,86760.13,0,0,19
HHS,Department of Health and Human Services,HHS 60 Office of Eligibility and Support Services,F,70635.76,4570.23,0,20
TBS,Department of Technology and Enterprise Business Solutions,TBS 34 OBP FiberNet Infrastructure,M,121855.89,8316.48,0,N26
TBS,Department of Technology and Enterprise Business Solutions,TBS 34 OSP Infrastructure and Cloud Services,M,133058.24,0,0,N28
HHS,Department of Health and Human Services,HHS 60 Behavioral Health and Crisis Services Division,F,97349.66,5451.33,0,23
HHS,Department of Health and Human Services,HHS 60 Chief Operating Officer Division,F,109712.11,0,0,23
HHS,Department of Health and Human Services,HHS 60 Children Youth and Family Services Division,F,106772.21,0,0,23
CEC,Community Engagement Cluster,CEC 16 Regional Services Centers,M,111130.57,0,0,N25
DHS,Office of Emergency Management and Homeland Security,DHS 49 Policy and Planning,M,117063.25,719.96,0,26
DGS,Department of General Services,DGS 36 Fleet Management Fleet Services,M,75137.11,3637.38,0,19
DGS,Department of General Services,DGS 36 Facilities Maintenance,M,90519.12,14183.65,0,18
OFR,Office of Food Systems Resilience,OFR 28 Food Systems Resilience,M,124769.62,0,0,N25
DEP,Department of Environmental Protection,DEP 80 Environmental Compliance Group,F,104993.63,0,0,24
HHS,Department of Health and Human Services,HHS 60 Services to End and Prevent Homelessness Division,M,76291.6,0,0,18
ABS,Alcohol Beverage Services,ABS 85 IT Administration,M,153585,40352.42,0,N28
DEP,Department of Environmental Protection,DEP 80 Building and Transportation Programs,M,109173.42,0,0,23
DOT,Department of Transportation,DOT 50 Traffic Engineering Studies Section,M,129711.48,0,0,25
REC,Department of Recreation,REC 72 Special Programs,F,92965.6,0,0,21
HHS,Department of Health and Human Services,HHS 60 Behavioral Health and Crisis Services Division,F,97961.27,565.17,0,23
COR,Correction and Rehabilitation,COR 42 DS MCCF Unit 3 Security,M,64592,5240.76,0,C4
FIN,Department of Finance,FIN 32 General Accounting,F,130005.29,0,0,N26
HHS,Department of Health and Human Services,HHS 60 Office of Eligibility and Support Services,M,87973.66,8442.73,0,20
TBS,Department of Technology and Enterprise Business Solutions,TBS 34 CIO Project Management Staff,M,171252.41,0,0,N31
ABS,Alcohol Beverage Services,ABS 85 Wholesale Administration,M,141775.66,0,0,M3
ABS,Alcohol Beverage Services,ABS 85 Darnestown,F,26742.46,0,0,12
HHS,Department of Health and Human Services,HHS 60 Services to End and Prevent Homelessness Division,F,104495.77,0,0,24
DEP,Department of Environmental Protection,DEP 80 Building and Transportation Programs,F,122603,0,0,23
FIN,Department of Finance,FIN 32 Tax Operations,F,85626.21,725.81,0,16
ABS,Alcohol Beverage Services,ABS 85 Hampden Lane,M,26742.46,86.02,0,12
COR,Correction and Rehabilitation,COR 42 DS MCCF Unit 1 Security,M,68620,45317.99,0,C4
DHS,Office of Emergency Management and Homeland Security,DHS 49 Policy and Planning,M,117063.25,1475.87,0,26
ABS,Alcohol Beverage Services,ABS 85 Administrative Services,M,108508.33,0,0,N21
LIB,Department of Public Libraries,LIB 71 Potomac Library,F,32472.63,0,0,18
CCL,County Council,CCL 01 Council Members and Staff,F,73393.9,0,0,N16
COR,Correction and Rehabilitation,COR 42 DS MCDC Custody and Security,M,68620,22030.95,0,C4
ABS,Alcohol Beverage Services,ABS 85 Hampden Lane,M,25085.55,6.89,0,12
HHS,Department of Health and Human Services,HHS 60 Children Youth and Family Services Division,F,114372.16,0,0,N25
HHS,Department of Health and Human Services,HHS 60 School Health Services,F,99823.04,1580.19,0,24
ABS,Alcohol Beverage Services,ABS 85 Liquor and Wine Loading,M,53484.82,2104.92,0,12
DOT,Department of Transportation,DOT 50 Transit Silver Spring Ride On,F,58251,34.03,0,T1
DOT,Department of Transportation,DOT 50 Transit Gaithersburg Ride On,M,77668,4438.73,0,T1
DOT,Department of Transportation,DOT 50 Transit Silver Spring Ride On,M,67962.89,6794.44,0,T1
DOT,Department of Transportation,DOT 50 Transit Silver Spring Ride On,M,77668,12119.54,0,T1
DOT,Department of Transportation,DOT 50 Transit Silver Spring Ride On,M,72531,9786.31,0,T1
DOT,Department of Transportation,DOT 50 Transit Silver Spring Ride On,M,83949,4265.12,0,T2
DOT,Department of Transportation,DOT 50 Transit Gaithersburg Ride On,M,72531,6856.36,0,T1
DOT,Department of Transportation,DOT 50 Transit Gaithersburg Ride On,M,63211.36,364.7,0,T1
HHS,Department of Health and Human Services,HHS 60 Public Health Services Division,F,101805.88,0,0,24
HHS,Department of Health and Human Services,HHS 60 Behavioral Health and Crisis Services Division,F,103308.02,5251.24,0,23
CEX,Offices of the County Executive,CEX 15 Chief Administrative Officer's Office,F,110090.84,0,0,N21
OIG,Office of the Inspector General,OIG 06 Office of the Inspector General,M,153585,0,0,N28
ABS,Alcohol Beverage Services,ABS 85 Administrative Services,M,66767.52,0,0,N18
DHS,Office of Emergency Management and Homeland Security,DHS 49 Director's Office,M,134086,0,0,25
DOT,Department of Transportation,DOT 50 Director's Office,F,97858.52,0,0,N18
ABS,Alcohol Beverage Services,ABS 85 Muddy Branch,F,26742.46,9.95,0,12
HHS,Department of Health and Human Services,HHS 60 Office of Eligibility and Support Services,F,78566.09,5357.85,0,20
DHS,Office of Emergency Management and Homeland Security,DHS 49 Director's Office,F,91742.37,0,0,N21
HHS,Department of Health and Human Services,HHS 60 Public Health Services Division,F,73586.39,0,0,16
COR,Correction and Rehabilitation,COR 42 PTS Assessment,M,115044.92,576.1,0,22
CCL,County Council,CCL 01 Council Central Staff,M,93577.21,0,0,N26
CEX,Offices of the County Executive,CEX 15 Chief Administrative Officer's Office,F,198690.55,0,0,M2
ABS,Alcohol Beverage Services,"ABS 85 Licensure, Regulation and Education",F,75581.16,0,0,18
DOT,Department of Transportation,DOT 50 Highway Services,M,77181.01,8038.59,0,16
HHS,Department of Health and Human Services,HHS 60 Behavioral Health and Crisis Services Division,M,98322,0,0,18
CCL,County Council,CCL 01 Council Members and Staff,F,85626.21,0,0,N16
HHS,Department of Health and Human Services,HHS 60 Behavioral Health and Crisis Services Division,F,108122.87,0,0,24
CEX,Offices of the County Executive,CEX 15 Chief Administrative Officer's Office,F,92353.98,0,0,N18
DOT,Department of Transportation,DOT 50 Highway Services,F,71502.91,6465.83,0,13
POL,Department of Police,POL 47 MSB Communications Division,M,63206.55,17464.85,0,17
DPS,Department of Permitting Services,"DPS 75 Commercial Sustainability, Energy, and Mechanical",M,110090.84,0,0,25
CCL,County Council,CCL 01 Council Central Staff,F,65198.61,0,0,N17
POL,Department of Police,POL 47 PSB 3rd District Patrol,M,89137,40912.52,0,P2
DGS,Department of General Services,DGS 36 Fleet Management Fleet Services,M,95882.89,0,0,19
DGS,Department of General Services,DGS 36 Facilities Maintenance,M,98322,17849.37,0,18
DGS,Department of General Services,DGS 36 Fleet Management Fleet Services,M,71111.89,0,0,19
POL,Department of Police,POL 47 MSB Information Management and Technology Division,F,122323.15,596.63,0,23
POL,Department of Police,POL 47 PSB 3rd District Patrol,M,83211,552.95,0,P2
POL,Department of Police,POL 47 MSB Communications Division,F,69527.2,8761.29,0,19
HCA,Department of Housing and Community Affairs,HCA 76 Housing Code Enforcement,M,99571.05,0,0,21
DOT,Department of Transportation,DOT 50 Transit Silver Spring Ride On,M,72531,8498.26,0,T1
DOT,Department of Transportation,DOT 50 Transit Silver Spring Ride On,M,72530.54,6479.15,0,T1
HCA,Department of Housing and Community Affairs,HCA 76 Community Development Neighborhood Revitalization,F,60770,0,0,16
OIG,Office of the Inspector General,OIG 06 Office of the Inspector General,F,133209.91,0,0,N28
TBS,Department of Technology and Enterprise Business Solutions,TBS 34 OBP Fibernet Operations (GF),M,126831.44,0,0,N28
POL,Department of Police,POL 47 FSB Traffic Division School Safety Section,F,24983.28,0,0,10
DPS,Department of Permitting Services,"DPS 75 Commercial Sustainability, Energy, and Mechanical",F,116572.74,0,0,25
DPS,Department of Permitting Services,DPS 75 Customer Support,F,60345.67,97.41,0,15
HHS,Department of Health and Human Services,HHS 60 Child Welfare Services,F,97858.52,0,0,23
DGS,Department of General Services,DGS 36 Facilities Maintenance,M,94134,17824.62,0,17
CEC,Community Engagement Cluster,CEC 16 Bethesda Urban District,M,97858.52,0,0,N23
COR,Correction and Rehabilitation,COR 42 DS MCDC Custody and Security,M,68620,17049.8,0,C4
COR,Correction and Rehabilitation,COR 42 DS MCCF Unit 2 Security,M,68620,31677.48,0,C4
TBS,Department of Technology and Enterprise Business Solutions,TBS 34 OBP Network Operations Center (NOC),M,100304.99,135.71,0,23
COR,Correction and Rehabilitation,COR 42 DS MCCF Unit 2 Security,M,68620,41635.51,0,C4
FRS,Fire and Rescue Services,FRS 45 Planning and Accreditation,M,133058.24,0,0,N28
TBS,Department of Technology and Enterprise Business Solutions,TBS 34 CIO Device Client Management,M,106772.21,0,0,N23
TBS,Department of Technology and Enterprise Business Solutions,TBS 34 OBP Fibernet Operations (GF),M,126831.44,0,0,N28
POL,Department of Police,POL 47 FSB Traffic Division School Safety Section,F,24983.28,0,0,10
REC,Department of Recreation,REC 72 Youth Development Youth Services,F,84769.94,0,0,21
DPS,Department of Permitting Services,DPS 75 Director's Office,F,86045.78,0,0,N18
POL,Department of Police,POL 47 PSB 5th District Patrol,F,75047,3739.71,0,P2
POL,Department of Police,POL 47 FSB Security Services Division,M,106772.21,7018.09,0,N23
TBS,Department of Technology and Enterprise Business Solutions,TBS 34 OBP Network Operations Center (NOC),M,121833.86,0,0,26
HHS,Department of Health and Human Services,HHS 60 Children Youth and Family Services Division,F,141365.6,0,0,M3
OAS,Office of Animal Services,OAS 38 Animal Services Division,M,83485.55,13056.58,0,18
CAT,County Attorney's Office,CAT 30 Insurance Defense Litigation,M,181336,0,0,N32
COR,Correction and Rehabilitation,COR 42 DS MCCF Unit 2 Security,M,68620,57843.12,0,C4
POL,Department of Police,POL 47 FSB Traffic Division School Safety Section,F,24983.28,0,0,10
POL,Department of Police,POL 47 FSB Traffic Division School Safety Section,F,24983.28,0,0,10
DOT,Department of Transportation,DOT 50 Highway Services,M,59702.45,13766.51,0,15
DPS,Department of Permitting Services,DPS 75 Customer Support,F,75840.35,0,0,16
TBS,Department of Technology and Enterprise Business Solutions,TBS 34 OSP Enterprise Services Team,M,144341.32,0,0,N28
COR,Correction and Rehabilitation,COR 42 DS MCCF Unit 1 Security,M,68620,65370.49,0,C4
HHS,Department of Health and Human Services,HHS 60 School Health Services,F,99823.04,0,0,24
DOT,Department of Transportation,DOT 50 Transportation Management,F,57372.15,0,0,15
ABS,Alcohol Beverage Services,ABS 85 Liquor and Wine Delivery Operations,M,75228.73,10479.66,0,15
TBS,Department of Technology and Enterprise Business Solutions,TBS 34 OBP Network Operations Center (NOC),M,115228.41,0,0,26
HHS,Department of Health and Human Services,HHS 60 Aging & Disability Services Division,F,107323,0,0,20
COR,Correction and Rehabilitation,COR 42 DS MCCF Unit 1 Security,M,68620,36028.07,0,C4
DPS,Department of Permitting Services,DPS 75 Customer Support,M,66054.51,0,0,16
DOT,Department of Transportation,DOT 50 Director Transportation Policy,F,103974.68,0,0,N23
DGS,Department of General Services,DGS 36 Property Management,F,128198,36968.03,0,N24
LIB,Department of Public Libraries,LIB 71 Quince Orchard Library,F,42323.82,0,0,21
TBS,Department of Technology and Enterprise Business Solutions,TBS 34 OBP Community Engagement (GF),M,121855.89,0,0,26
HHS,Department of Health and Human Services,HHS 60 Public Health Services Division,F,140274,0,0,26
HHS,Department of Health and Human Services,HHS 60 Aging & Disability Services Division,F,62444.66,0,0,16
HHS,Department of Health and Human Services,HHS 60 School Health Services,F,54639.06,43.52,0,16
HHS,Department of Health and Human Services,HHS 60 School Health Services,F,54639.07,0,0,16
HHS,Department of Health and Human Services,HHS 60 School Health Services,F,54639.06,0,0,16
HHS,Department of Health and Human Services,HHS 60 School Health Services,F,54636.35,0,0,16
HHS,Department of Health and Human Services,HHS 60 School Health Services,F,54639.04,0,0,16
HHS,Department of Health and Human Services,HHS 60 School Health Services,F,54639.04,87.03,0,16
HHS,Department of Health and Human Services,HHS 60 School Health Services,F,107562.41,0,0,24
HHS,Department of Health and Human Services,HHS 60 School Health Services,F,54639.04,42.25,0,16
HHS,Department of Health and Human Services,HHS 60 School Health Services,F,54639.04,0,0,16
HHS,Department of Health and Human Services,HHS 60 School Health Services,F,54639.04,108.78,0,16
HHS,Department of Health and Human Services,HHS 60 School Health Services,F,54639.04,0,0,16
HHS,Department of Health and Human Services,HHS 60 School Health Services,F,100560.06,0,0,24
HHS,Department of Health and Human Services,HHS 60 School Health Services,F,101805.88,0,0,24
DOT,Department of Transportation,DOT 50 Transit Gaithersburg Ride On,M,72531,9250.62,0,T1
DOT,Department of Transportation,DOT 50 Transit Gaithersburg Ride On,M,77668,0,0,T1
DOT,Department of Transportation,DOT 50 Transit Silver Spring Ride On,M,72531,10931.03,0,T1
POL,Department of Police,POL 47 MSB Communications Division,F,55517,2041.84,0,15
CCL,County Council,CCL 01 Council Members and Staff,F,79510.05,0,0,N16
HHS,Department of Health and Human Services,HHS 60 Child Welfare Services,F,98094.89,0,0,23
ORE,Office of Racial Equity and Social Justice,ORE 25 Office of Racial Equity and Social Justice,F,114983.77,0,0,N25
HHS,Department of Health and Human Services,HHS 60 Public Health Services Division,F,114581.99,0,0,N25
HHS,Department of Health and Human Services,HHS 60 Children Youth and Family Services Division,F,86916.48,0,0,16
CCL,County Council,CCL 01 Council Members and Staff,M,70947.43,0,0,N18
HHS,Department of Health and Human Services,HHS 60 Chief Operating Officer Division,M,112630.66,0,0,N25
REC,Department of Recreation,REC 72 Senior Programs,F,79020.76,0,0,16
DGS,Department of General Services,DGS 36 Building Design and Construction,M,132108.99,0,0,25
DOT,Department of Transportation,DOT 50 Transit Services,F,82500.85,0,0,N17
LIB,Department of Public Libraries,LIB 71 Rockville Library,F,75581.46,0,0,21
HHS,Department of Health and Human Services,HHS 60 Public Health Services Division,M,107193.73,2927.01,0,24
HHS,Department of Health and Human Services,HHS 60 School Health Services,F,99822.97,0,0,24
CCL,County Council,CCL 01 Council Central Staff,F,87461.06,0,0,N21
OCP,Office of Consumer Protection,OCP 39 Operations,F,122788.05,0,0,N25
HHS,Department of Health and Human Services,HHS 60 Office of Eligibility and Support Services,F,87595.61,5303.97,0,17
POL,Department of Police,POL 47 FSB Traffic Division School Safety Section,M,24983.28,0,0,10
REC,Department of Recreation,REC 72 Business Services,M,92170.5,0,0,N21
POL,Department of Police,POL 47 FSB Traffic Division School Safety Section,F,24983.28,0,0,10
HHS,Department of Health and Human Services,HHS 60 Child Welfare Services,F,119876.69,0,0,23
DOT,Department of Transportation,DOT 50 Transportation Management,M,76471.92,21949.54,0,19
LIB,Department of Public Libraries,LIB 71 Twinbrook Library,F,103363.06,0,0,24
DOT,Department of Transportation,DOT 50 Transit COS Taxicab Regulation,M,93728.89,0,0,20
DPS,Department of Permitting Services,DPS 75 Customer Support,M,60345.67,0,0,15
LIB,Department of Public Libraries,LIB 71 Wheaton Library,M,29631.22,0,0,13
LIB,Department of Public Libraries,LIB 71 Brigadier General Charles E. McGee Library,F,27692.75,0,0,13
LIB,Department of Public Libraries,LIB 71 Brigadier General Charles E. McGee Library,M,30667.63,0,0,13
HHS,Department of Health and Human Services,HHS 60 Aging & Disability Services Division,F,97954.71,0,0,21
OHR,Office of Human Resources,"OHR 33 Policy, Practice and Strategic Communications",M,98952.64,0,0,N22
POL,Department of Police,POL 47 OTC Legal and Labor Relations Division,F,97868.31,0,0,N21
CAT,County Attorney's Office,CAT 30 Government Operations,F,133860.18,0,0,N27
HHS,Department of Health and Human Services,HHS 60 Chief Operating Officer Division,F,84402.97,0,0,16
COR,Correction and Rehabilitation,COR 42 MSD Fiscal Services,M,78286.81,0,0,16
DPS,Department of Permitting Services,DPS 75 Customer Support,M,60345.67,0,0,15
HHS,Department of Health and Human Services,HHS 60 Children Youth and Family Services Division,F,73711.68,0,0,18
HHS,Department of Health and Human Services,HHS 60 Behavioral Health and Crisis Services Division,F,80733.28,15487.72,0,18
LIB,Department of Public Libraries,LIB 71 Brigadier General Charles E. McGee Library,M,27692.75,0,0,13
HHS,Department of Health and Human Services,HHS 60 Office of Eligibility and Support Services,F,98322,0,0,18
LIB,Department of Public Libraries,LIB 71 Rockville Library,F,27692.75,0,0,13
ABS,Alcohol Beverage Services,ABS 85 Liquor and Wine Delivery Operations,M,77063.59,11072.98,0,15
CAT,County Attorney's Office,CAT 30 Government Operations,F,152860.39,0,0,N32
REC,Department of Recreation,REC 72 Special Programs,F,58632.75,290.29,0,14
PRO,Office of Procurement,PRO 35 Business Relations and Compliance Division,F,45897.72,0,0,21
FRS,Fire and Rescue Services,FRS 45 Field Recruits,M,67491,4537.26,0,F2
FRS,Fire and Rescue Services,FRS 45 Field Recruits,M,67491,2179.39,0,F2
FRS,Fire and Rescue Services,FRS 45 Station 24,M,67491,6065.97,0,F2
FRS,Fire and Rescue Services,FRS 45 Station 32,F,67491,10604.82,0,F2
FRS,Fire and Rescue Services,FRS 45 Station 12,M,67491,8289.93,0,F2
FRS,Fire and Rescue Services,FRS 45 Station 32,M,67491,13990.98,0,F2
FRS,Fire and Rescue Services,FRS 45 Station 32,M,67491,10379,0,F2
FRS,Fire and Rescue Services,FRS 45 Field Recruits,M,67491,1379.04,0,F2
FRS,Fire and Rescue Services,FRS 45 Station 10,M,67491,32719.02,0,F2
FRS,Fire and Rescue Services,FRS 45 Station 5,M,67491,4793.32,0,F2
FRS,Fire and Rescue Services,FRS 45 Station 25,M,67491,2842.93,0,F2
FRS,Fire and Rescue Services,FRS 45 Station 12,M,67491,3589.56,0,F2
FRS,Fire and Rescue Services,FRS 45 Station 1,M,67491,4659.37,0,F2
FRS,Fire and Rescue Services,FRS 45 Station 25,M,67491,15909.88,0,F2
TBS,Department of Technology and Enterprise Business Solutions,TBS 34 ODT Data Innovation Team,F,157086.17,0,0,N32
POL,Department of Police,POL 47 PSB 3rd District Patrol,M,75047,65149.28,0,P2
POL,Department of Police,POL 47 PSB 6th District Patrol,M,75047,22988.27,0,P2
LIB,Department of Public Libraries,LIB 71 Twinbrook Library,M,55385.49,0,0,13
BOE,Board of Elections,BOE 24 Registration Services,F,59611.38,0,0,16
LIB,Department of Public Libraries,LIB 71 Wheaton Library,F,27692.75,0,0,13
DOT,Department of Transportation,DOT 50 Traffic Engineering Design and Operations,F,78705.13,3250.47,0,18
DOT,Department of Transportation,DOT 50 Highway Services,M,60250.87,9318.66,0,15
DEP,Department of Environmental Protection,DEP 80 Resource Conversion,M,80733.28,13396.36,0,20
POL,Department of Police,POL 47 PSB 4th District Patrol,F,75047,5756.42,0,P2
LIB,Department of Public Libraries,LIB 71 Chevy Chase Library,F,27692.75,0,0,13
CEC,Community Engagement Cluster,CEC 16 Wheaton Urban District,F,63403.75,7738.55,0,9
NDA,Non-Departmental Account,NDA 99 MCIB,M,101283.58,0,0,N25
HHS,Department of Health and Human Services,HHS 60 Office of Eligibility and Support Services,F,111550.15,241.34,0,N24
POL,Department of Police,POL 47 PSB 4th District Patrol,M,75047,13607.08,0,P2
DEP,Department of Environmental Protection,DEP 80 Resource Conversion,M,97858.52,10100.33,0,20
DOT,Department of Transportation,DOT 50 Transportation System Engineering,M,134086,11151.77,0,25
POL,Department of Police,POL 47 HQ Office of the Chief,M,70056,378.93,0,P2
DOT,Department of Transportation,DOT 50 Highway Services,M,60250.89,18857.64,0,15
CCL,County Council,CCL 01 Council Central Staff,F,93728.89,0,0,N20
DHS,Office of Emergency Management and Homeland Security,DHS 49 Policy and Planning,M,117063.25,683.99,0,26
DOT,Department of Transportation,DOT 50 Commuter Services,M,83789.04,0,0,21
DEP,Department of Environmental Protection,DEP 80 Resource Conversion,F,84402.97,13130.18,0,20
ABS,Alcohol Beverage Services,ABS 85 Retail Administration,M,152690.84,0,0,M2
HHS,Department of Health and Human Services,HHS 60 Child Welfare Services,F,76291.59,2373.95,0,18
FRS,Fire and Rescue Services,FRS 45 Behavioral Health,M,80079.16,0,0,23
FRS,Fire and Rescue Services,FRS 45 Rescue 2,F,67491,16302.64,0,F2
FRS,Fire and Rescue Services,FRS 45 Station 25,F,67491,5066.05,0,F2
FRS,Fire and Rescue Services,FRS 45 Station 32,M,67491,14106.42,0,F2
FRS,Fire and Rescue Services,FRS 45 Station 5,M,67491,11201.36,0,F2
FRS,Fire and Rescue Services,FRS 45 Station 32,M,67491,5452.68,0,F2
FRS,Fire and Rescue Services,FRS 45 Rescue 2,M,67491,4991.01,0,F2
FRS,Fire and Rescue Services,FRS 45 Station 2,M,67491,973.44,0,F2
FRS,Fire and Rescue Services,FRS 45 Field Recruits,M,67491,9788.71,0,F2
FRS,Fire and Rescue Services,FRS 45 Station 1,M,67491,12746.04,0,F2
POL,Department of Police,POL 47 PSB 6th District Patrol,F,63206.55,3838.35,0,16
POL,Department of Police,POL 47 MSB Information Mgmt and Tech Division Records Management Section,M,77890.49,2509.87,0,15
POL,Department of Police,POL 47 MSB Training and Education Division,M,30157.91,0,0,10
POL,Department of Police,POL 47 MSB Training and Education Division,M,30157.92,0,0,10
POL,Department of Police,POL 47 MSB Communications Division,F,82575.76,9390.79,0,19
POL,Department of Police,POL 47 MSB Training and Education Division,F,30157.92,0,0,10
POL,Department of Police,POL 47 MSB Communications Division,F,63206.55,8100.25,0,17
POL,Department of Police,POL 47 FSB Traffic Division Automated Traffic Enforcement Section,M,69357.23,3020.67,0,15
ABS,Alcohol Beverage Services,ABS 85 Beer Warehouse Operations,M,107323,7281.51,0,N20
HHS,Department of Health and Human Services,HHS 60 Chief Operating Officer Division,M,111550.15,6357.81,0,N24
HHS,Department of Health and Human Services,HHS 60 Children Youth and Family Services Division,F,67073.45,0,0,13
DOT,Department of Transportation,DOT 50 Highway Services,M,60250.89,25384.34,0,15
HHS,Department of Health and Human Services,HHS 60 Behavioral Health and Crisis Services Division,F,103974.68,0,0,21
FIN,Department of Finance,FIN 32 Information Technology,M,152903.94,0,0,N28
FRS,Fire and Rescue Services,FRS 45 Internal Affairs,M,116572.73,0,0,N25
HHS,Department of Health and Human Services,HHS 60 Chief Operating Officer Division,M,112166,0,0,21
HHS,Department of Health and Human Services,HHS 60 Public Health Services Division,F,53774.91,0,0,13
ABS,Alcohol Beverage Services,ABS 85 Administrative Services,M,23550.3,0,0,N5
CCL,County Council,CCL 01 Council Central Staff,M,140274,0,0,N26
DOT,Department of Transportation,DOT 50 Transportation Technical Center,M,58715.11,14616.43,0,14
DOT,Department of Transportation,DOT 50 Highway Services,M,59702.46,16647.56,0,15
DGS,Department of General Services,DGS 36 Building Design and Construction,M,130716.7,0,0,N27
HHS,Department of Health and Human Services,HHS 60 Public Health Services Division,F,57491.87,0,0,13
DEP,Department of Environmental Protection,DEP 80 Strategic and Administrative Services Division,F,90149,0,0,16
HHS,Department of Health and Human Services,HHS 60 Children Youth and Family Services Division,F,141092.3,0,0,M3
TBS,Department of Technology and Enterprise Business Solutions,TBS 34 OSP DevOps and Server Support,M,147733.27,0,0,N28
COR,Correction and Rehabilitation,COR 42 DS MCCF Unit 3 Security,F,66530,8717.07,0,C4
HHS,Department of Health and Human Services,HHS 60 Public Health Services Division,F,99615.26,703.2,0,23
HHS,Department of Health and Human Services,HHS 60 Public Health Services Division,F,99276.76,0,0,N25
TBS,Department of Technology and Enterprise Business Solutions,TBS 34 CIO One Face Forward Initiative,F,139460.22,0,0,N28
DHS,Office of Emergency Management and Homeland Security,DHS 49 Operations and Training,M,102822.36,2167.26,0,24
TBS,Department of Technology and Enterprise Business Solutions,TBS 34 OSP DevOps and Server Support,M,147733.27,0,0,N28
HHS,Department of Health and Human Services,HHS 60 Aging & Disability Services Division,F,99079.39,0,0,23
DOT,Department of Transportation,DOT 50 Transit Operations and Planning,F,73066.16,0,0,18
REC,Department of Recreation,REC 72 Facilities Division,M,94549.29,0,0,21
DOT,Department of Transportation,DOT 50 Director Transportation Policy,F,200000,0,0,EX3
DOT,Department of Transportation,DOT 50 Transit Nicholson Ride On,M,72530.54,8641.82,0,T1
DOT,Department of Transportation,DOT 50 Transit Gaithersburg Ride On,F,72530.54,23936.34,0,T1
DOT,Department of Transportation,DOT 50 Transit Silver Spring Ride On,M,72530.54,11550,0,T1
DOT,Department of Transportation,DOT 50 Transit Gaithersburg Ride On,M,72530.54,8294.94,0,T1
POL,Department of Police,POL 47 PSB 3rd District Community Operations,M,72511,33038.43,0,P2
HHS,Department of Health and Human Services,HHS 60 Behavioral Health and Crisis Services Division,M,94057.63,0,0,23
SHF,Sheriff's Office,SHF 48 Court and Transport,M,68040,5380.6,0,G2
DOT,Department of Transportation,DOT 50 Highway Services,M,58213.06,22792.39,0,15
HHS,Department of Health and Human Services,HHS 60 Aging & Disability Services Division,F,88144.5,0,0,18
SHF,Sheriff's Office,SHF 48 Court and Transport,M,68040,5234.62,0,G2
POL,Department of Police,POL 47 PSB 2nd District Patrol,M,66815,337.31,0,P2
DOT,Department of Transportation,DOT 50 Parking Management,F,150628.86,0,0,28
POL,Department of Police,POL 47 PSB 4th District Patrol,M,72511,0,0,P2
DOT,Department of Transportation,DOT 50 Highway Services,F,57683.53,6904.73,0,15
POL,Department of Police,POL 47 PSB 2nd District Patrol,M,72511,37222.27,0,P2
COR,Correction and Rehabilitation,COR 42 MBHS Medical and Behavioral Health Services,M,102122.42,0,0,24
HHS,Department of Health and Human Services,HHS 60 Child Welfare Services,F,72487.4,539.04,0,18
POL,Department of Police,POL 47 PSB 3rd District Patrol,M,72511,26347.52,0,P2
POL,Department of Police,POL 47 PSB 6th District Patrol,M,72511,15954.62,0,P2
POL,Department of Police,POL 47 PSB 3rd District Patrol,M,72511,82433.8,0,P2
TBS,Department of Technology and Enterprise Business Solutions,TBS 34 CIO Finance and Human Resources,F,82715.66,0,0,21
POL,Department of Police,POL 47 PSB 2nd District Patrol,M,86126,34149.13,0,P2
OIG,Office of the Inspector General,OIG 06 Office of the Inspector General,F,133550.88,0,0,N28
HHS,Department of Health and Human Services,HHS 60 Services to End and Prevent Homelessness Division,F,94549.29,0,0,23
DOT,Department of Transportation,DOT 50 Transportation Planning and Design Section,M,153585,0,0,28
DOT,Department of Transportation,DOT 50 Highway Services,M,58213.06,19135.05,0,15
HHS,Department of Health and Human Services,HHS 60 Behavioral Health and Crisis Services Division,F,88063.78,0,0,23
POL,Department of Police,POL 47 FSB Security Services Division,M,81773.67,23592.06,0,15
CCL,County Council,CCL 01 Council Members and Staff,M,103269.86,0,0,N22
DGS,Department of General Services,DGS 36 Fleet Management Fleet Services,M,75728.72,0,0,19
HHS,Department of Health and Human Services,HHS 60 Behavioral Health and Crisis Services Division,F,66578.08,0,0,13
HHS,Department of Health and Human Services,HHS 60 Public Health Services Division,F,96447.38,0,0,24
DOT,Department of Transportation,DOT 50 Transit Nicholson Ride On,F,72530.54,215.19,0,T1
POL,Department of Police,POL 47 MSB Communications Division,F,55517,1823.12,0,15
TBS,Department of Technology and Enterprise Business Solutions,TBS 34 CIO Enterprise Information Security Office,M,137693.15,0,0,N28
POL,Department of Police,POL 47 FSB Security Services Division,M,78026.12,37855.42,0,15
POL,Department of Police,POL 47 MSB Information Management and Technology Division Data Systems Section,M,97532.65,2718.42,0,19
LIB,Department of Public Libraries,LIB 71 Brigadier General Charles E. McGee Library,F,48382.41,0,0,18
DOT,Department of Transportation,DOT 50 Transit Operations and Planning,M,117394.89,0,0,23
DOT,Department of Transportation,DOT 50 Director Transportation Policy,M,134086,0,0,25
HCA,Department of Housing and Community Affairs,HCA 76 Housing Code Enforcement,F,100458.63,6.75,0,21
LIB,Department of Public Libraries,LIB 71 Damascus Library,F,32254.94,0,0,18
DOT,Department of Transportation,DOT 50 Transportation Management,M,58519.58,18184.59,0,15
DOT,Department of Transportation,DOT 50 Transit Special Transportation and Medicaid,F,67875.4,0,0,16
HHS,Department of Health and Human Services,HHS 60 Chief Operating Officer Division,M,140274,0,0,26
CEC,Community Engagement Cluster,CEC 16 Silver Spring Urban District,M,66853.47,3550.38,0,10
HCA,Department of Housing and Community Affairs,HCA 76 Director,F,200000,0,0,EX3
HHS,Department of Health and Human Services,HHS 60 Public Health Services Division,F,212000,0,0,EX3
POL,Department of Police,POL 47 FSB Traffic Division School Safety Section,M,24138.18,0,0,10
POL,Department of Police,POL 47 PSB 3rd District Patrol,F,88353.1,19160.71,0,16
DGS,Department of General Services,DGS 36 Facilities Maintenance,M,98322,11896.97,0,18
HHS,Department of Health and Human Services,HHS 60 Aging & Disability Services Division,F,134086,0,0,N25
POL,Department of Police,POL 47 FSB Traffic Division School Safety Section,M,24138.18,0,0,10
CUS,Community Use of Public Facilities,CUS 70 Finance and Administrative Support Team,F,60986.27,0,0,16
DOT,Department of Transportation,DOT 50 Parking Management,F,77211.44,0,0,16
HHS,Department of Health and Human Services,HHS 60 Child Welfare Services,F,92156.89,132.93,0,18
POL,Department of Police,POL 47 FSB Traffic Division School Safety Section,F,24138.18,0,0,10
DPS,Department of Permitting Services,DPS 75 Commercial Bldg/LS/Access/FPS,M,118519.38,0,0,26
TBS,Department of Technology and Enterprise Business Solutions,TBS 34 ODT Geographic Information System,M,148446.97,0,0,M3
HHS,Department of Health and Human Services,HHS 60 Services to End and Prevent Homelessness Division,F,163090.62,0,0,M2
LIB,Department of Public Libraries,LIB 71 Rockville Library,F,99827.54,0,0,24
HCA,Department of Housing and Community Affairs,HCA 76 Housing Code Enforcement,M,100458.63,9032.85,0,21
OCP,Office of Consumer Protection,OCP 39 Operations,F,65572.52,0,0,N18
FRS,Fire and Rescue Services,FRS 45 Fleet Operations,M,99163.56,0,0,20
DGS,Department of General Services,DGS 36 Facilities Maintenance,M,58737.47,1984.08,0,8
DGS,Department of General Services,DGS 36 Fleet Management Fleet Services,M,81369.43,586.8,0,16
DGS,Department of General Services,DGS 36 Fleet Management Fleet Services,M,73391.14,0,0,16
HHS,Department of Health and Human Services,HHS 60 Chief Operating Officer Division,F,131955.94,0,0,N25
HHS,Department of Health and Human Services,HHS 60 Behavioral Health and Crisis Services Division,M,94057.64,25862.68,0,23
DOT,Department of Transportation,DOT 50 Transit Operations and Planning,M,65662.43,0,0,18
FIN,Department of Finance,FIN 32 Division of Fiscal Management,F,147734.36,0,0,N28
FRS,Fire and Rescue Services,FRS 45 Recruit Training,F,62102,0,0,F1
COR,Correction and Rehabilitation,COR 42 DS MCCF Unit 3 Security,M,66530,39633.08,0,C4
OIG,Office of the Inspector General,OIG 06 Office of the Inspector General,F,112449.41,0,0,N26
DEP,Department of Environmental Protection,DEP 80 Stewardship Programs,F,165977.34,0,0,M3
DGS,Department of General Services,DGS 36 Fleet Management Fleet Services,M,58424.28,0,0,12
POL,Department of Police,POL 47 MSB Training and Education Division,M,99024.33,596.23,0,20
CEX,Offices of the County Executive,CEX 15 Chief Administrative Officer's Office,F,83135.69,179.87,0,N16
DEP,Department of Environmental Protection,DEP 80 Design and Construction,F,101640.49,0,0,25
HHS,Department of Health and Human Services,HHS 60 Child Welfare Services,F,120550.36,347.75,0,23
OIG,Office of the Inspector General,OIG 06 Office of the Inspector General,M,129661.05,0,0,N28
COR,Correction and Rehabilitation,COR 42 DS MCCF Unit 3 Security,M,66530,18330.09,0,C4
DGS,Department of General Services,DGS 36 Facilities Maintenance,M,102711,34639.78,0,19
SHF,Sheriff's Office,SHF 48 Court and Transport,M,79521,4798.61,0,G2
DGS,Department of General Services,DGS 36 Fleet Automotive Heavy Equipment,F,77471.79,0,0,21
HHS,Department of Health and Human Services,HHS 60 Aging & Disability Services Division,F,93750.09,0,0,24
HCA,Department of Housing and Community Affairs,HCA 76 Rent Stabilization,F,155234.06,0,0,M3
COR,Correction and Rehabilitation,COR 42 DS MCDC Central Processing Unit,M,66530,40299.6,0,C4
DEP,Department of Environmental Protection,DEP 80 Director,M,218000,0,0,EX3
OHR,Office of Human Resources,OHR 33 Classification and Compensation Team,F,110154.52,0,0,N27
FRS,Fire and Rescue Services,FRS 45 Recruit Training,M,64278,445.25,0,F1
HHS,Department of Health and Human Services,HHS 60 Chief Operating Officer Division,M,137626.63,0,0,M3
LIB,Department of Public Libraries,LIB 71 Damascus Library,F,32254.94,0,0,18
HHS,Department of Health and Human Services,HHS 60 Public Health Services Division,F,59667.03,0,0,14
HCA,Department of Housing and Community Affairs,HCA 76 Rent Stabilization,F,92942.87,0,0,23
HHS,Department of Health and Human Services,HHS 60 Behavioral Health and Crisis Services Division,F,70242.24,2257.75,0,18
HHS,Department of Health and Human Services,HHS 60 Chief Operating Officer Division,F,108017.98,0,0,21
CEC,Community Engagement Cluster,CEC 16 Silver Spring Urban District,M,65062.92,12975.14,0,9
HCA,Department of Housing and Community Affairs,HCA 76 Community Development Neighborhood Revitalization,F,130808.5,0,0,25
HCA,Department of Housing and Community Affairs,HCA 76 Common Ownership Community Program,M,105564.75,0,0,25
LIB,Department of Public Libraries,LIB 71 Brigadier General Charles E. McGee Library,F,73025.57,0,0,21
OAS,Office of Animal Services,OAS 38 Animal Services Division,F,198862.39,0,0,M2
COR,Correction and Rehabilitation,COR 42 DO Information Technology and Data Analytics Services,F,103269.86,1807.63,0,N21
COR,Correction and Rehabilitation,COR 42 MBHS Medical and Behavioral Health Services,F,98421.44,851.73,0,24
LIB,Department of Public Libraries,LIB 71 Brigadier General Charles E. McGee Library,F,40160.5,0,0,21
HHS,Department of Health and Human Services,HHS 60 School Health Services,F,98363.18,0,0,24
HHS,Department of Health and Human Services,HHS 60 Public Health Services Division,F,68846.58,0,0,14
OHR,Office of Human Resources,OHR 33 Records Management Team,M,97532.65,0,0,N22
HHS,Department of Health and Human Services,HHS 60 Public Health Services Division,M,82745,0,0,14
HHS,Department of Health and Human Services,HHS 60 Services to End and Prevent Homelessness Division,F,69519.91,0,0,13
HCA,Department of Housing and Community Affairs,HCA 76 Rent Stabilization,F,94664.05,0,0,25
HCA,Department of Housing and Community Affairs,HCA 76 Rent Stabilization,F,97532.65,0,0,23
REC,Department of Recreation,REC 72 Business Services,F,113016.75,0,0,N25
DOT,Department of Transportation,DOT 50 Transit Nicholson Ride On,M,67962,13362.33,0,T1
DOT,Department of Transportation,DOT 50 Transit Nicholson Ride On,F,67962,22745.21,0,T1
DOT,Department of Transportation,DOT 50 Transit Gaithersburg Ride On,M,67962,22989.54,0,T1
DOT,Department of Transportation,DOT 50 Transit Gaithersburg Ride On,M,72531,5259.27,0,T1
DOT,Department of Transportation,DOT 50 Transit Nicholson Ride On,M,67962,8368.85,0,T1
DOT,Department of Transportation,DOT 50 Transit Nicholson Ride On,M,72531,8549.91,0,T1
DOT,Department of Transportation,DOT 50 Transit Nicholson Ride On,M,67962,8711.57,0,T1
DOT,Department of Transportation,DOT 50 Transit Nicholson Ride On,F,72531,5977.21,0,T1
DOT,Department of Transportation,DOT 50 Transit Nicholson Ride On,F,67962,15393.13,0,T1
DOT,Department of Transportation,DOT 50 Transit Nicholson Ride On,M,67962,18296.14,0,T1
ABS,Alcohol Beverage Services,ABS 85 Leisure World,M,24964.11,5.79,0,12
HHS,Department of Health and Human Services,HHS 60 School Health Services,F,52159.96,0,0,16
HHS,Department of Health and Human Services,HHS 60 School Health Services,F,52159.96,85.99,0,16
HHS,Department of Health and Human Services,HHS 60 School Health Services,F,52159.96,0,0,16
HHS,Department of Health and Human Services,HHS 60 School Health Services,F,50396.5,0,0,16
HHS,Department of Health and Human Services,HHS 60 Public Health Services Division,M,82745,0,0,14
POL,Department of Police,POL 47 FSB Traffic Division Automated Traffic Enforcement Section,M,88353.1,0,0,N18
POL,Department of Police,POL 47 MSB Training and Education Division,M,106482.7,4457.76,0,20
POL,Department of Police,POL 47 MSB Communications Division,F,69527.2,8447.2,0,19
POL,Department of Police,POL 47 MSB Communications Division,F,69527.2,5344.56,0,19
COR,Correction and Rehabilitation,COR 42 DS MCCF Case Managers Unit 2,M,133103.38,0,0,N25
DOT,Department of Transportation,DOT 50 Highway Services,M,57683.53,16045.29,0,15
TBS,Department of Technology and Enterprise Business Solutions,TBS 34 OMC MC311 Call Center,F,57831.12,323.93,0,13
POL,Department of Police,POL 47 MSB Communications Division,M,69527.2,13507.6,0,19
HHS,Department of Health and Human Services,HHS 60 Services to End and Prevent Homelessness Division,M,65780.6,69.09,0,13
COR,Correction and Rehabilitation,COR 42 MBHS Medical and Behavioral Health Services,F,101322.65,9805.44,0,24
POL,Department of Police,POL 47 MSB Training and Education Division,M,107323,3534.42,0,20
DOT,Department of Transportation,DOT 50 Transit Special Transportation and Medicaid,M,66551.69,0,0,16
CEC,Community Engagement Cluster,CEC 16 Gilchrist Center,M,32235.12,367.76,0,13
TBS,Department of Technology and Enterprise Business Solutions,TBS 34 OMC MC311 Call Center,M,73970.08,400.32,0,13
DOT,Department of Transportation,DOT 50 Highway Services,M,58213.06,23350.4,0,15
HHS,Department of Health and Human Services,HHS 60 Chief Operating Officer Division,F,167960.11,0,0,M2
HCA,Department of Housing and Community Affairs,HCA 76 Housing Landlord and Tenant Mediation,F,129661.05,0,0,25
DOT,Department of Transportation,DOT 50 Transit Special Transportation and Medicaid,F,70798.92,0,0,16
FIN,Department of Finance,FIN 32 Tax Operations,M,71141.46,0,0,16
POL,Department of Police,POL 47 MSB Personnel Division Administration,F,100974.98,0,0,N21
OHR,Office of Human Resources,OHR 33 Recruitment and Selection,F,118398.5,0,0,N25
POL,Department of Police,POL 47 MSB Communications Division,F,69527.2,8093.48,0,19
DOT,Department of Transportation,DOT 50 Parking Management Parking Operations,M,103269.86,0,0,N25
DOT,Department of Transportation,DOT 50 Sign and Marking Shop,M,74897.25,336.05,0,14
HCA,Department of Housing and Community Affairs,HCA 76 Rent Stabilization,F,86058.22,0,0,21
HHS,Department of Health and Human Services,HHS 60 School Health Services,F,52159.96,0,0,16
HHS,Department of Health and Human Services,HHS 60 School Health Services,F,52159.98,0,0,16
CUS,Community Use of Public Facilities,CUS 70 Silver Spring Civic Building,M,62328.39,0,0,18
HHS,Department of Health and Human Services,HHS 60 School Health Services,F,52159.96,0,0,16
HHS,Department of Health and Human Services,HHS 60 School Health Services,F,52159.96,0,0,16
HCA,Department of Housing and Community Affairs,HCA 76 Information Technology,M,137693.15,0,0,N28
POL,Department of Police,POL 47 FSB Traffic Division School Safety Section,F,24138.18,0,0,10
OHR,Office of Human Resources,OHR 33 Occupational Medical Services Team,F,80321.01,1228.03,0,N18
ABS,Alcohol Beverage Services,ABS 85 Liquor and Wine Delivery Operations,M,60814.48,12857.81,0,15
TBS,Department of Technology and Enterprise Business Solutions,TBS 34 OBP FiberNet Infrastructure,M,117735.67,9420,0,26
DEP,Department of Environmental Protection,DEP 80 Monitoring and Planning,M,99253.82,0,0,23
OCP,Office of Consumer Protection,OCP 39 Investigations,M,103101.76,0,0,23
LIB,Department of Public Libraries,LIB 71 Long Branch Library,F,26756.28,0,0,13
HHS,Department of Health and Human Services,HHS 60 Public Health Services Division,F,110154.52,0,0,21
FRS,Fire and Rescue Services,FRS 45 Technology Services,M,114870.51,0,0,26
DOT,Department of Transportation,DOT 50 Transportation Construction Section,M,139582.76,0,0,N26
COR,Correction and Rehabilitation,COR 42 DS MCCF Unit 3 Security,M,66530,11310.48,0,C4
DOT,Department of Transportation,DOT 50 Parking Management Engineering and Capital Project Management,M,73507.48,5011.94,0,12
BOE,Board of Elections,BOE 24 Voter Services,F,122432.17,0,0,N25
DEP,Department of Environmental Protection,DEP 80 Strategic and Administrative Services Division,M,119408.64,0,0,26
OHR,Office of Human Resources,OHR 33 Health and Employee Welfare,F,81468.45,1515.35,0,N18
HHS,Department of Health and Human Services,HHS 60 Behavioral Health and Crisis Services Division,F,68360.06,5699.74,0,16
TBS,Department of Technology and Enterprise Business Solutions,TBS 34 OSP Low Code Governance and Administration,M,146872.7,0,0,N28
COR,Correction and Rehabilitation,COR 42 MBHS Medical and Behavioral Health Services,F,97777.06,6686.92,0,24
DEP,Department of Environmental Protection,DEP 80 Climate Programs,M,139387.33,0,0,N28
COR,Correction and Rehabilitation,COR 42 DS MCCF Unit 3 Security,M,66530,38725.71,0,C4
POL,Department of Police,POL 47 PSB 2nd District Patrol,M,72511,21318.1,0,P2
TBS,Department of Technology and Enterprise Business Solutions,TBS 34 CIO One Face Forward Initiative,M,167526.67,0,0,N32
DGS,Department of General Services,DGS 36 Fleet Management Fleet Services,M,65953.07,1237.08,0,19
COR,Correction and Rehabilitation,COR 42 DS MCCF Unit 3 Security,M,66530,11049.87,0,C4
POL,Department of Police,POL 47 PSB 6th District Patrol,F,86126,2840.53,0,P2
ABS,Alcohol Beverage Services,ABS 85 Goshen Crossing,M,54921.61,2122.97,0,14
HHS,Department of Health and Human Services,HHS 60 Children Youth and Family Services Division,M,73711.68,0,0,18
HCA,Department of Housing and Community Affairs,HCA 76 Affordable Housing Programs,M,149908.38,0,0,M3
HHS,Department of Health and Human Services,HHS 60 Public Health Services Division,F,89121.78,0,0,21
DHS,Office of Emergency Management and Homeland Security,DHS 49 Director's Office,F,189328.08,0,0,M2
CEC,Community Engagement Cluster,CEC 16 Silver Spring Urban District,F,60814.48,9393.62,0,9
DOT,Department of Transportation,DOT 50 Transportation Management,M,58519.58,9363.51,0,15
DEP,Department of Environmental Protection,"DEP 80 Energy, Climate and Compliance Division",F,105564.75,0,0,23
CEC,Community Engagement Cluster,CEC 16 Wheaton Urban District,M,65404.25,6489.23,0,9
CEC,Community Engagement Cluster,CEC 16 Silver Spring Urban District,M,57372.14,3812.59,0,9
LIB,Department of Public Libraries,LIB 71 Brigadier General Charles E. McGee Library,M,73025.56,0,0,21
POL,Department of Police,POL 47 FSB Traffic Division Automated Traffic Enforcement Section,M,83135.69,0,0,N18
FIN,Department of Finance,FIN 32 Accounts Payable,F,90149,0,0,16
HHS,Department of Health and Human Services,HHS 60 Office of Eligibility and Support Services,F,83588.56,102.81,0,18
ABS,Alcohol Beverage Services,ABS 85 Beer Warehouse Operations,M,51676.24,2359.12,0,12
LIB,Department of Public Libraries,LIB 71 Brigadier General Charles E. McGee Library,M,81927.44,0,0,21
FRS,Fire and Rescue Services,FRS 45 Community Risk Reduction,F,94558.47,0,0,21
REC,Department of Recreation,REC 72 Youth Development,F,73525.47,0,0,21
HHS,Department of Health and Human Services,HHS 60 Public Health Services Division,F,103269.86,521.33,0,21
OHR,Office of Human Resources,OHR 33 Recruitment and Selection,M,118398.5,0,0,N25
ABS,Alcohol Beverage Services,ABS 85 King Farm,M,25838.12,407.72,0,12
TBS,Department of Technology and Enterprise Business Solutions,TBS 34 CIO Project Management Staff,F,184738.31,0,0,N34
COR,Correction and Rehabilitation,COR 42 PRRS Reentry Services and Programs,F,128198,2197.32,0,24
HHS,Department of Health and Human Services,HHS 60 Office of Eligibility and Support Services,F,66578.07,0,0,17
HHS,Department of Health and Human Services,HHS 60 Services to End and Prevent Homelessness Division,F,86174.93,0,0,16
POL,Department of Police,POL 47 MSB Budget and Capital Management Division False Alarm Reduction Unit,M,72288.9,7297.21,0,16
CEX,Offices of the County Executive,CEX 15 Business Advancement Team,M,102253.25,0,0,N25
FRS,Fire and Rescue Services,FRS 45 Admin Services,F,91795.43,8782.89,0,N23
HHS,Department of Health and Human Services,HHS 60 Children Youth and Family Services Division,F,34572.34,0,0,18
REC,Department of Recreation,REC 72 Youth Development Youth Services,F,91795.43,0,0,21
COR,Correction and Rehabilitation,COR 42 DO Information Technology and Data Analytics Services,M,129162,0,0,N28
DOT,Department of Transportation,DOT 50 Highway Services,M,58213.06,14735.96,0,15
OHR,Office of Human Resources,OHR 33 Recruitment and Selection,M,126218.72,0,0,N25
CEC,Community Engagement Cluster,CEC 16 Silver Spring Urban District,M,67699.13,2615.14,0,10
HHS,Department of Health and Human Services,HHS 60 Office of Eligibility and Support Services,M,70578.93,533.41,0,20
HHS,Department of Health and Human Services,HHS 60 Behavioral Health and Crisis Services Division,F,87205.66,0,0,18
DGS,Department of General Services,DGS 36 Building Design and Construction,F,134086,0,0,25
REC,Department of Recreation,REC 72 Countywide Programs,F,103269.86,0,0,21
OIG,Office of the Inspector General,OIG 06 Office of the Inspector General,F,151079.37,0,0,M3
HHS,Department of Health and Human Services,HHS 60 Office of Eligibility and Support Services,F,59199.25,175.28,0,17
COR,Correction and Rehabilitation,COR 42 DS MCCF Unit 2 Security,F,59966,5146.5,0,C3
ABS,Alcohol Beverage Services,ABS 85 Retail Administration,M,112630.7,0,0,N25
COR,Correction and Rehabilitation,COR 42 DS MCCF Unit 2 Security,M,66530,22524.49,0,C4
DGS,Department of General Services,DGS 36 Facilities Maintenance,M,101176.9,1349.85,0,22
HHS,Department of Health and Human Services,HHS 60 Behavioral Health and Crisis Services Division,F,94057.64,0,0,23
HHS,Department of Health and Human Services,HHS 60 Office of Eligibility and Support Services,F,71138.28,3269.29,0,17
HHS,Department of Health and Human Services,HHS 60 School Health Services,F,96447.38,0,0,24
DEP,Department of Environmental Protection,DEP 80 Stewardship Programs,M,104417.3,0,0,23
COR,Correction and Rehabilitation,COR 42 DS MCCF Unit 1 Security,M,66530,35874.18,0,C4
COR,Correction and Rehabilitation,COR 42 DS MCDC Custody and Security,M,66530,11356.15,0,C4
COR,Correction and Rehabilitation,COR 42 PTS Intervention Program for Substance Abusers,M,57372.14,0,0,14
COR,Correction and Rehabilitation,COR 42 DS MCCF Unit 2 Security,M,66530,9356.4,0,C4
COR,Correction and Rehabilitation,COR 42 DS MCCF Unit 3 Security,M,66530,39111.21,0,C4
CCL,County Council,CCL 01 Council Members and Staff,M,69628,0,0,N18
DGS,Department of General Services,DGS 36 Building Design and Construction,M,122603,0,0,23
DOT,Department of Transportation,DOT 50 Highway Services,M,58213.06,15782,0,15
DOT,Department of Transportation,DOT 50 Transit Gaithersburg Ride On,M,67962.49,6984.02,0,T1
DOT,Department of Transportation,DOT 50 Transit Gaithersburg Ride On,M,67962.49,3510.83,0,T1
DOT,Department of Transportation,DOT 50 Transit Gaithersburg Ride On,M,67962.49,3744.59,0,T1
DOT,Department of Transportation,DOT 50 Transit Gaithersburg Ride On,M,67962.49,5809.8,0,T1
DOT,Department of Transportation,DOT 50 Transit Gaithersburg Ride On,M,67962.49,8243.65,0,T1
CEX,Offices of the County Executive,CEX 15 Chief Administrative Officer's Office,F,201000,0,0,
DOT,Department of Transportation,DOT 50 Transit Gaithersburg Ride On,M,67962.49,6006.65,0,T1
HCA,Department of Housing and Community Affairs,HCA 76 Housing Code Enforcement,M,97303.15,491.21,0,21
HHS,Department of Health and Human Services,HHS 60 Aging & Disability Services Division,F,104224.53,0,0,21
LIB,Department of Public Libraries,LIB 71 Little Falls Library,M,53512.55,0,0,13
DOT,Department of Transportation,DOT 50 Highway Services,M,57460.5,17166.17,0,15
DOT,Department of Transportation,DOT 50 Highway Services,M,57460.5,10416.26,0,15
DEP,Department of Environmental Protection,DEP 80 Stewardship Programs,M,80321.01,0,0,23
DOT,Department of Transportation,DOT 50 Highway Services,M,57460.5,14692.58,0,15
OHR,Office of Human Resources,OHR 33 Recruitment and Selection,F,121950.46,0,0,N25
HHS,Department of Health and Human Services,HHS 60 Aging & Disability Services Division,F,87746.98,0,0,21
REC,Department of Recreation,REC 72 Programs Division,F,171284.96,0,0,M2
DOT,Department of Transportation,DOT 50 Highway Services,M,57460.5,13581.33,0,15
ABS,Alcohol Beverage Services,ABS 85 Downtown Rockville,F,25838.12,879.08,0,12
POL,Department of Police,POL 47 PSB 3rd District Patrol,M,72511,26078.65,0,P2
LIB,Department of Public Libraries,LIB 71 Germantown Library,F,36512.78,0,0,21
HHS,Department of Health and Human Services,HHS 60 Public Health Services Division,F,103162,0,0,N23
HHS,Department of Health and Human Services,HHS 60 Behavioral Health and Crisis Services Division,F,94057.64,5996.01,0,23
TBS,Department of Technology and Enterprise Business Solutions,TBS 34 OBP Network Operations Center (NOC),M,92942.87,5020.5,0,23
COR,Correction and Rehabilitation,COR 42 DS MCCF Unit 3 Security,M,66530,14116.18,0,C4
FRS,Fire and Rescue Services,FRS 45 Recruit Training,M,60147,0,0,F1
CEC,Community Engagement Cluster,CEC 16 Regional Services Centers,F,112564.16,0,0,N25
POL,Department of Police,POL 47 PSB 5th District Patrol,M,86126,1843.85,0,P2
ABS,Alcohol Beverage Services,ABS 85 Hampden Lane,M,41340.99,661.12,0,12
FIN,Department of Finance,FIN 32 General Accounting,M,116465.47,0,0,23
HHS,Department of Health and Human Services,HHS 60 Child Welfare Services,F,106789.07,0,0,21
DOT,Department of Transportation,DOT 50 Highway Services,M,57460.5,16275.12,0,15
ABS,Alcohol Beverage Services,ABS 85 Clarksburg Village,M,41340.99,3271.57,0,12
DPS,Department of Permitting Services,DPS 75 Zoning and Site Plan Compliance,M,76878.67,0,0,19
DOT,Department of Transportation,DOT 50 Highway Services,F,57460.5,13791.64,0,15
HHS,Department of Health and Human Services,HHS 60 Office of Community Affairs Division,F,134543.75,0,0,M3
POL,Department of Police,POL 47 PSB 4th District Patrol,M,72511,17243.78,0,P2
POL,Department of Police,POL 47 PSB 4th District Patrol,M,86126,42036.78,0,P2
DOT,Department of Transportation,DOT 50 Highway Services,M,57460.5,17810.71,0,15
FRS,Fire and Rescue Services,FRS 45 Station 1,M,67491,9892.5,0,F2
FRS,Fire and Rescue Services,FRS 45 Station 24,M,67491,917.44,0,F2
FRS,Fire and Rescue Services,FRS 45 Station 28,M,67491,4250.27,0,F2
FRS,Fire and Rescue Services,FRS 45 Station 26,F,67491,4843.62,0,F2
FRS,Fire and Rescue Services,FRS 45 Station 23,M,67491,16146.16,0,F2
FRS,Fire and Rescue Services,FRS 45 Station 28,F,67491,108.45,0,F2
FRS,Fire and Rescue Services,FRS 45 Station 25,F,67491,284.68,0,F2
FRS,Fire and Rescue Services,FRS 45 Field Recruits,M,62254,108.45,0,F1
FRS,Fire and Rescue Services,FRS 45 Field Recruits,M,67491,2957.79,0,F2
FRS,Fire and Rescue Services,FRS 45 Station 12,M,67491,1573.41,0,F2
FRS,Fire and Rescue Services,FRS 45 Field Recruits,M,67491,4149.59,0,F2
FRS,Fire and Rescue Services,FRS 45 Station 18,M,67491,3623.55,0,F2
FRS,Fire and Rescue Services,FRS 45 Station 24,M,67491,5711.33,0,F2
FRS,Fire and Rescue Services,FRS 45 Field Recruits,M,67491,108.45,0,F2
FRS,Fire and Rescue Services,FRS 45 Station 2,M,67491,2134.67,0,F2
FRS,Fire and Rescue Services,FRS 45 Station 32,M,67491,4928.9,0,F2
FRS,Fire and Rescue Services,FRS 45 Station 10,M,67491,4432.61,0,F2
FRS,Fire and Rescue Services,FRS 45 Station 8,M,67491,1127.13,0,F2
FRS,Fire and Rescue Services,FRS 45 Field Recruits,M,67491,149.01,0,F2
FRS,Fire and Rescue Services,FRS 45 Field Recruits,F,67491,192.68,0,F2
FRS,Fire and Rescue Services,FRS 45 Field Recruits,M,67491,10884.29,0,F2
FRS,Fire and Rescue Services,FRS 45 Field Recruits,M,62102,216.91,0,F1
FRS,Fire and Rescue Services,FRS 45 Field Recruits,M,67491,1968.43,0,F2
FRS,Fire and Rescue Services,FRS 45 Station 24,F,67491,6016.56,0,F2
FRS,Fire and Rescue Services,FRS 45 Station 11,M,67491,554.61,0,F2
FRS,Fire and Rescue Services,FRS 45 Rescue 2,F,67491,706.37,0,F2
FRS,Fire and Rescue Services,FRS 45 Station 25,F,67491,4927.15,0,F2
FRS,Fire and Rescue Services,FRS 45 Field Recruits,M,60147,0,0,F1
FRS,Fire and Rescue Services,FRS 45 Station 11,M,67491,189.57,0,F2
FRS,Fire and Rescue Services,FRS 45 Station 21,M,67491,11919.81,0,F2
FRS,Fire and Rescue Services,FRS 45 Field Recruits,M,67491,5128.81,0,F2
FRS,Fire and Rescue Services,FRS 45 Field Recruits,M,67491,698.55,0,F2
FRS,Fire and Rescue Services,FRS 45 Station 6,M,67491,10108.01,0,F2
FRS,Fire and Rescue Services,FRS 45 Station 25,M,67491,7799.89,0,F2
HHS,Department of Health and Human Services,HHS 60 Aging & Disability Services Division,F,85744.97,0,0,21
HHS,Department of Health and Human Services,HHS 60 Child Welfare Services,F,88353.1,271.68,0,23
HHS,Department of Health and Human Services,HHS 60 Services to End and Prevent Homelessness Division,M,60830.07,0,0,13
DOT,Department of Transportation,DOT 50 Highway Services,M,67672,13012.15,0,12
COR,Correction and Rehabilitation,COR 42 DS MCCF Unit 1 Security,M,66530,24170.09,0,C4
DGS,Department of General Services,DGS 36 Facilities Maintenance,M,68038.22,11127.71,0,18
REC,Department of Recreation,REC 72 Facilities Division,M,74090.48,0,0,18
HHS,Department of Health and Human Services,HHS 60 Aging & Disability Services Division,F,122599.68,0,0,24
DPS,Department of Permitting Services,DPS 75 Residential Inspections,M,84337.06,114.12,0,19
HHS,Department of Health and Human Services,HHS 60 Office of Eligibility and Support Services,M,64162.66,1383.39,0,17
ABS,Alcohol Beverage Services,"ABS 85 Licensure, Regulation and Education",M,98680.09,0,0,22
HHS,Department of Health and Human Services,HHS 60 Child Welfare Services,F,88353.1,127.44,0,23
HHS,Department of Health and Human Services,HHS 60 Aging & Disability Services Division,F,117735.45,0,0,24
FRS,Fire and Rescue Services,FRS 45 Fleet Operations,M,80603.28,12372.94,0,20
DOT,Department of Transportation,DOT 50 Director Management Services,F,112629.88,0,0,N25
HHS,Department of Health and Human Services,HHS 60 Public Health Services Division,F,141092.19,0,0,M3
HHS,Department of Health and Human Services,HHS 60 Office of Eligibility and Support Services,F,65396.19,1826.19,0,17
FRS,Fire and Rescue Services,FRS 45 Fleet Operations,M,70040.56,12469.65,0,20
COR,Correction and Rehabilitation,COR 42 DS MCCF Unit 3 Security,M,66530,46816.38,0,C4
CCL,County Council,CCL 01 Council Members and Staff,F,63272.14,0,0,N18
LIB,Department of Public Libraries,LIB 71 Aspen Hill Library,F,103103.57,0,0,N25
HHS,Department of Health and Human Services,HHS 60 Office of Eligibility and Support Services,F,63109.36,4796.3,0,17
HHS,Department of Health and Human Services,HHS 60 Aging & Disability Services Division,F,104224.54,0,0,21
HHS,Department of Health and Human Services,HHS 60 Office of Eligibility and Support Services,M,65396.21,5929.81,0,17
HHS,Department of Health and Human Services,HHS 60 Office of Eligibility and Support Services,F,63109.36,3313.6,0,17
DGS,Department of General Services,DGS 36 Facilities Maintenance,M,98322,8316.45,0,18
CEC,Community Engagement Cluster,CEC 16 Wheaton Urban District,M,42881.76,4521.59,0,9
DOT,Department of Transportation,DOT 50 Highway Services,M,56843.77,14546.05,0,15
DOT,Department of Transportation,DOT 50 Transit Gaithersburg Ride On,F,67962.49,6015.55,0,T1
DOT,Department of Transportation,DOT 50 Transit Gaithersburg Ride On,M,67962.49,13915.39,0,T1
DOT,Department of Transportation,DOT 50 Transit Gaithersburg Ride On,M,67962.49,15606.07,0,T1
DOT,Department of Transportation,DOT 50 Transit Gaithersburg Ride On,M,67962.49,2338.17,0,T1
DOT,Department of Transportation,DOT 50 Transit Gaithersburg Ride On,M,67962.49,22700.72,0,T1
DOT,Department of Transportation,DOT 50 Transit Gaithersburg Ride On,M,67962.49,10985.66,0,T1
DOT,Department of Transportation,DOT 50 Transit Gaithersburg Ride On,F,67962.49,5472.11,0,T1
HHS,Department of Health and Human Services,HHS 60 Behavioral Health and Crisis Services Division,F,94057.64,12034.65,0,23
DOT,Department of Transportation,DOT 50 Traffic Engineering Studies Section,M,114570.5,0,0,22
HHS,Department of Health and Human Services,HHS 60 Office of Eligibility and Support Services,F,63109.36,131.93,0,17
HHS,Department of Health and Human Services,HHS 60 Office of Eligibility and Support Services,F,59199.25,0,0,17
DOT,Department of Transportation,DOT 50 Transportation Property Acquisition Section,M,112624.31,0,0,23
HHS,Department of Health and Human Services,HHS 60 Office of Eligibility and Support Services,F,71138.28,0,0,17
DOT,Department of Transportation,DOT 50 Sign and Marking Shop,M,84649.71,13368.38,0,N21
ABS,Alcohol Beverage Services,ABS 85 Muddy Branch,M,25838.08,235.39,0,12
DOT,Department of Transportation,DOT 50 Highway Services,M,57460.16,15832.98,0,15
HHS,Department of Health and Human Services,HHS 60 Behavioral Health and Crisis Services Division,F,37512.24,0,0,20
DOT,Department of Transportation,DOT 50 Transit Gaithersburg Ride On,M,90503.81,665.36,0,19
LIB,Department of Public Libraries,LIB 71 Public Service Administration,F,124167.74,0,0,N25
POL,Department of Police,POL 47 FSB Security Services Division,M,91906.84,53835.06,0,21
HHS,Department of Health and Human Services,HHS 60 Office of Eligibility and Support Services,F,80603.27,136.32,0,16
OHR,Office of Human Resources,"OHR 33 Policy, Practice and Strategic Communications",M,112631,0,0,N25
POL,Department of Police,POL 47 MSB Communications Division,M,61068.77,4115.69,0,17
REC,Department of Recreation,REC 72 Facilities Division,F,88926.83,307.12,0,21
DOT,Department of Transportation,DOT 50 Transportation Planning and Design Section,M,104417.3,0,0,20
POL,Department of Police,POL 47 MSB Training and Education Division,F,83551.67,30.13,0,16
POL,Department of Police,POL 47 MSB Communications Division,F,82575.96,14686.07,0,19
POL,Department of Police,POL 47 MSB Communications Division,F,61068.77,6982.31,0,17
POL,Department of Police,POL 47 MSB Communications Division,F,55517,0,0,15
OAG,Office of Agriculture,OAG 78 Soil Conservation,F,5947.05,0,0,
OAG,Office of Agriculture,OAG 78 Soil Conservation,F,5947.05,0,0,
OAG,Office of Agriculture,OAG 78 Soil Conservation,F,5947.05,0,0,
COR,Correction and Rehabilitation,COR 42 MBHS Medical and Behavioral Health Services,F,103032.85,40602.7,0,24
FRS,Fire and Rescue Services,FRS 45 Fire Chief,M,255000,0,0,EX1
DGS,Department of General Services,DGS 36 Fleet Management Fleet Services,M,61105.01,300.64,0,16
SHF,Sheriff's Office,SHF 48 Sheriff Domestic Violence,F,59611.86,13690.1,0,16
OHR,Office of Human Resources,OHR 33 Recruitment and Selection,F,121950.46,0,0,N25
DEP,Department of Environmental Protection,DEP 80 Climate Programs,F,129864.14,0,0,25
POL,Department of Police,POL 47 PSB 3rd District Patrol,M,72511,14895.32,0,P2
HHS,Department of Health and Human Services,HHS 60 Behavioral Health and Crisis Services Division,F,98760.53,0,0,24
DPS,Department of Permitting Services,DPS 75 Central Services Unit,F,76310.53,0,0,16
LIB,Department of Public Libraries,LIB 71 Davis Library,F,29029.45,0,0,13
COR,Correction and Rehabilitation,COR 42 DS MCCF Unit 3 Security,M,66530,22534.15,0,C4
POL,Department of Police,POL 47 PSB 3rd District Patrol,M,72511,8038.25,0,P2
DOT,Department of Transportation,DOT 50 Transportation Construction Section,M,145151.24,0,0,27
DGS,Department of General Services,DGS 36 Building Design and Construction,M,134086,0,0,25
DEP,Department of Environmental Protection,DEP 80 Stewardship Programs,F,111875.69,0,0,23
POL,Department of Police,POL 47 MSB Training and Education Division,F,66815,0,0,P1
DPS,Department of Permitting Services,DPS 75 Land Development Sediment Stormwater Plan Review,M,95237.76,0,0,24
REC,Department of Recreation,REC 72 Administration Division,M,83189.62,422.08,0,21
ABS,Alcohol Beverage Services,ABS 85 Liquor and Wine Delivery Operations,M,71297.42,7512.75,0,15
OHR,Office of Human Resources,"OHR 33 Policy, Practice and Strategic Communications",M,116121.21,0,0,N28
NDA,Non-Departmental Account,NDA 99 MCIB,F,83136.15,0,0,N18
HHS,Department of Health and Human Services,HHS 60 Child Welfare Services,F,97169.53,1296.43,0,23
COR,Correction and Rehabilitation,COR 42 DS MCCF Unit 2 Security,M,59966,25082.76,0,C3
ABS,Alcohol Beverage Services,"ABS 85 Licensure, Regulation and Education",M,98680.09,0,0,22
POL,Department of Police,POL 47 PSB 2nd District Patrol,M,72511,14625.18,0,P2
POL,Department of Police,POL 47 PSB 2nd District Patrol,F,72511,1420,0,P2
POL,Department of Police,POL 47 PSB 2nd District Patrol,M,72511,14885.64,0,P2
POL,Department of Police,POL 47 MSB Information Management and Technology Division Data Systems Section,M,85376.5,1077.5,0,19
NDA,Non-Departmental Account,NDA 99 MCIB,M,162280.14,0,0,M2
DOT,Department of Transportation,DOT 50 Transit Gaithersburg Ride On,M,67962,26692.57,0,T1
DOT,Department of Transportation,DOT 50 Transit Gaithersburg Ride On,F,67962,6164.41,0,T1
DOT,Department of Transportation,DOT 50 Transit Gaithersburg Ride On,M,67962,12294.84,0,T1
DOT,Department of Transportation,DOT 50 Transit Silver Spring Ride On,M,67962,5805.85,0,T1
DOT,Department of Transportation,DOT 50 Transit Gaithersburg Ride On,F,72531,7142.86,0,T1
DOT,Department of Transportation,DOT 50 Transit Nicholson Ride On,M,63211.01,867.6,0,T1
DOT,Department of Transportation,DOT 50 Highway Services,M,57460.16,13710.61,0,15
DOT,Department of Transportation,DOT 50 Highway Services,M,57460.16,0,0,15
CEC,Community Engagement Cluster,CEC 16 Community Engagement Cluster,M,64056.28,0,0,N28
DOT,Department of Transportation,DOT 50 Transportation Planning and Design Section,M,174641.65,0,0,M3
HHS,Department of Health and Human Services,HHS 60 Services to End and Prevent Homelessness Division,F,108060.16,5908.32,0,N25
DOT,Department of Transportation,DOT 50 Highway Services,M,57460.16,14336.6,0,15
HHS,Department of Health and Human Services,HHS 60 Behavioral Health and Crisis Services Division,F,99362.94,35148.75,0,24
DOT,Department of Transportation,DOT 50 Highway Services,M,57460.16,14922.95,0,15
CCL,County Council,CCL 01 Council Members and Staff,F,65876.93,0,0,N16
DPS,Department of Permitting Services,DPS 75 Land Development Sediment and Stormwater Inspection,M,81490.73,2929.42,0,21
COR,Correction and Rehabilitation,COR 42 DS Food Services,M,88489.65,19769.51,0,18
DOT,Department of Transportation,DOT 50 Highway Services,M,57460.16,11007.95,0,15
DOT,Department of Transportation,DOT 50 Highway Services,M,57460.16,3479.01,0,15
REC,Department of Recreation,REC 72 Youth Development Youth Services,M,83600,0,0,21
HHS,Department of Health and Human Services,HHS 60 Child Welfare Services,F,92866.14,0,0,23
HHS,Department of Health and Human Services,HHS 60 Behavioral Health and Crisis Services Division,F,76867.54,0,0,18
ABS,Alcohol Beverage Services,ABS 85 Downtown Rockville,F,25838.08,304.22,0,12
HHS,Department of Health and Human Services,HHS 60 Public Health Services Division,F,71935.83,0,0,18
HHS,Department of Health and Human Services,HHS 60 School Health Services,F,100962.1,54.61,0,24
HHS,Department of Health and Human Services,HHS 60 School Health Services,F,52160.38,0,0,16
HHS,Department of Health and Human Services,HHS 60 School Health Services,F,52160.38,0,0,16
HHS,Department of Health and Human Services,HHS 60 School Health Services,F,52160.38,0,0,16
HHS,Department of Health and Human Services,HHS 60 School Health Services,F,50396.52,41.54,0,16
HHS,Department of Health and Human Services,HHS 60 School Health Services,F,52160.38,0,0,16
HHS,Department of Health and Human Services,HHS 60 Public Health Services Division,F,55547.37,0,0,13
LIB,Department of Public Libraries,LIB 71 Connie Morella Library,F,88007.76,0,0,24
COR,Correction and Rehabilitation,COR 42 MBHS Medical and Behavioral Health Services,F,100776.68,30807.2,0,24
DOT,Department of Transportation,DOT 50 Traffic Engineering Studies Section,M,116086.7,0,0,25
HHS,Department of Health and Human Services,HHS 60 Public Health Services Division,M,116645.93,0,0,N25
TBS,Department of Technology and Enterprise Business Solutions,TBS 34 OPS Radio Communications Services,M,83136.15,1367.57,0,18
DOT,Department of Transportation,DOT 50 Highway Services,M,56843.77,17226.65,0,15
OAS,Office of Animal Services,OAS 38 Animal Services Division,F,59184.31,202.86,0,15
POL,Department of Police,POL 47 MSB Training and Education Division,F,30157.91,0,0,10
POL,Department of Police,POL 47 FSB Traffic Division School Safety Section,F,24138.27,0,0,10
COR,Correction and Rehabilitation,COR 42 DS MCCF Unit 3 Security,F,66530,40068.5,0,C4
POL,Department of Police,POL 47 MSB Training and Education Division,M,30157.91,0,0,10
POL,Department of Police,POL 47 MSB Training and Education Division,M,166834.25,0,0,M3
POL,Department of Police,POL 47 MSB Training and Education Division,F,30157.91,0,0,10
POL,Department of Police,POL 47 MSB Training and Education Division,F,28289.4,0,0,10
POL,Department of Police,POL 47 MSB Training and Education Division,F,29138.08,0,0,10
DOT,Department of Transportation,DOT 50 Highway Services,M,57460.16,18468.86,0,15
POL,Department of Police,POL 47 MSB Training and Education Division,F,30157.91,0,0,10
POL,Department of Police,POL 47 MSB Training and Education Division,M,30157.91,0,0,10
COR,Correction and Rehabilitation,COR 42 DS MCCF Unit 3 Security,F,61765,15381.71,0,C3
DOT,Department of Transportation,DOT 50 Traffic Engineering Studies Section,M,105482.3,0,0,22
POL,Department of Police,POL 47 MSB Training and Education Division,M,30157.91,0,0,10
LIB,Department of Public Libraries,LIB 71 Public Service Administration,M,102490.05,0,0,N23
ABS,Alcohol Beverage Services,ABS 85 Fallsgrove,M,25838.08,29.03,0,12
HHS,Department of Health and Human Services,HHS 60 School Health Services,F,96447.38,0,0,24
HHS,Department of Health and Human Services,HHS 60 Chief Operating Officer Division,M,135910.71,0,0,26
COR,Correction and Rehabilitation,COR 42 DS MCCF Unit 3 Security,M,66530,17565.91,0,C4
HCA,Department of Housing and Community Affairs,HCA 76 Housing Code Enforcement,M,86893.74,0,0,21
OHR,Office of Human Resources,OHR 33 Professional Learning and Org Development,F,145307.25,0,0,M3
HHS,Department of Health and Human Services,HHS 60 Children Youth and Family Services Division,F,76867.54,0,0,18
POL,Department of Police,POL 47 MSB Training and Education Division,F,30157.91,0,0,10
ABS,Alcohol Beverage Services,ABS 85 Beer Warehouse Operations,M,51676.15,696.12,0,12
ABS,Alcohol Beverage Services,ABS 85 Walnut Hill,M,25838.08,62.08,0,12
LIB,Department of Public Libraries,LIB 71 Collection Management,M,90559.98,0,0,N20
HHS,Department of Health and Human Services,HHS 60 Child Welfare Services,F,88353.11,0,0,23
DGS,Department of General Services,DGS 36 Facilities Maintenance,M,72898,2813.72,0,11
ABS,Alcohol Beverage Services,ABS 85 Westwood,M,70183.4,628.26,0,14
PRO,Office of Procurement,PRO 35 Procurement Division,M,144822.89,0,0,N28
ABS,Alcohol Beverage Services,ABS 85 Kensington,M,70183.4,203.59,0,14
HHS,Department of Health and Human Services,HHS 60 Children Youth and Family Services Division,F,126893.82,0,0,N25
POL,Department of Police,POL 47 MSB Training and Education Division,F,108060.16,0,0,21
DGS,Department of General Services,DGS 36 Fleet Management Fleet Services,M,66194.14,325.67,0,16
HHS,Department of Health and Human Services,HHS 60 Public Health Services Division,F,97159.45,0,0,24
POL,Department of Police,POL 47 FSB Security Services Division,M,71266.53,7092.42,0,15
FRS,Fire and Rescue Services,FRS 45 Technology Services,F,90559.98,253.02,0,20
ABS,Alcohol Beverage Services,"ABS 85 Licensure, Regulation and Education",F,98680.09,0,0,22
DGS,Department of General Services,DGS 36 Facilities Maintenance,M,83551.67,9364.5,0,15
ABS,Alcohol Beverage Services,ABS 85 Kensington,M,41340.93,71.07,0,12
DGS,Department of General Services,DGS 36 Fleet Management Fleet Services,M,89506.24,440.37,0,19
DOT,Department of Transportation,DOT 50 Transportation Planning and Design Section,M,151462.47,0,0,28
HHS,Department of Health and Human Services,HHS 60 Services to End and Prevent Homelessness Division,M,88480.02,89.79,0,20
ABS,Alcohol Beverage Services,ABS 85 Westwood,M,25838.08,113.1,0,12
ABS,Alcohol Beverage Services,ABS 85 Aspen Hill,M,41340.93,375.21,0,12
DOT,Department of Transportation,DOT 50 Transit Gaithersburg Ride On,F,72531,8811.87,0,T1
DOT,Department of Transportation,DOT 50 Transit Silver Spring Ride On,F,67962,18809.95,0,T1
DOT,Department of Transportation,DOT 50 Transit Gaithersburg Ride On,F,67962,11739.46,0,T1
DOT,Department of Transportation,DOT 50 Transit Silver Spring Ride On,M,67962,12588.7,0,T1
DOT,Department of Transportation,DOT 50 Transit Silver Spring Ride On,F,67962,3784.59,0,T1
DOT,Department of Transportation,DOT 50 Transit Silver Spring Ride On,F,63211,2185.04,0,T1
DOT,Department of Transportation,DOT 50 Transit Silver Spring Ride On,M,72531,14303.13,0,T1
DOT,Department of Transportation,DOT 50 Transit Silver Spring Ride On,M,67962,3623.5,0,T1
COR,Correction and Rehabilitation,COR 42 DS MCDC Custody and Security,M,66530,37614.14,0,C4
HHS,Department of Health and Human Services,HHS 60 Aging & Disability Services Division,F,98953.51,0,0,21
COR,Correction and Rehabilitation,COR 42 DS MCCF Unit 1 Security,M,66530,11617.11,0,C4
ABS,Alcohol Beverage Services,ABS 85 Beer Warehouse Operations,M,63591.39,510.02,0,13
DGS,Department of General Services,DGS 36 Building Design and Construction,M,134086,0,0,25
DGS,Department of General Services,DGS 36 Automation,M,103604.07,0,0,23
HHS,Department of Health and Human Services,HHS 60 Children Youth and Family Services Division,F,106153.65,0,0,21
DPS,Department of Permitting Services,DPS 75 Residential Inspections,M,84337.06,0,0,19
SHF,Sheriff's Office,SHF 48 Sheriff Domestic Violence,M,68040,3689.63,0,G2
OGM,Office of Grants Management,OGM 27 Office of Grants Management,F,112516.25,0,0,N25
HHS,Department of Health and Human Services,HHS 60 Child Welfare Services,F,75419.31,0,0,13
HHS,Department of Health and Human Services,HHS 60 Children Youth and Family Services Division,F,105489.39,0,0,21
SHF,Sheriff's Office,SHF 48 Evictions,M,68040,496.81,0,G2
DOT,Department of Transportation,DOT 50 Commuter Services,F,91349.82,0,0,21
COR,Correction and Rehabilitation,COR 42 DS MCDC Custody and Security,M,66530,32992.09,0,C4
SHF,Sheriff's Office,SHF 48 Sheriff Domestic Violence,M,68040,4408.38,0,G2
COR,Correction and Rehabilitation,COR 42 DS MCCF Unit 2 Security,M,63688,57291.2,0,C3
HHS,Department of Health and Human Services,HHS 60 School Health Services,F,98363.17,0,0,24
HHS,Department of Health and Human Services,HHS 60 School Health Services,M,96447.38,0,0,24
DGS,Department of General Services,DGS 36 Building Design and Construction,M,134086,0,0,25
POL,Department of Police,POL 47 FSB Traffic Division Vehicle Recovery Section,F,53512.61,945.52,0,13
FRS,Fire and Rescue Services,FRS 45 Training,M,122542.45,9967.45,0,25
LIB,Department of Public Libraries,LIB 71 Rockville Library,F,96362.93,0,0,24
HHS,Department of Health and Human Services,HHS 60 Child Welfare Services,M,88353.11,1004.01,0,23
HHS,Department of Health and Human Services,HHS 60 Public Health Services Division,F,132011.64,0,0,26
HHS,Department of Health and Human Services,HHS 60 Aging & Disability Services Division,F,114167.87,0,0,24
ABS,Alcohol Beverage Services,ABS 85 Cloverly,M,25838.08,210.99,0,12
REC,Department of Recreation,REC 72 Countywide Programs,M,72968.46,0,0,18
OLR,Office of Labor Relations,OLR 26 Labor Relations Division,M,133682.67,0,0,N26
HHS,Department of Health and Human Services,HHS 60 Behavioral Health and Crisis Services Division,F,50799.41,491.29,0,16
POL,Department of Police,POL 47 MSB Training and Education Division,M,66815,819.15,0,P1
CEX,Offices of the County Executive,CEX 15 Internal Audit,F,181150,0,0,M2
POL,Department of Police,POL 47 PSB 3rd District Patrol,M,80393,22925.25,0,P2
POL,Department of Police,POL 47 MSB Training and Education Division,M,66815,1011.9,0,P1
COR,Correction and Rehabilitation,COR 42 DS MCDC Central Processing Unit,M,61765,9740.46,0,C3
POL,Department of Police,POL 47 MSB Training and Education Division,M,66815,9740.46,0,P1
ABS,Alcohol Beverage Services,ABS 85 Beer Delivery Operations,M,78617.67,4981.59,0,15
POL,Department of Police,POL 47 MSB Information Management and Technology Division,M,89344.58,2428.37,0,19
POL,Department of Police,POL 47 PSB 2nd District Patrol,M,70056,1301.04,0,P2
POL,Department of Police,POL 47 MSB Public Information Office,M,94691.89,8618.83,0,21
POL,Department of Police,POL 47 PSB 3rd District Patrol,M,72511,19512.77,0,P2
POL,Department of Police,POL 47 PSB 3rd District Patrol,M,72511,18474.15,0,P2
POL,Department of Police,POL 47 MSB Training and Education Division,M,66815,530.04,0,P1
POL,Department of Police,POL 47 PSB 2nd District Patrol,M,72511,12779.85,0,P2
POL,Department of Police,POL 47 PSB 4th District Patrol,M,86126,2555.03,0,P2
POL,Department of Police,POL 47 FSB Traffic Division School Safety Section,F,24138.27,0,0,10
POL,Department of Police,POL 47 MSB Training and Education Division,M,66815,963.71,0,P1
POL,Department of Police,POL 47 PSB 4th District Patrol,M,72511,3245.83,0,P2
POL,Department of Police,POL 47 PSB 4th District Patrol,M,72511,11052.36,0,P2
POL,Department of Police,POL 47 FSB Security Services Division,M,70684.71,9476.9,0,15
POL,Department of Police,POL 47 PSB 3rd District Patrol,M,72511,19502.71,0,P2
POL,Department of Police,POL 47 FSB Traffic Division School Safety Section,M,24138.27,0,0,10
POL,Department of Police,POL 47 PSB 4th District Patrol,M,72511,13980.38,0,P2
POL,Department of Police,POL 47 PSB 2nd District Patrol,M,72511,8824.06,0,P2
HHS,Department of Health and Human Services,HHS 60 Services to End and Prevent Homelessness Division,F,94691.89,0,0,20
LIB,Department of Public Libraries,LIB 71 Quince Orchard Library,F,26155.31,0,0,13
DOT,Department of Transportation,DOT 50 Transit Gaithersburg Ride On,M,67962,19645.59,0,T1
DOT,Department of Transportation,DOT 50 Transit Gaithersburg Ride On,F,72531,6892.85,0,T1
DOT,Department of Transportation,DOT 50 Transit Silver Spring Ride On,M,72531,3993.54,0,T1
DOT,Department of Transportation,DOT 50 Transit Silver Spring Ride On,M,72531,12298.36,0,T1
DOT,Department of Transportation,DOT 50 Transit Gaithersburg Ride On,M,67962,11925.7,0,T1
HHS,Department of Health and Human Services,HHS 60 School Health Services,F,88341.84,0,0,24
HHS,Department of Health and Human Services,HHS 60 School Health Services,F,96447.38,0,0,24
DOT,Department of Transportation,DOT 50 Transit Silver Spring Ride On,M,67962,7996.04,0,T1
HHS,Department of Health and Human Services,HHS 60 Office of Eligibility and Support Services,F,60975.23,0,0,17
OAS,Office of Animal Services,OAS 38 Animal Services Division,M,74453.56,1843.51,0,18
LIB,Department of Public Libraries,LIB 71 Little Falls Library,F,99705,0,0,24
LIB,Department of Public Libraries,LIB 71 Gaithersburg Library,F,35304.28,0,0,21
DOT,Department of Transportation,DOT 50 Highway Services,F,57460.16,22235.65,0,15
NDA,Non-Departmental Account,NDA 99 MCIB,F,96770.14,558.3,0,N23
SHF,Sheriff's Office,SHF 48 Sheriff Domestic Violence,F,72491.66,12.26,0,20
OCP,Office of Consumer Protection,OCP 39 Director,F,87681.58,0,0,N18
DOT,Department of Transportation,DOT 50 Highway Services,M,57460.1,13945.93,0,15
DHS,Office of Emergency Management and Homeland Security,DHS 49 Operations and Training,M,166834.25,0,0,M3
HHS,Department of Health and Human Services,HHS 60 Children Youth and Family Services Division,F,212000,0,0,EX3
HHS,Department of Health and Human Services,HHS 60 Public Health Services Division,F,94691.89,0,0,23
COR,Correction and Rehabilitation,COR 42 DS MCCF Unit 2 Security,M,59966,17908.58,0,C3
HHS,Department of Health and Human Services,HHS 60 Child Welfare Services,F,115858.31,0,0,N26
FRS,Fire and Rescue Services,FRS 45 Fire Chief's Executive Office,M,109174.18,0,0,N25
ABS,Alcohol Beverage Services,"ABS 85 Licensure, Regulation and Education",M,98680.09,0,0,22
ABS,Alcohol Beverage Services,ABS 85 Special Order Liquor and Wine Warehouse Operations,M,66359.19,6934.81,0,13
DOT,Department of Transportation,DOT 50 Highway Services,M,57460.16,16355.3,0,15
CEX,Offices of the County Executive,CEX 15 Business Advancement Team,F,133682.67,0,0,N25
HHS,Department of Health and Human Services,HHS 60 Aging & Disability Services Division,F,99723.5,0,0,24
HHS,Department of Health and Human Services,HHS 60 Services to End and Prevent Homelessness Division,F,121120.72,0,0,N25
POL,Department of Police,POL 47 MSB Communications Division,M,61068.77,7197.47,0,17
HHS,Department of Health and Human Services,HHS 60 Public Health Services Division,M,77981.56,422.04,0,20
POL,Department of Police,POL 47 FSB Traffic Division School Safety Section,F,24138.27,0,0,10
DGS,Department of General Services,DGS 36 Property Management,F,108178.8,1391.28,0,N24
HHS,Department of Health and Human Services,HHS 60 Services to End and Prevent Homelessness Division,F,83551.67,0,0,20
POL,Department of Police,POL 47 MSB Communications Division,F,61068.77,5752.57,0,17
CCL,County Council,CCL 01 Council Members and Staff,F,71060,0,0,N18
POL,Department of Police,POL 47 MSB Communications Division,F,74478.8,6315.61,0,19
HHS,Department of Health and Human Services,HHS 60 Services to End and Prevent Homelessness Division,F,77470.92,0,0,20
DGS,Department of General Services,DGS 36 Fleet Management Fleet Services,M,70909.19,348.88,0,16
COR,Correction and Rehabilitation,COR 42 DS MCCF Unit 2 Security,M,66530,18544.5,0,C4
POL,Department of Police,POL 47 MSB Communications Division,F,67175.65,6364.69,0,19
POL,Department of Police,POL 47 MSB Communications Division,F,61068.77,11830.87,0,17
ABS,Alcohol Beverage Services,ABS 85 Kensington,M,25838.08,127.68,0,12
HHS,Department of Health and Human Services,HHS 60 Public Health Services Division,F,117735.44,0,0,N26
ABS,Alcohol Beverage Services,ABS 85 Walnut Hill,F,25838.08,646.43,0,12
DOT,Department of Transportation,DOT 50 Highway Services,M,53900.06,9562.38,0,15
HHS,Department of Health and Human Services,HHS 60 Chief Operating Officer Division,M,129115.18,0,0,26
COR,Correction and Rehabilitation,COR 42 DS MCCF Unit 1 Security,F,63688,34960.45,0,C3
DEP,Department of Environmental Protection,DEP 80 Monitoring and Planning,F,103269.87,0,0,23
DGS,Department of General Services,DGS 36 Building Design and Construction,M,134086,0,0,25
COR,Correction and Rehabilitation,COR 42 DS MCCF Unit 2 Security,F,59966,1362.45,0,C3
OMB,Office of Management and Budget,OMB 31 Office of Management and Budget,M,91349.82,0,0,N21
DEP,Department of Environmental Protection,DEP 80 Design and Construction,M,122603,0,0,23
DGS,Department of General Services,DGS 36 Building Design and Construction,M,122603,686.73,0,23
LIB,Department of Public Libraries,LIB 71 Long Branch Library,M,23171.66,0,0,8
DOT,Department of Transportation,DOT 50 Transportation Property Acquisition Section,F,112631,0,0,25
DOT,Department of Transportation,DOT 50 Traffic Engineering Design and Operations,M,110288.2,69.86,0,25
HCA,Department of Housing and Community Affairs,HCA 76 Licensing,M,68501,0,0,21
HHS,Department of Health and Human Services,HHS 60 Children Youth and Family Services Division,F,86893.74,0,0,16
LIB,Department of Public Libraries,LIB 71 White Oak Library,F,28407.57,0,0,13
DOT,Department of Transportation,DOT 50 Transportation Property Acquisition Section,F,112631,0,0,25
HHS,Department of Health and Human Services,HHS 60 Office of Eligibility and Support Services,F,55547.37,0,0,13
LIB,Department of Public Libraries,LIB 71 Damascus Library,F,39102.19,0,0,21
POL,Department of Police,POL 47 MSB Information Management and Technology Division,M,102711,0,0,19
HHS,Department of Health and Human Services,HHS 60 Behavioral Health and Crisis Services Division,M,99147.98,0,0,20
DOT,Department of Transportation,DOT 50 Parking Management Engineering and Capital Project Management,M,73416.3,1465.16,0,15
ABS,Alcohol Beverage Services,ABS 85 Hampden Lane,M,41340.93,2045.05,0,12
NDA,Non-Departmental Account,NDA 99 MCIB,F,91960,0,0,N25
HHS,Department of Health and Human Services,HHS 60 Public Health Services Division,F,54587.09,0,0,13
ECM,Ethics Commission,ECM 19 Administrative Support,F,108818.99,0,0,N25
HHS,Department of Health and Human Services,HHS 60 Office of Eligibility and Support Services,F,57061.18,0,0,13
HHS,Department of Health and Human Services,HHS 60 Services to End and Prevent Homelessness Division,F,86893.74,0,0,23
HHS,Department of Health and Human Services,HHS 60 Office of Eligibility and Support Services,F,96140,0,0,N21
OIG,Office of the Inspector General,OIG 06 Office of the Inspector General,F,111402.23,0,0,N26
HHS,Department of Health and Human Services,HHS 60 Children Youth and Family Services Division,M,75753.51,0,0,18
HHS,Department of Health and Human Services,HHS 60 Public Health Services Division,F,96447.38,0,0,24
HHS,Department of Health and Human Services,HHS 60 Aging & Disability Services Division,F,112516.25,0,0,N25
FIN,Department of Finance,FIN 32 Insurance,F,128112.56,0,0,24
ABS,Alcohol Beverage Services,ABS 85 Fallsgrove,F,25838.08,62.88,0,12
HHS,Department of Health and Human Services,HHS 60 Aging & Disability Services Division,F,90235.8,0,0,21
DEP,Department of Environmental Protection,DEP 80 Design and Construction,M,134086,0,0,25
DOT,Department of Transportation,DOT 50 Transit COS Marketing,M,81100.82,0,0,18
OAS,Office of Animal Services,OAS 38 Animal Services Division,F,64404.3,108.93,0,14
POL,Department of Police,POL 47 MSB Information Management and Technology Division,M,105832.11,0,0,23
OHR,Office of Human Resources,OHR 33 Classification and Compensation Team,F,108711.35,0,0,N27
OLR,Office of Labor Relations,OLR 26 Labor Relations Division,F,83136.15,0,0,N18
COR,Correction and Rehabilitation,COR 42 DS MCCF Unit 1 Security,M,66530,51355.17,0,C4
DPS,Department of Permitting Services,DPS 75 Customer Support,M,118398.5,0,0,M3
LIB,Department of Public Libraries,LIB 71 Gaithersburg Library,F,42889.86,0,0,21
HHS,Department of Health and Human Services,HHS 60 Aging & Disability Services Division,F,104224.53,0,0,21
ABS,Alcohol Beverage Services,ABS 85 Seneca Meadows,F,25838.08,1999.22,0,12
OIG,Office of the Inspector General,OIG 06 Office of the Inspector General,F,103455,0,0,N26
COR,Correction and Rehabilitation,COR 42 DS MCCF Unit 3 Security,M,61765,24153.14,0,C3
DOT,Department of Transportation,DOT 50 Transit Gaithersburg Ride On,M,72531,7508.25,0,T1
DOT,Department of Transportation,DOT 50 Transit Gaithersburg Ride On,M,67962,9270.15,0,T1
DOT,Department of Transportation,DOT 50 Transit Gaithersburg Ride On,M,67962,14014.39,0,T1
DOT,Department of Transportation,DOT 50 Transit Gaithersburg Ride On,M,67962,9424.54,0,T1
ABS,Alcohol Beverage Services,ABS 85 Kensington,M,41344.5,2709.98,0,12
DOT,Department of Transportation,DOT 50 Transit Gaithersburg Ride On,M,63211,4021.81,0,T1
HHS,Department of Health and Human Services,HHS 60 Services to End and Prevent Homelessness Division,F,76291.6,46.98,0,18
HHS,Department of Health and Human Services,HHS 60 Services to End and Prevent Homelessness Division,M,90060.33,0,0,18
HHS,Department of Health and Human Services,HHS 60 Office of Eligibility and Support Services,F,63499.27,797.9,0,17
LIB,Department of Public Libraries,LIB 71 Director's Office,F,244000,0,0,EX1
LIB,Department of Public Libraries,LIB 71 Olney Library,F,86660.27,0,0,N20
HHS,Department of Health and Human Services,HHS 60 Office of Eligibility and Support Services,M,103604.07,2378.65,0,N24
HHS,Department of Health and Human Services,HHS 60 Director's Office Division,F,100797.85,0,0,20
HHS,Department of Health and Human Services,HHS 60 Public Health Services Division,F,94558.64,0,0,21
OAS,Office of Animal Services,OAS 38 Animal Services Division,M,73416.3,561.38,0,15
ABS,Alcohol Beverage Services,ABS 85 Gaithersburg Square,M,25837.85,848.95,0,12
HHS,Department of Health and Human Services,HHS 60 Public Health Services Division,F,69849.2,0,0,18
LIB,Department of Public Libraries,LIB 71 Kensington Park Library,M,41042.93,0,0,21
CEX,Offices of the County Executive,CEX 15 Internal Audit,F,190000,0,0,M2
PRO,Office of Procurement,PRO 35 Procurement Division,M,123030.39,0,0,25
HHS,Department of Health and Human Services,HHS 60 Aging & Disability Services Division,F,89441.6,0,0,21
HHS,Department of Health and Human Services,HHS 60 Child Welfare Services,M,88867.12,0,0,23
REC,Department of Recreation,REC 72 Youth Development Youth Services,M,86336.73,0,0,21
POL,Department of Police,POL 47 FSB Traffic Division School Safety Section,M,24138.27,0,0,10
DOT,Department of Transportation,DOT 50 Transit Gaithersburg Ride On,M,67962,12161.55,0,T1
HCA,Department of Housing and Community Affairs,HCA 76 Housing Code Enforcement,F,61800,0,0,16
HHS,Department of Health and Human Services,HHS 60 Behavioral Health and Crisis Services Division,F,96690.74,1601.22,0,24
HHS,Department of Health and Human Services,HHS 60 School Health Services,F,52160.38,0,0,16
HHS,Department of Health and Human Services,HHS 60 Office of Eligibility and Support Services,M,61556.59,542.12,0,17
HHS,Department of Health and Human Services,HHS 60 Public Health Services Division,F,89121.78,0,0,21
COR,Correction and Rehabilitation,COR 42 DS MCDC Central Processing Unit,M,66530,32041.51,0,C4
COR,Correction and Rehabilitation,COR 42 DS MCCF Unit 3 Security,M,66530,23238.96,0,C4
COR,Correction and Rehabilitation,COR 42 DS MCCF Unit 2 Security,F,61765,12301.2,0,C3
COR,Correction and Rehabilitation,COR 42 DS MCDC Custody and Security,F,61765,14447.84,0,C3
CCL,County Council,CCL 01 Council Members and Staff,F,85284,0,0,N22
LIB,Department of Public Libraries,LIB 71 Potomac Library,F,41042.93,0,0,21
OAS,Office of Animal Services,OAS 38 Animal Services Division,F,73416.3,2194.13,0,15
OAS,Office of Animal Services,OAS 38 Animal Services Division,F,59565,21.48,0,14
LIB,Department of Public Libraries,LIB 71 Brigadier General Charles E. McGee Library,F,26756.3,0,0,13
HHS,Department of Health and Human Services,HHS 60 Children Youth and Family Services Division,F,67487.15,0,0,18
ABS,Alcohol Beverage Services,ABS 85 Goshen Crossing,F,25837.85,346.45,0,12
DOT,Department of Transportation,DOT 50 Highway Services,M,57460.1,11870.62,0,15
DEP,Department of Environmental Protection,DEP 80 Design and Construction,M,113016.75,0,0,25
DOT,Department of Transportation,DOT 50 Highway Services,M,57460.1,19839.03,0,15
DGS,Department of General Services,DGS 36 Building Design and Construction,M,122603,0,0,23
HHS,Department of Health and Human Services,HHS 60 School Health Services,F,83157.28,0,0,24
POL,Department of Police,POL 47 MSB Information Management and Technology Division,M,143916.75,0,0,N28
HHS,Department of Health and Human Services,HHS 60 Children Youth and Family Services Division,F,69316.94,0,0,18
HHS,Department of Health and Human Services,HHS 60 Office of Eligibility and Support Services,F,61992.91,500.49,0,17
HHS,Department of Health and Human Services,HHS 60 Behavioral Health and Crisis Services Division,M,96919.94,24599.02,0,23
HHS,Department of Health and Human Services,HHS 60 Children Youth and Family Services Division,F,89548.2,62.4,0,18
HHS,Department of Health and Human Services,HHS 60 Children Youth and Family Services Division,F,76222.58,0,0,18
HCA,Department of Housing and Community Affairs,HCA 76 Housing Code Enforcement,M,93812.4,1014.84,0,21
POL,Department of Police,POL 47 HQ Office of the Chief,M,72511,2229.38,0,P2
HHS,Department of Health and Human Services,HHS 60 Public Health Services Division,F,89250.77,0,0,21
FIN,Department of Finance,FIN 32 Treasury Operations,M,68227.2,613.19,0,16
OGM,Office of Grants Management,OGM 27 Office of Grants Management,F,93730,0,0,N23
REC,Department of Recreation,REC 72 Facilities Division,F,64602.63,0,0,18
OHR,Office of Human Resources,OHR 33 Classification and Compensation Team,F,82400,0,0,N22
HHS,Department of Health and Human Services,HHS 60 Office of Eligibility and Support Services,F,60975.23,437.2,0,17
CCL,County Council,CCL 01 Council Central Staff,M,154500,0,0,M2
CCL,County Council,CCL 01 Council Members and Staff,F,75000,0,0,N18
COR,Correction and Rehabilitation,COR 42 DS MCCF Unit 1 Security,M,66530,21846.38,0,C4
COR,Correction and Rehabilitation,COR 42 DS MCCF Unit 1 Security,M,66530,48927.98,0,C4
COR,Correction and Rehabilitation,COR 42 DS MCCF Unit 2 Security,M,66530,24919.95,0,C4
COR,Correction and Rehabilitation,COR 42 DS MCCF Unit 1 Security,F,66530,24659.35,0,C4
DEP,Department of Environmental Protection,DEP 80 Stewardship Programs,F,98322,0,0,18
HHS,Department of Health and Human Services,HHS 60 Aging & Disability Services Division,M,139999.17,0,0,N28
LIB,Department of Public Libraries,LIB 71 Long Branch Library,F,66095.1,0,0,18
POL,Department of Police,POL 47 HQ Office of the Chief,M,72511,7891.29,0,P2
DEP,Department of Environmental Protection,DEP 80 Monitoring and Planning,F,85779.71,0,0,19
DOT,Department of Transportation,DOT 50 Transit Silver Spring Ride On,M,63211,3532.2,0,T1
REC,Department of Recreation,REC 72 Facilities Division,M,75518.98,0,0,21
REC,Department of Recreation,REC 72 Administration Division,F,88482.15,0,0,21
POL,Department of Police,POL 47 MSB Communications Division,F,53900,1567.36,0,15
HHS,Department of Health and Human Services,HHS 60 Child Welfare Services,F,145745,0,0,M3
HHS,Department of Health and Human Services,HHS 60 Chief Operating Officer Division,F,84217.95,0,0,N23
HHS,Department of Health and Human Services,HHS 60 Behavioral Health and Crisis Services Division,F,94057.64,5413.56,0,23
HHS,Department of Health and Human Services,HHS 60 Behavioral Health and Crisis Services Division,M,141001.85,0,0,M3
HHS,Department of Health and Human Services,HHS 60 Children Youth and Family Services Division,M,66950,0,0,18
HHS,Department of Health and Human Services,HHS 60 Office of Eligibility and Support Services,M,61344.41,630.43,0,17
DOT,Department of Transportation,DOT 50 Transportation Technical Center,M,56729.57,4368.02,0,14
DGS,Department of General Services,DGS 36 Fleet Management Services,M,72319.98,6074.77,0,16
REC,Department of Recreation,REC 72 Information Technology,M,86350.05,0,0,19
POL,Department of Police,POL 47 MSB Communications Division,F,61068.7,2018.52,0,17
POL,Department of Police,POL 47 FSB Traffic Division School Safety Section,F,24138.27,0,0,10
POL,Department of Police,POL 47 MSB Communications Division,M,61068.7,8890.39,0,17
POL,Department of Police,POL 47 MSB Communications Division,F,53900,1347.59,0,15
POL,Department of Police,POL 47 MSB Communications Division,F,53900,0,0,15
POL,Department of Police,POL 47 MSB Communications Division,M,53900,0,0,15
POL,Department of Police,POL 47 MSB Communications Division,F,61068.7,6584.07,0,17
CEC,Community Engagement Cluster,CEC 16 Silver Spring Urban District,M,95000,4727.27,0,N21
HHS,Department of Health and Human Services,HHS 60 Office of Eligibility and Support Services,F,68397.15,597.84,0,17
HHS,Department of Health and Human Services,HHS 60 Children Youth and Family Services Division,F,101274.75,0,0,N23
LIB,Department of Public Libraries,LIB 71 Chevy Chase Library,F,85000,0,0,N20
HHS,Department of Health and Human Services,HHS 60 Public Health Services Division,F,70040,747.39,0,20
OAS,Office of Animal Services,OAS 38 Animal Services Division,M,54851.62,178.01,0,13
HHS,Department of Health and Human Services,HHS 60 Public Health Services Division,F,94878.45,0,0,N23
COR,Correction and Rehabilitation,COR 42 DS MCCF Unit 3 Security,M,63688,13562.85,0,C3
OLR,Office of Labor Relations,OLR 26 Labor Relations Division,M,138586.5,0,0,N26
DOT,Department of Transportation,DOT 50 Traffic Engineering Studies Section,F,71912.55,596.94,0,17
COR,Correction and Rehabilitation,COR 42 DS MCCF Unit 2 Security,M,63688,19443.37,0,C3
HHS,Department of Health and Human Services,HHS 60 Child Welfare Services,M,101274.75,0,0,23
DOT,Department of Transportation,DOT 50 Traffic Engineering and Operations,F,65498.73,0,0,13
DOT,Department of Transportation,DOT 50 Transportation Engineering Administration,M,192117.66,0,0,M2
PRO,Office of Procurement,PRO 35 Procurement Division,F,115407.71,0,0,25
FRS,Fire and Rescue Services,FRS 45 Fleet Support,F,76755.6,4481.75,0,N18
CCL,County Council,CCL 01 Council Members and Staff,M,72491.4,0,0,N18
FRS,Fire and Rescue Services,FRS 45 Recruit Training,M,60147,0,0,F1
FRS,Fire and Rescue Services,FRS 45 Field Recruits,M,62102,485.19,0,F1
FRS,Fire and Rescue Services,FRS 45 Field Recruits,M,62102,161.62,0,F1
FRS,Fire and Rescue Services,FRS 45 Field Recruits,M,62102,111.97,0,F1
FRS,Fire and Rescue Services,FRS 45 Field Recruits,M,62102,671.8,0,F1
FRS,Fire and Rescue Services,FRS 45 Field Recruits,F,62102,149.3,0,F1
FRS,Fire and Rescue Services,FRS 45 Field Recruits,M,62102,251.94,0,F1
FRS,Fire and Rescue Services,FRS 45 Field Recruits,M,62102,111.97,0,F1
FRS,Fire and Rescue Services,FRS 45 Recruit Training,M,60147,0,0,F1
DGS,Department of General Services,DGS 36 Fleet Management Services,M,57293.75,1063.06,0,12
HHS,Department of Health and Human Services,HHS 60 Office of Eligibility and Support Services,F,60975.23,1928.96,0,17
POL,Department of Police,POL 47 MSB Training and Education Division,M,29147.35,0,0,10
HHS,Department of Health and Human Services,HHS 60 Child Welfare Services,F,75344.5,0,0,21
HHS,Department of Health and Human Services,HHS 60 Office of Eligibility and Support Services,F,60975.23,1258.26,0,17
FRS,Fire and Rescue Services,FRS 45 Field Recruits,M,62102,167.97,0,F1
FRS,Fire and Rescue Services,FRS 45 Field Recruits,M,62102,155.65,0,F1
FRS,Fire and Rescue Services,FRS 45 Field Recruits,M,62102,149.29,0,F1
FRS,Fire and Rescue Services,FRS 45 Recruit Training,M,60147,0,0,F1
FRS,Fire and Rescue Services,FRS 45 Recruit Training,M,60147,0,0,F1
FRS,Fire and Rescue Services,FRS 45 Field Recruits,M,62102,345.23,0,F1
FRS,Fire and Rescue Services,FRS 45 Field Recruits,M,62102,522.52,0,F1
FRS,Fire and Rescue Services,FRS 45 Field Recruits,M,62102,186.62,0,F1
FRS,Fire and Rescue Services,FRS 45 Recruit Training,M,60147,0,0,F1
FRS,Fire and Rescue Services,FRS 45 Recruit Training,M,60147,0,0,F1
FRS,Fire and Rescue Services,FRS 45 Field Recruits,M,62102,111.97,0,F1
FRS,Fire and Rescue Services,FRS 45 Field Recruits,M,62102,111.97,0,F1
FRS,Fire and Rescue Services,FRS 45 Recruit Training,M,60147,0,0,F1
FRS,Fire and Rescue Services,FRS 45 Field Recruits,M,62102,149.3,0,F1
HCA,Department of Housing and Community Affairs,HCA 76 Housing Code Enforcement,F,92700,651.82,0,21
COR,Correction and Rehabilitation,COR 42 MBHS Medical and Behavioral Health Services,M,79813.76,0,0,23
COR,Correction and Rehabilitation,COR 42 DS MCCF Unit 1 Security,F,61765,37049.73,0,C3
COR,Correction and Rehabilitation,COR 42 DS MCCF Unit 1 Security,M,61765,32768.38,0,C3
COR,Correction and Rehabilitation,COR 42 DS MCCF Unit 1 Security,M,61765,16673.99,0,C3
FRS,Fire and Rescue Services,FRS 45 Field Recruits,M,62102,0,0,F1
FRS,Fire and Rescue Services,FRS 45 Field Recruits,F,62102,130.64,0,F1
FRS,Fire and Rescue Services,FRS 45 Field Recruits,M,62102,149.3,0,F1
FRS,Fire and Rescue Services,FRS 45 Recruit Training,M,60147,0,0,F1
FRS,Fire and Rescue Services,FRS 45 Field Recruits,M,62102,111.97,0,F1
FRS,Fire and Rescue Services,FRS 45 Field Recruits,M,62102,298.62,0,F1
FRS,Fire and Rescue Services,FRS 45 Field Recruits,M,62102,373.22,0,F1
FRS,Fire and Rescue Services,FRS 45 Field Recruits,F,62102,298.58,0,F1
FRS,Fire and Rescue Services,FRS 45 Field Recruits,M,62102,298.58,0,F1
FRS,Fire and Rescue Services,FRS 45 Field Recruits,M,62102,167.97,0,F1
FRS,Fire and Rescue Services,FRS 45 Field Recruits,M,62102,970.38,0,F1
COR,Correction and Rehabilitation,COR 42 DS MCCF Unit 2 Security,M,61765,22820.44,0,C3
COR,Correction and Rehabilitation,COR 42 DS MCCF Unit 1 Security,M,61765,29370.92,0,C3
COR,Correction and Rehabilitation,COR 42 DS MCCF Case Managers Unit 3,F,88580,0,0,19
CCL,County Council,CCL 01 Council Central Staff,M,90000,0,0,N23
CCL,County Council,CCL 01 Council Central Staff,F,79310,0,0,N21
ABS,Alcohol Beverage Services,ABS 85 Beer Delivery Operations,M,69010,10142.51,0,15
HCA,Department of Housing and Community Affairs,HCA 76 Rent Stabilization,M,68501,0,0,21
HCA,Department of Housing and Community Affairs,HCA 76 Rental Housing,M,166860,0,0,M2
DOT,Department of Transportation,DOT 50 Transit Silver Spring Ride On,M,63211,3494.36,0,T1
HHS,Department of Health and Human Services,HHS 60 Services to End and Prevent Homelessness Division,M,100497.1,0,0,N25
HHS,Department of Health and Human Services,HHS 60 Office of Eligibility and Support Services,F,61351.95,736.85,0,17
CAT,County Attorney's Office,CAT 30 County Attorney's Office,M,87550,0,0,N23
OAS,Office of Animal Services,OAS 38 Animal Services Division,F,77543.64,205.26,0,19
CCL,County Council,CCL 01 Council Members and Staff,M,90614.25,0,0,N18
HHS,Department of Health and Human Services,HHS 60 Office of Eligibility and Support Services,F,60975.23,1773.45,0,17
HCA,Department of Housing and Community Affairs,HCA 76 Information Technology,F,133900,0,0,N28
ABS,Alcohol Beverage Services,ABS 85 Director's Office,F,97850,0,0,N25
DOT,Department of Transportation,DOT 50 Transit Nicholson Ride On,F,65107.33,6763.67,0,T1
DOT,Department of Transportation,DOT 50 Transit Silver Spring Ride On,F,65107.33,6172.59,0,T1
HHS,Department of Health and Human Services,HHS 60 School Health Services,F,50396.5,0,0,16
DOT,Department of Transportation,DOT 50 Transit Nicholson Ride On,M,65107.33,4813.49,0,T1
HHS,Department of Health and Human Services,HHS 60 Public Health Services Division,F,75344.5,0,0,20
DPS,Department of Permitting Services,DPS 75 Commercial Structural and Complex Structures,M,84048,2000.24,0,19
HHS,Department of Health and Human Services,HHS 60 Office of Eligibility and Support Services,M,60975.23,0,0,17
HHS,Department of Health and Human Services,HHS 60 Public Health Services Division,F,57596,0,0,16
HHS,Department of Health and Human Services,HHS 60 School Health Services,F,50396.53,0,0,16
HHS,Department of Health and Human Services,HHS 60 Aging & Disability Services Division,F,85861.95,0,0,23
HHS,Department of Health and Human Services,HHS 60 Public Health Services Division,F,89346.13,193.3,0,23
HHS,Department of Health and Human Services,HHS 60 Behavioral Health and Crisis Services Division,F,90876.95,0,0,23
HHS,Department of Health and Human Services,HHS 60 School Health Services,M,93185.87,0,0,24
DEP,Department of Environmental Protection,DEP 80 Zero Waste Programs Division,F,175100,0,0,M2
HCA,Department of Housing and Community Affairs,HCA 76 Information Technology,M,87497.47,0,0,20
HCA,Department of Housing and Community Affairs,HCA 76 Information Technology,M,133900,0,0,N28
HHS,Department of Health and Human Services,HHS 60 Office of Eligibility and Support Services,F,61439.5,592.86,0,17
HHS,Department of Health and Human Services,HHS 60 School Health Services,F,93185.87,0,0,24
HHS,Department of Health and Human Services,HHS 60 Office of Eligibility and Support Services,F,60975.23,1639.29,0,17
ABS,Alcohol Beverage Services,ABS 85 Stock Liquor and Wine Warehouse Operations,M,65405,3667.55,0,13
HHS,Department of Health and Human Services,HHS 60 Office of Eligibility and Support Services,F,60975.23,0,0,17
HHS,Department of Health and Human Services,HHS 60 Aging & Disability Services Division,F,70556.03,49.97,0,21
HHS,Department of Health and Human Services,HHS 60 School Health Services,F,102655.64,0,0,24
HHS,Department of Health and Human Services,HHS 60 Office of Eligibility and Support Services,F,60975.23,1283.34,0,17
DGS,Department of General Services,DGS 36 Automation,F,124210.79,0,0,N28
DOT,Department of Transportation,DOT 50 Transit Special Transportation and Medicaid,F,73872.63,0,0,16
FRS,Fire and Rescue Services,FRS 45 Fleet Operations,M,71721,2870.64,0,16
HHS,Department of Health and Human Services,HHS 60 Office of Eligibility and Support Services,F,68397.15,1579.23,0,17
POL,Department of Police,POL 47 HQ Office of the Chief,M,70056,328.42,0,P2
HHS,Department of Health and Human Services,HHS 60 Director's Office Division,F,107120,0,0,N25
CAT,County Attorney's Office,"CAT 30 Zoning, Land Use and Economic Development",F,146642.13,0,0,N32
POL,Department of Police,POL 47 HQ Office of the Chief,M,70056,342.15,0,P2
ABS,Alcohol Beverage Services,ABS 85 Beer Loading,F,58916,2547.06,0,12
HHS,Department of Health and Human Services,HHS 60 School Health Services,F,93185.87,0,0,24
REC,Department of Recreation,REC 72 Special Programs,F,68773,198.4,0,14
REC,Department of Recreation,REC 72 Special Programs,M,97850,0,0,N25
DOT,Department of Transportation,DOT 50 Highway Services,M,55517,7885.12,0,15
DOT,Department of Transportation,DOT 50 Highway Services,F,55517,11697.22,0,15
HHS,Department of Health and Human Services,HHS 60 Aging & Disability Services Division,F,120458.5,0,0,N25
COR,Correction and Rehabilitation,COR 42 DS MCCF Unit 2 Security,M,61765,10417.46,0,C3
HHS,Department of Health and Human Services,HHS 60 Office of Eligibility and Support Services,F,60975.23,0,0,17
OLR,Office of Labor Relations,OLR 26 Labor Relations Division,F,111935.25,0,0,N26
HHS,Department of Health and Human Services,HHS 60 School Health Services,M,93185.87,0,0,24
COR,Correction and Rehabilitation,COR 42 DS MCCF Unit 1 Security,M,59966,1492.36,0,C3
HHS,Department of Health and Human Services,HHS 60 Services to End and Prevent Homelessness Division,F,95790,9040.9,0,23
DPS,Department of Permitting Services,DPS 75 Customer Support,M,66950,0,0,13
HHS,Department of Health and Human Services,HHS 60 Office of Eligibility and Support Services,F,61351.95,735.48,0,16
HHS,Department of Health and Human Services,HHS 60 Chief Operating Officer Division,M,192117.66,0,0,M2
HHS,Department of Health and Human Services,HHS 60 Aging & Disability Services Division,F,95036.88,0,0,24
REC,Department of Recreation,REC 72 Facilities Division,M,67465,0,0,18
HHS,Department of Health and Human Services,HHS 60 School Health Services,F,90471.72,0,0,24
HHS,Department of Health and Human Services,HHS 60 Public Health Services Division,M,75387.55,0,0,21
HHS,Department of Health and Human Services,HHS 60 Office of Eligibility and Support Services,F,60975.23,551.89,0,17
HHS,Department of Health and Human Services,HHS 60 Aging & Disability Services Division,F,95036.88,0,0,24
DOT,Department of Transportation,DOT 50 Transportation Planning and Design Section,M,151410,0,0,28
DOT,Department of Transportation,DOT 50 Transportation Management,M,57739.03,957.72,0,15
HHS,Department of Health and Human Services,HHS 60 Office of Eligibility and Support Services,M,60975.23,2546.93,0,17
DEP,Department of Environmental Protection,DEP 80 Waste Reduction and Recycling,M,70555,0,0,18
DGS,Department of General Services,DGS 36 Facilities Maintenance,M,88805.99,64.05,0,17
DOT,Department of Transportation,DOT 50 Highway Services,F,55517,11632.68,0,15
ABS,Alcohol Beverage Services,ABS 85 Beer Loading,M,58195,3524.1,0,12
DGS,Department of General Services,DGS 36 Fleet Management Fleet Services,M,95410.96,0,0,N22
DOT,Department of Transportation,DOT 50 Highway Services,M,55517,2176.82,0,15
ABS,Alcohol Beverage Services,ABS 85 Liquor and Wine Loading,M,57680,1182.95,0,12
COR,Correction and Rehabilitation,COR 42 DS MCCF Unit 3 Security,F,61765,10034.46,0,C3
HHS,Department of Health and Human Services,HHS 60 Behavioral Health and Crisis Services Division,F,104466.54,0,0,24
POL,Department of Police,POL 47 MSB Communications Division,F,92597,0,0,18
DPS,Department of Permitting Services,DPS 75 Land Development Sediment and Stormwater Inspection,M,97335,2316.42,0,21
SHF,Sheriff's Office,SHF 48 Administration,M,65969,0,0,G2
HHS,Department of Health and Human Services,HHS 60 Office of Eligibility and Support Services,F,61351.95,0,0,17
HHS,Department of Health and Human Services,HHS 60 School Health Services,F,95036.88,0,0,24
DGS,Department of General Services,DGS 36 Fleet Automotive Heavy Equipment,M,69054.29,0,0,12
HHS,Department of Health and Human Services,HHS 60 Children Youth and Family Services Division,F,80134,0,0,16
HHS,Department of Health and Human Services,HHS 60 Aging & Disability Services Division,F,93185.87,0,0,24
FRS,Fire and Rescue Services,FRS 45 Field Recruits,M,62102,0,0,F1
COR,Correction and Rehabilitation,COR 42 DS MCCF Unit 2 Security,M,61765,28362.65,0,C3
HHS,Department of Health and Human Services,HHS 60 School Health Services,M,95036.88,0,0,24
DGS,Department of General Services,DGS 36 Facilities Maintenance,M,63838.45,2967.06,0,8
DOT,Department of Transportation,DOT 50 Highway Services,M,49928.22,3276.43,0,12
DOT,Department of Transportation,DOT 50 Highway Services,M,55517,12191.86,0,15
DPS,Department of Permitting Services,DPS 75 Land Development Sediment and Stormwater Inspection,M,87550,1483.75,0,21
SHF,Sheriff's Office,SHF 48 Administration,F,65969,618.49,0,G1
HHS,Department of Health and Human Services,HHS 60 Aging & Disability Services Division,F,95036.88,0,0,24
DOT,Department of Transportation,DOT 50 Highway Services,M,49928.22,9818.92,0,12
DOT,Department of Transportation,DOT 50 Highway Services,M,49928.22,8404.67,0,12
TBS,Department of Technology and Enterprise Business Solutions,TBS 34 CIOs Office,F,212000,0,0,EX3
CCL,County Council,CCL 01 Council Members and Staff,F,77250,0,0,N18
SHF,Sheriff's Office,SHF 48 Administration,M,65969,47.61,0,G2
DOT,Department of Transportation,DOT 50 Transportation Planning and Design Section,M,104838.55,3402.29,0,23
HHS,Department of Health and Human Services,HHS 60 Children Youth and Family Services Division,M,83430,0,0,18
HHS,Department of Health and Human Services,HHS 60 Child Welfare Services,F,111305.68,0,0,24
HHS,Department of Health and Human Services,HHS 60 Aging & Disability Services Division,F,109721.27,0,0,24
CCL,County Council,CCL 01 Council Members and Staff,F,92700,0,0,N18
HHS,Department of Health and Human Services,HHS 60 Office of Eligibility and Support Services,F,80134,0,0,16
SHF,Sheriff's Office,SHF 48 Sheriff Domestic Violence,F,56156.1,0,0,16
DGS,Department of General Services,DGS 36 Fleet Management Fleet Services,M,60176.72,0,0,12
DGS,Department of General Services,DGS 36 Facilities Maintenance,F,63838.45,1220.04,0,8
HHS,Department of Health and Human Services,HHS 60 Behavioral Health and Crisis Services Division,F,117729,2631.99,0,N26
POL,Department of Police,POL 47 FSB Traffic Division School Safety Section,F,22642.5,0,0,10
HHS,Department of Health and Human Services,HHS 60 Children Youth and Family Services Division,F,90640,0,0,21
DHS,Office of Emergency Management and Homeland Security,DHS 49 Policy and Planning,M,87550,662.97,0,24
DGS,Department of General Services,DGS 36 Fleet Management Fleet Services,M,53670.21,0,0,12
HHS,Department of Health and Human Services,HHS 60 Behavioral Health and Crisis Services Division,F,146775,0,0,M2
HCA,Department of Housing and Community Affairs,HCA 76 Director,F,108822.59,0,0,N25
DOT,Department of Transportation,DOT 50 Transportation Construction Section,M,151410,0,0,28
OMB,Office of Management and Budget,OMB 31 Office of Management and Budget,M,92700,0,0,N21
HHS,Department of Health and Human Services,HHS 60 Office of Eligibility and Support Services,M,61992.91,1189.36,0,16
POL,Department of Police,POL 47 HQ Office of the Chief,M,70056,252.62,0,P2
HHS,Department of Health and Human Services,HHS 60 Children Youth and Family Services Division,F,82400,0,0,18
HHS,Department of Health and Human Services,HHS 60 School Health Services,F,102655.64,0,0,24
HHS,Department of Health and Human Services,HHS 60 Public Health Services Division,F,136651.13,0,0,M3
REC,Department of Recreation,REC 72 Youth Development Youth Services,F,84460,0,0,21
HHS,Department of Health and Human Services,HHS 60 Children Youth and Family Services Division,F,70000,0,0,18
LIB,Department of Public Libraries,LIB 71 Wheaton Library,F,39140,0,0,21
COR,Correction and Rehabilitation,COR 42 DO Director,M,108150,0,0,N25
COR,Correction and Rehabilitation,COR 42 DS MCCF Unit 1 Security,M,61765,13210.88,0,C3
HHS,Department of Health and Human Services,HHS 60 Social Services,F,110210,0,0,N23
POL,Department of Police,POL 47 MSB Communications Division,M,61068.7,3407.48,0,17
POL,Department of Police,POL 47 MSB Communications Division,M,61068.7,3652.6,0,17
HCA,Department of Housing and Community Affairs,HCA 76 Rent Stabilization,F,81370,0,0,21
POL,Department of Police,POL 47 MSB Communications Division,M,61068.7,2991.02,0,17
SHF,Sheriff's Office,SHF 48 Sheriff Domestic Violence,F,57596,969.56,0,16
POL,Department of Police,POL 47 MSB Communications Division,F,55517,2336.5,0,15
POL,Department of Police,POL 47 MSB Communications Division,F,61068.7,3170.46,0,17
POL,Department of Police,POL 47 MSB Communications Division,F,61068.7,1406.25,0,17
POL,Department of Police,POL 47 MSB Training and Education Division,M,70056,984.04,0,P1
POL,Department of Police,POL 47 HQ Office of the Chief,M,70056,277.89,0,P2
HCA,Department of Housing and Community Affairs,HCA 76 Housing Landlord and Tenant Mediation,F,108822.59,0,0,25
CAT,County Attorney's Office,CAT 30 Health and Human Services,F,118914.53,0,0,N27
CCL,County Council,CCL 01 Council Members and Staff,F,75689.55,0,0,N16
HHS,Department of Health and Human Services,HHS 60 Children Youth and Family Services Division,F,67000,0,0,18
OHR,Office of Human Resources,"OHR 33 Policy, Practice and Strategic Communications",M,108822.59,0,0,N25
ABS,Alcohol Beverage Services,ABS 85 Beer Warehouse Operations,M,62830,3699.78,0,13
ABS,Alcohol Beverage Services,ABS 85 Administrative Services,F,81370,0,0,18
DEP,Department of Environmental Protection,DEP 80 Waste Reduction and Recycling,F,82400,0,0,18
DOT,Department of Transportation,DOT 50 Transit Silver Spring Ride On,M,65107.33,9598.12,0,T1
DOT,Department of Transportation,DOT 50 Transit Silver Spring Ride On,F,65107.33,4878.7,0,T1
TBS,Department of Technology and Enterprise Business Solutions,TBS 34 CIO Finance and Human Resources,M,75195.15,0,0,18
DOT,Department of Transportation,DOT 50 Transit Silver Spring Ride On,F,65107.33,7709.84,0,T1
LIB,Department of Public Libraries,LIB 71 Noyes Library,F,38800.1,0,0,21
HHS,Department of Health and Human Services,HHS 60 Children Youth and Family Services Division,M,42500,0,0,18
OAS,Office of Animal Services,OAS 38 Animal Services Division,F,60770,433.84,0,14
DGS,Department of General Services,DGS 36 Facilities Maintenance,F,70934.04,13243.92,0,N15
DGS,Department of General Services,DGS 36 Fleet Management Fleet Services,M,59037.54,0,0,16
DPS,Department of Permitting Services,DPS 75 Residential Inspections,M,77250,0,0,19
DOT,Department of Transportation,DOT 50 Parking Management Parking Operations,F,90640,0,0,N23
CEX,Offices of the County Executive,CEX 15 Chief Administrative Officer's Office,M,84460,0,0,N18
POL,Department of Police,POL 47 FSB Traffic Division School Safety Section,M,23322,0,0,10
DOT,Department of Transportation,DOT 50 Transportation Property Acquisition Section,M,105652.64,0,0,25
COR,Correction and Rehabilitation,COR 42 DS MCCF Unit 1 Security,M,61765,9412.83,0,C3
COR,Correction and Rehabilitation,COR 42 DS MCCF Unit 1 Security,M,61765,10626.15,0,C3
FIN,Department of Finance,FIN 32 General Accounting,M,108899,0,0,21
COR,Correction and Rehabilitation,COR 42 DS Programs and Services,F,65405,0,0,13
SHF,Sheriff's Office,SHF 48 Sheriff Domestic Violence,F,56156.1,0,0,16
COR,Correction and Rehabilitation,COR 42 DS MCCF Unit 3 Security,M,61765,8064.37,0,C3
DGS,Department of General Services,DGS 36 Fleet Management Fleet Services,M,81368.97,0,0,16
DGS,Department of General Services,DGS 36 Fleet Automotive Heavy Equipment,M,66193.98,0,0,16
LIB,Department of Public Libraries,LIB 71 Gaithersburg Library,F,91361,0,0,21
DGS,Department of General Services,DGS 36 Energy and Sustainability,M,130707,0,0,25
FIN,Department of Finance,FIN 32 General Accounting,F,112166,0,0,21
DGS,Department of General Services,DGS 36 Facilities Maintenance,M,98322,8215.58,0,18
TBS,Department of Technology and Enterprise Business Solutions,TBS 34 CIOs Office,M,124210.79,0,0,N28
DGS,Department of General Services,DGS 36 Facilities Maintenance,M,91470.17,9163.93,0,17
POL,Department of Police,POL 47 HQ Office of the Chief,F,70056,757.85,0,P2
HHS,Department of Health and Human Services,HHS 60 School Health Services,F,93185.87,0,0,24
POL,Department of Police,POL 47 MSB Training and Education Division,M,75047,162.37,0,P1
DEP,Department of Environmental Protection,DEP 80 Strategic and Administrative Services Division,F,118450,0,0,N25
CAT,County Attorney's Office,CAT 30 Support Services,F,77250,40.57,0,N15
DPS,Department of Permitting Services,DPS 75 Commercial Structural and Complex Structures,M,84048,540.24,0,19
CEC,Community Engagement Cluster,CEC 16 Silver Spring Urban District,F,62999.95,4753.61,0,9
HHS,Department of Health and Human Services,HHS 60 Behavioral Health and Crisis Services Division,F,57596,0,0,16
HHS,Department of Health and Human Services,HHS 60 Chief Operating Officer Division,F,88168,0,0,18
HHS,Department of Health and Human Services,HHS 60 Chief Operating Officer Division,F,77250,0,0,18
OAS,Office of Animal Services,OAS 38 Animal Services Division,M,68920.39,667.45,0,14
DHS,Office of Emergency Management and Homeland Security,DHS 49 Policy and Planning,M,102822.36,3110.1,0,24
DHS,Office of Emergency Management and Homeland Security,DHS 49 Policy and Planning,M,94760,102.51,0,24
POL,Department of Police,POL 47 MSB Communications Division,F,188490,0,0,M2
DGS,Department of General Services,DGS 36 Facilities,F,88260.7,419.47,0,16
OMB,Office of Management and Budget,OMB 31 Office of Management and Budget,F,96820,0,0,N21
COR,Correction and Rehabilitation,COR 42 DS MCCF Unit 3 Security,M,61765,2844.61,0,C3
COR,Correction and Rehabilitation,COR 42 DS MCCF Unit 3 Security,M,61765,24266.31,0,C3
HHS,Department of Health and Human Services,HHS 60 Office of Eligibility and Support Services,F,60975.23,0,0,17
CEC,Community Engagement Cluster,CEC 16 Silver Spring Urban District,M,62999.95,5355.05,0,9
HHS,Department of Health and Human Services,HHS 60 Office of Eligibility and Support Services,M,61992.91,603.6,0,17
FIN,Department of Finance,FIN 32 Financial Analysis Audit and Compliance,F,152955,0,0,M3
POL,Department of Police,POL 47 HQ Office of the Chief,M,80393,541.41,0,P2
ABS,Alcohol Beverage Services,ABS 85 Beer Loading,M,54384,2699.89,0,12
HHS,Department of Health and Human Services,HHS 60 Behavioral Health and Crisis Services Division,F,90876.95,4276.32,0,23
HCA,Department of Housing and Community Affairs,HCA 76 Asset Management,F,123600,0,0,25
DGS,Department of General Services,DGS 36 Facilities Maintenance,F,63838.45,1125.28,0,8
HHS,Department of Health and Human Services,HHS 60 Children Youth and Family Services Division,M,75024.45,0,0,18
DPS,Department of Permitting Services,DPS 75 Commercial Structural and Complex Structures,F,84048,0,0,19
HHS,Department of Health and Human Services,HHS 60 Behavioral Health and Crisis Services Division,F,117111,2013.97,0,24
CUS,Community Use of Public Facilities,CUS 70 Core Services Team,M,62328.39,134.85,0,18
HHS,Department of Health and Human Services,HHS 60 Office of Eligibility and Support Services,F,64260.67,463.44,0,17
HHS,Department of Health and Human Services,HHS 60 School Health Services,F,93185.87,0,0,24
LIB,Department of Public Libraries,LIB 71 Marilyn J Praisner Library,F,32960,0,0,18
LIB,Department of Public Libraries,LIB 71 Little Falls Library,F,32960,0,0,18
LIB,Department of Public Libraries,LIB 71 Long Branch Library,F,93730,0,0,24
REC,Department of Recreation,REC 72 Youth Development Youth Services,M,92700,0,0,21
REC,Department of Recreation,REC 72 Facilities Division,F,72100,0,0,18
HHS,Department of Health and Human Services,HHS 60 Public Health Services Division,F,102655.64,0,0,24
DOT,Department of Transportation,DOT 50 Highway Services,M,49928.22,7997.93,0,12
COR,Correction and Rehabilitation,COR 42 DS MCCF Unit 3 Security,M,61765,20702.45,0,C3
DOT,Department of Transportation,DOT 50 Highway Services,M,53900,505.33,0,15
DOT,Department of Transportation,DOT 50 Highway Services,M,53900,19.44,0,15
CEX,Offices of the County Executive,CEX 15 Chief Administrative Officer's Office,F,73872.63,0,0,N16
DOT,Department of Transportation,DOT 50 Highway Services,M,49928.22,9184.06,0,12
HHS,Department of Health and Human Services,HHS 60 Chief Operating Officer Division,F,58710,0,0,14
DOT,Department of Transportation,DOT 50 Highway Services,M,55517,5090.08,0,15
DOT,Department of Transportation,DOT 50 Highway Services,M,55517,16912.02,0,15
OHR,Office of Human Resources,OHR 33 Recruitment and Selection,F,95410.96,0,0,N22
HHS,Department of Health and Human Services,HHS 60 School Health Services,F,102655.64,0,0,24
POL,Department of Police,POL 47 MSB Training and Education Division,M,70056,25.27,0,P1
DOT,Department of Transportation,DOT 50 Transit Silver Spring Ride On,M,65107,6630.88,0,T1
DOT,Department of Transportation,DOT 50 Transit Silver Spring Ride On,M,65107,6521.61,0,T1
DOT,Department of Transportation,DOT 50 Transit Nicholson Ride On,M,65107,5646.62,0,T1
DOT,Department of Transportation,DOT 50 Transit Nicholson Ride On,F,65107,1364.93,0,T1
DOT,Department of Transportation,DOT 50 Transit Nicholson Ride On,M,65107,7300.26,0,T1
DOT,Department of Transportation,DOT 50 Transit Silver Spring Ride On,M,65107,4110.63,0,T1
DOT,Department of Transportation,DOT 50 Transportation Engineering Administration,F,82400,0,0,N17
SHF,Sheriff's Office,SHF 48 Warrant Section,F,51703,0,0,13
CCL,County Council,CCL 01 Council Members and Staff,F,72100,0,0,N18
DOT,Department of Transportation,DOT 50 Transit Nicholson Ride On,F,65107,5863.91,0,T1
DOT,Department of Transportation,DOT 50 Transit Silver Spring Ride On,F,65107,860.42,0,T1
DOT,Department of Transportation,DOT 50 Transit Silver Spring Ride On,M,65107,5963.74,0,T1
DOT,Department of Transportation,DOT 50 Transit Silver Spring Ride On,M,65107,3987.66,0,T1
HHS,Department of Health and Human Services,HHS 60 Services to End and Prevent Homelessness Division,F,87550,0,0,23
HHS,Department of Health and Human Services,HHS 60 Behavioral Health and Crisis Services Division,F,110210,1148.99,0,24
OHR,Office of Human Resources,OHR 33 Recruitment and Selection,F,93730,270.38,0,N21
HHS,Department of Health and Human Services,HHS 60 Public Health Services Division,F,71070,0,0,18
HHS,Department of Health and Human Services,HHS 60 Public Health Services Division,F,104030,0,0,25
POL,Department of Police,POL 47 MSB Training and Education Division,M,70056,757.85,0,P1
POL,Department of Police,POL 47 MSB Training and Education Division,M,66815,0,0,P1
HHS,Department of Health and Human Services,HHS 60 Director's Office Division,F,141728,0,0,M3
TBS,Department of Technology and Enterprise Business Solutions,TBS 34 CIOs Office,M,99673.1,0,0,N23
DGS,Department of General Services,DGS 36 Administration and Budget,M,131840,0,0,N25
HHS,Department of Health and Human Services,HHS 60 Behavioral Health and Crisis Services Division,F,98880,1388.47,0,24
ABS,Alcohol Beverage Services,ABS 85 Wheaton,F,66950,2039.69,0,14
TBS,Department of Technology and Enterprise Business Solutions,TBS 34 ODT Financials,F,158620,0,0,N32
HHS,Department of Health and Human Services,HHS 60 Behavioral Health and Crisis Services Division,F,90876.95,572.67,0,23
OHR,Office of Human Resources,OHR 33 Recruitment and Selection,M,95410.96,0,0,N22
POL,Department of Police,POL 47 HQ Office of the Chief,M,70056,934.67,0,P2
REC,Department of Recreation,REC 72 Senior Programs,M,77250,0,0,21
POL,Department of Police,POL 47 HQ Office of the Chief,F,80393,231.91,0,P2
POL,Department of Police,POL 47 HQ Office of the Chief,M,70056,808.37,0,P2
DOT,Department of Transportation,DOT 50 Highway Services,M,55517,7982.92,0,15
COR,Correction and Rehabilitation,COR 42 DS MCCF Unit 1 Security,M,61765,19898.89,0,C3
POL,Department of Police,POL 47 MSB Budget & Capital Management Division,F,154500,0,0,M3
COR,Correction and Rehabilitation,COR 42 DS MCCF Unit 3 Security,F,61765,12410.54,0,C3
DOT,Department of Transportation,DOT 50 Transit Nicholson Ride On,M,64374.84,0,0,9
DGS,Department of General Services,DGS 36 Fleet Automotive Heavy Equipment,M,90149,0,0,16
LIB,Department of Public Libraries,LIB 71 Twinbrook Library,F,32857,0,0,18
DEP,Department of Environmental Protection,DEP 80 Climate Programs,F,105060,0,0,23
HHS,Department of Health and Human Services,HHS 60 Children Youth and Family Services Division,F,121540,0,0,N25
TBS,Department of Technology and Enterprise Business Solutions,TBS 34 CIO Project Management Staff,M,144200,0,0,N28
POL,Department of Police,POL 47 HQ Office of the Chief,M,80393,1362.48,0,P2
SHF,Sheriff's Office,SHF 48 Administration,M,65969,333.06,0,G2
HHS,Department of Health and Human Services,HHS 60 Child Welfare Services,F,88580,0,0,21
HHS,Department of Health and Human Services,HHS 60 Office of Eligibility and Support Services,F,73130,0,0,16
SHF,Sheriff's Office,SHF 48 Administration,M,65969,190.32,0,G2
COR,Correction and Rehabilitation,COR 42 MSD Management Services Division,F,97850,0,0,N24
COR,Correction and Rehabilitation,COR 42 DS MCCF Unit 1 Security,M,61765,7523.47,0,C3
SHF,Sheriff's Office,SHF 48 Administration,M,65969,832.59,0,G1
SHF,Sheriff's Office,SHF 48 Administration,M,65969,618.52,0,G2
DGS,Department of General Services,DGS 36 Fleet Management Fleet Services,M,64266,0,0,16
LIB,Department of Public Libraries,LIB 71 Connie Morella Library,F,31164.2,0,0,18
OHR,Office of Human Resources,OHR 33 Recruitment and Selection,F,95410.96,0,0,N22
FRS,Fire and Rescue Services,FRS 45 Training,F,98550.4,1137.12,0,24
OHR,Office of Human Resources,OHR 33 Recruitment and Selection,M,136651.13,0,0,M3
HHS,Department of Health and Human Services,HHS 60 School Health Services,F,93185.87,0,0,24
POL,Department of Police,POL 47 HQ Office of the Chief,M,83211,0,0,P2
POL,Department of Police,POL 47 HQ Office of the Chief,M,70056,303.15,0,P2
SHF,Sheriff's Office,SHF 48 Administration,F,65969,0,0,G1
SHF,Sheriff's Office,SHF 48 Administration,F,65969,0,0,G1
HHS,Department of Health and Human Services,HHS 60 Public Health Services Division,M,101970,0,0,24
DOT,Department of Transportation,DOT 50 Transit Gaithersburg Ride On,M,64374.84,1058.54,0,9
HCA,Department of Housing and Community Affairs,HCA 76 Director,M,115360,0,0,N25
DOT,Department of Transportation,DOT 50 Transportation Management,M,56540.67,0,0,15
COR,Correction and Rehabilitation,COR 42 DS MCCF Unit 2 Security,M,61765,2604.69,0,C3
OGM,Office of Grants Management,OGM 27 Office of Grants Management,M,108150,0,0,N25
DOT,Department of Transportation,DOT 50 Transportation Construction Section,M,149350,0,0,28
OAS,Office of Animal Services,OAS 38 Animal Services Division,M,65396.19,43.4,0,14
OLR,Office of Labor Relations,OLR 26 Labor Relations Division,M,112574.88,0,0,N26
COR,Correction and Rehabilitation,COR 42 DS MCCF Unit 2 Security,M,59966,0,0,C3
POL,Department of Police,POL 47 HQ Office of the Chief,M,70056,277.88,0,P2
CCL,County Council,CCL 01 Council Members and Staff,M,59698.8,0,0,N16
POL,Department of Police,POL 47 HQ Office of the Chief,M,70056,227.36,0,P2
HHS,Department of Health and Human Services,HHS 60 Behavioral Health and Crisis Services Division,M,98880,3454.35,0,24
HHS,Department of Health and Human Services,HHS 60 Children Youth and Family Services Division,M,85490,0,0,18
ABS,Alcohol Beverage Services,ABS 85 Beer Delivery Operations,M,68000,0,0,15
COR,Correction and Rehabilitation,COR 42 DS Food Services,M,73558.87,4217.73,0,18
OHR,Office of Human Resources,OHR 33 Occupational Medical Services Team,F,94760,0,0,N21
HHS,Department of Health and Human Services,HHS 60 Behavioral Health and Crisis Services Division,F,98760.52,5484.2,0,24
HHS,Department of Health and Human Services,HHS 60 Child Welfare Services,M,65405,1886.72,0,13
HHS,Department of Health and Human Services,HHS 60 Children Youth and Family Services Division,F,82400,0,0,21
HHS,Department of Health and Human Services,HHS 60 Behavioral Health and Crisis Services Division,F,89914.88,1756.64,0,23
FRS,Fire and Rescue Services,FRS 45 Field Recruits,M,62102,0,0,F1
FRS,Fire and Rescue Services,FRS 45 Field Recruits,M,62102,0,0,F1
CCL,County Council,CCL 01 Council Central Staff,M,82400,0,0,N21
FRS,Fire and Rescue Services,FRS 45 Field Recruits,M,62102,0,0,F1
FRS,Fire and Rescue Services,FRS 45 Field Recruits,M,62102,0,0,F1
FRS,Fire and Rescue Services,FRS 45 Field Recruits,F,62102,0,0,F1
FRS,Fire and Rescue Services,FRS 45 Field Recruits,M,62102,0,0,F1
LIB,Department of Public Libraries,LIB 71 Chevy Chase Library,F,83430,0,0,21
FRS,Fire and Rescue Services,FRS 45 Field Recruits,M,62102,0,0,F1
FRS,Fire and Rescue Services,FRS 45 Field Recruits,F,62102,0,0,F1
FRS,Fire and Rescue Services,FRS 45 Field Recruits,M,62102,0,0,F1
FRS,Fire and Rescue Services,FRS 45 Field Recruits,M,62102,0,0,F1
FRS,Fire and Rescue Services,FRS 45 Field Recruits,F,62102,0,0,F1
FRS,Fire and Rescue Services,FRS 45 Recruit Training,M,62102,0,0,F1
FRS,Fire and Rescue Services,FRS 45 Field Recruits,M,62102,0,0,F1
FRS,Fire and Rescue Services,FRS 45 Recruit Training,M,62102,0,0,F1
FRS,Fire and Rescue Services,FRS 45 Field Recruits,M,62102,0,0,F1
FRS,Fire and Rescue Services,FRS 45 Field Recruits,M,62102,0,0,F1
FRS,Fire and Rescue Services,FRS 45 Field Recruits,M,62102,0,0,F1
FRS,Fire and Rescue Services,FRS 45 Field Recruits,M,62102,0,0,F1
FRS,Fire and Rescue Services,FRS 45 Field Recruits,M,62102,0,0,F1
LIB,Department of Public Libraries,LIB 71 Chevy Chase Library,F,32960,0,0,18
FRS,Fire and Rescue Services,FRS 45 Field Recruits,F,62102,0,0,F1
FRS,Fire and Rescue Services,FRS 45 Field Recruits,M,62102,0,0,F1
LIB,Department of Public Libraries,LIB 71 Rockville Library,F,32254.45,0,0,18
FRS,Fire and Rescue Services,FRS 45 Field Recruits,M,62102,135.53,0,F1
FRS,Fire and Rescue Services,FRS 45 Recruit Training,M,62102,0,0,F1
FRS,Fire and Rescue Services,FRS 45 Recruit Training,M,60147,0,0,F1
FRS,Fire and Rescue Services,FRS 45 Field Recruits,M,62102,0,0,F1
FRS,Fire and Rescue Services,FRS 45 Field Recruits,M,62102,0,0,F1
FRS,Fire and Rescue Services,FRS 45 Recruit Training,M,62102,0,0,F1
FRS,Fire and Rescue Services,FRS 45 Field Recruits,M,62102,0,0,F1
FRS,Fire and Rescue Services,FRS 45 Field Recruits,M,62102,0,0,F1
FRS,Fire and Rescue Services,FRS 45 Recruit Training,M,62102,0,0,F1
FRS,Fire and Rescue Services,FRS 45 Field Recruits,M,62102,0,0,F1
FRS,Fire and Rescue Services,FRS 45 Recruit Training,M,62102,0,0,F1
FRS,Fire and Rescue Services,FRS 45 Field Recruits,M,62102,0,0,F1
FRS,Fire and Rescue Services,FRS 45 Field Recruits,M,62102,0,0,F1
HHS,Department of Health and Human Services,HHS 60 Children Youth and Family Services Division,F,94642.23,0,0,21
ABS,Alcohol Beverage Services,ABS 85 Potomac,M,25750,956.98,0,12
HHS,Department of Health and Human Services,HHS 60 Children Youth and Family Services Division,F,113300,0,0,25
HHS,Department of Health and Human Services,HHS 60 Chief Operating Officer Division,M,81370,0,0,N23
FIN,Department of Finance,FIN 32 General Accounting,F,122570,0,0,23
DGS,Department of General Services,DGS 36 Fleet Management Fleet Services,M,90149,0,0,16
DOT,Department of Transportation,DOT 50 Parking Management Financial Management,F,82400,0,0,16
REC,Department of Recreation,REC 72 Aquatic Team Management,F,62000,0,0,12
HHS,Department of Health and Human Services,HHS 60 Child Welfare Services,F,77604.84,0,0,21
BOE,Board of Elections,BOE 24 Election Judge Recruitment,M,103000,0,0,N25
HHS,Department of Health and Human Services,HHS 60 Child Welfare Services,F,77604.84,0,0,21
HHS,Department of Health and Human Services,HHS 60 Aging & Disability Services Division,F,100425,0,0,21
POL,Department of Police,POL 47 MSB Communications Division,F,55517,1859.93,0,15
ABS,Alcohol Beverage Services,ABS 85 Wheaton,M,25750,343.3,0,12
POL,Department of Police,POL 47 MSB Communications Division,M,55517,1815.09,0,15
POL,Department of Police,POL 47 MSB Communications Division,F,55517,673.99,0,15
POL,Department of Police,POL 47 MSB Communications Division,F,55517,160.15,0,15
POL,Department of Police,POL 47 MSB Communications Division,M,55517,213.54,0,15
POL,Department of Police,POL 47 MSB Communications Division,F,61068.7,1707.12,0,17
LIB,Department of Public Libraries,LIB 71 Maggie Nightingale Library,F,61444.65,0,0,21
CAT,County Attorney's Office,CAT 30 Finance and Procurement,F,103000,0,0,N24
CAT,County Attorney's Office,CAT 30 Health and Human Services,F,139050,0,0,N27
ABS,Alcohol Beverage Services,ABS 85 Seneca Meadows,M,24964.11,839.37,0,12
TBS,Department of Technology and Enterprise Business Solutions,TBS 34 OPS Radio Communications Services,M,87497.47,1514.48,0,20
ABS,Alcohol Beverage Services,ABS 85 Silver Spring,M,26780,315.09,0,12
DHS,Office of Emergency Management and Homeland Security,DHS 49 Policy and Planning,M,113104.59,4017.22,0,24
DGS,Department of General Services,DGS 36 Facilities Maintenance,M,117252,1691.18,0,22
HHS,Department of Health and Human Services,HHS 60 Child Welfare Services,M,77604.84,111.94,0,21
DEP,Department of Environmental Protection,DEP 80 Strategic and Administrative Services Division,F,92700,0,0,23
DEP,Department of Environmental Protection,DEP 80 Waste Reduction and Recycling,F,121540,0,0,N25
COR,Correction and Rehabilitation,COR 42 DS MCCF Unit 2 Security,M,61765,18018.44,0,C3
COR,Correction and Rehabilitation,COR 42 DS MCCF Unit 2 Security,M,61765,1871.03,0,C3
COR,Correction and Rehabilitation,COR 42 DS MCCF Unit 2 Security,M,61765,3828.96,0,C3
POL,Department of Police,POL 47 MSB Information Management and Technology Division Data Systems Section,F,81370,450.73,0,16
OIG,Office of the Inspector General,OIG 06 Office of the Inspector General,M,132870,0,0,N28
DPS,Department of Permitting Services,DPS 75 Customer Support,M,56650,13.49,0,15
HHS,Department of Health and Human Services,HHS 60 Behavioral Health and Crisis Services Division,F,102478.82,0,0,24
COR,Correction and Rehabilitation,COR 42 DS MCCF Unit 3 Security,M,61765,3386.21,0,C3
HHS,Department of Health and Human Services,HHS 60 Chief Operating Officer Division,F,115606.17,0,0,N25
HHS,Department of Health and Human Services,HHS 60 Public Health Services Division,F,93185.87,0,0,24
COR,Correction and Rehabilitation,COR 42 DS MCCF Unit 3 Security,M,61765,6593.25,0,C3
COR,Correction and Rehabilitation,COR 42 DS MCCF Unit 3 Security,M,61765,1804.38,0,C3
DOT,Department of Transportation,DOT 50 Transportation Management,M,56540.67,3768.48,0,15
DOT,Department of Transportation,DOT 50 Transportation Property Acquisition Section,F,117243.62,0,0,25
HHS,Department of Health and Human Services,HHS 60 Office of Eligibility and Support Services,F,144200,0,0,M3
HHS,Department of Health and Human Services,HHS 60 Child Welfare Services,F,77604.84,0,0,21
HHS,Department of Health and Human Services,HHS 60 Child Welfare Services,F,77765,0,0,18
HHS,Department of Health and Human Services,HHS 60 School Health Services,F,93185.87,0,0,24
FRS,Fire and Rescue Services,FRS 45 Emergency Medical And Integrated Healthcare Services,F,63856.91,0,0,16
DEP,Department of Environmental Protection,DEP 80 Recycling and Refuse Services,M,78280,1848.86,0,21
OHR,Office of Human Resources,OHR 33 Equal Employment Opportunity & Diversity,M,136651,0,0,M3
HHS,Department of Health and Human Services,HHS 60 Children Youth and Family Services Division,M,82851.59,0,0,18
DGS,Department of General Services,DGS 36 Fleet Automotive Heavy Equipment,F,61800,445.68,0,16
HHS,Department of Health and Human Services,HHS 60 School Health Services,F,93185.87,0,0,24
COR,Correction and Rehabilitation,COR 42 DS MCCF Unit 2 Security,M,61765,6526.42,0,C3
COR,Correction and Rehabilitation,COR 42 DS MCCF Unit 1 Security,F,61765,12829.21,0,C3
COR,Correction and Rehabilitation,COR 42 DS MCCF Unit 2 Security,M,61765,401.04,0,C3
HHS,Department of Health and Human Services,HHS 60 Public Health Services Division,F,57323.62,0,0,13
HHS,Department of Health and Human Services,HHS 60 School Health Services,M,102665.64,0,0,24
HHS,Department of Health and Human Services,HHS 60 Behavioral Health and Crisis Services Division,F,110210,3993.83,0,24
CCL,County Council,CCL 01 Council Members and Staff,F,70000,0,0,N18
DEP,Department of Environmental Protection,DEP 80 Waste Reduction and Recycling,F,144200,0,0,N27
DEP,Department of Environmental Protection,DEP 80 Stormwater BMP Inspection and Maintenance,F,95790,0,0,23
HHS,Department of Health and Human Services,HHS 60 Chief Operating Officer Division,F,82128.91,0,0,16
HHS,Department of Health and Human Services,HHS 60 School Health Services,F,100410.67,0,0,24
HHS,Department of Health and Human Services,HHS 60 Public Health Services Division,F,74160,0,0,14
HHS,Department of Health and Human Services,HHS 60 Child Welfare Services,F,77604.84,0,0,21
ABS,Alcohol Beverage Services,ABS 85 Fallsgrove,F,78280,0,0,N18
REC,Department of Recreation,REC 72 Business Services,M,115000,0,0,N25
REC,Department of Recreation,REC 72 Facilities Division,F,99000,0,0,N23
DOT,Department of Transportation,DOT 50 Sign and Marking Shop,M,66171,0,0,14
COR,Correction and Rehabilitation,COR 42 DS MCDC Custody and Security,M,61765,8965.09,0,C3
COR,Correction and Rehabilitation,COR 42 DS MCDC Central Processing Unit,M,61765,5234.59,0,C3
OHR,Office of Human Resources,OHR 33 Recruitment and Selection,F,95411,0,0,N22
HCA,Department of Housing and Community Affairs,HCA 76 Licensing,F,80000,0,0,21
HHS,Department of Health and Human Services,HHS 60 Child Welfare Services,F,92700,0,0,24
OAS,Office of Animal Services,OAS 38 Animal Services Division,M,53254.9,0,0,13
CCL,County Council,CCL 01 Council Members and Staff,F,92500,0,0,N18
COR,Correction and Rehabilitation,COR 42 DS MCCF Unit 2 Security,M,61765,7149.78,0,C3
HHS,Department of Health and Human Services,HHS 60 Children Youth and Family Services Division,F,75000,0,0,18
HHS,Department of Health and Human Services,HHS 60 Behavioral Health and Crisis Services Division,F,93547,0,0,23
HHS,Department of Health and Human Services,HHS 60 Child Welfare Services,F,105000,0,0,23
POL,Department of Police,POL 47 MSB  Professional Accountability Division,M,84000,0,0,18
POL,Department of Police,POL 47 MSB  Professional Accountability Division,M,89000,0,0,18
DEP,Department of Environmental Protection,DEP 80 Strategic and Administrative Services Division,F,134086,0,0,N25
HHS,Department of Health and Human Services,HHS 60 Services to End and Prevent Homelessness Division,M,48818.77,0,0,23
DEP,Department of Environmental Protection,DEP 80 Stewardship Programs,M,76220,0,0,21
HHS,Department of Health and Human Services,HHS 60 Behavioral Health and Crisis Services Division,F,94648,4061.26,0,23
HHS,Department of Health and Human Services,HHS 60 Office of Eligibility and Support Services,F,64000,0,0,17
HHS,Department of Health and Human Services,HHS 60 Child Welfare Services,F,100000,0,0,23
OHR,Office of Human Resources,OHR 33 Classification and Compensation Team,M,115451,0,0,N27
HHS,Department of Health and Human Services,HHS 60 School Health Services,F,95036.88,0,0,24
CEC,Community Engagement Cluster,CEC 16 Community Partnerships,F,40092,0,0,23
HCA,Department of Housing and Community Affairs,HCA 76 Director,F,210000,0,0,EX3
DOT,Department of Transportation,DOT 50 Transit Nicholson Ride On,M,65107,2540.01,0,T1
DOT,Department of Transportation,DOT 50 Transit Silver Spring Ride On,F,65107,4734.77,0,T1
DOT,Department of Transportation,DOT 50 Transit Nicholson Ride On,M,65107,2775.87,0,T1
DOT,Department of Transportation,DOT 50 Transit Silver Spring Ride On,M,65107,3187.72,0,T1
DOT,Department of Transportation,DOT 50 Transit Silver Spring Ride On,M,65107,3844.26,0,T1
DOT,Department of Transportation,DOT 50 Transit Silver Spring Ride On,M,65107,3475.21,0,T1
DOT,Department of Transportation,DOT 50 Transit Gaithersburg Ride On,M,65107,3204.09,0,T1
POL,Department of Police,POL 47 MSB Training and Education Division,F,29143.5,0,0,10
OHR,Office of Human Resources,OHR 33 Strategic Communications,F,66500,0,0,N16
HHS,Department of Health and Human Services,HHS 60 Child Welfare Services,F,77604.84,0,0,21
HHS,Department of Health and Human Services,HHS 60 Child Welfare Services,F,77604.84,265.85,0,21
HHS,Department of Health and Human Services,HHS 60 Behavioral Health and Crisis Services Division,F,102438,0,0,24
HHS,Department of Health and Human Services,HHS 60 Aging & Disability Services Division,F,104134,0,0,24
POL,Department of Police,POL 47 FSB Traffic Division School Safety Section,F,23322,0,0,10
FRS,Fire and Rescue Services,FRS 45 Fleet Operations,M,87523,3440.01,0,16
TBS,Department of Technology and Enterprise Business Solutions,TBS 34 OSP Low Code Governance and Administration,M,150001,0,0,N28
POL,Department of Police,POL 47 MSB Training and Education Division,M,70056,0,0,P1
DPS,Department of Permitting Services,DPS 75 Residential Inspections,M,90000,0,0,21
OAS,Office of Animal Services,OAS 38 Animal Services Division,F,98111.49,0,0,23
CEC,Community Engagement Cluster,CEC 16 Community Partnerships,F,41477,0,0,23
POL,Department of Police,POL 47 MSB Personnel Division,F,80325,0,0,N18
HHS,Department of Health and Human Services,HHS 60 Office of Eligibility and Support Services,F,60975.23,153.92,0,17
HHS,Department of Health and Human Services,HHS 60 Office of Eligibility and Support Services,F,60975.23,0,0,17
COR,Correction and Rehabilitation,COR 42 DS Inmate Records,F,65405,235.85,0,17
CEX,Offices of the County Executive,CEX 15 Internal Audit,M,108823,0,0,N25
OMB,Office of Management and Budget,OMB 31 Office of Management and Budget,M,104000,0,0,N25
HHS,Department of Health and Human Services,HHS 60 Child Welfare Services,F,46350,0,0,23
CCL,County Council,CCL 01 Council Central Staff,F,160000,0,0,M3
OHR,Office of Human Resources,OHR 33 Occupational Medical Services Team,M,99673,0,0,N23
OHR,Office of Human Resources,OHR 33 Police Stress Management,F,138000,0,0,N29
DEP,Department of Environmental Protection,"DEP 80 Planning, Design, Construction and Monitoring",M,123600,0,0,27
POL,Department of Police,POL 47 MSB Information Management and Technology Division Crime Analysis Section,F,88800,0,0,20
HHS,Department of Health and Human Services,HHS 60 Children Youth and Family Services Division,F,140000,0,0,M3
HHS,Department of Health and Human Services,HHS 60 Director's Office Division,M,118689,0,0,N25
CUS,Community Use of Public Facilities,CUS 70 Core Services Team,M,136651,0,0,M3
DOT,Department of Transportation,DOT 50 Transportation Planning and Design Section,F,121371.08,0,0,23
DOT,Department of Transportation,DOT 50 Transportation Property Acquisition Section,M,155000,0,0,M3
COR,Correction and Rehabilitation,COR 42 DS MCCF Unit 2 Security,M,61765,4507.01,0,C3
POL,Department of Police,POL 47 MSB Training and Education Division,M,70056,454.71,0,P1
HHS,Department of Health and Human Services,HHS 60 Children Youth and Family Services Division,M,86000,0,0,18
POL,Department of Police,POL 47 FSB Traffic Division School Safety Section,F,23322,0,0,10
HHS,Department of Health and Human Services,HHS 60 Office of Eligibility and Support Services,M,96000,0,0,N21
POL,Department of Police,POL 47 FSB Traffic Division School Safety Section,F,23322,0,0,10
HCA,Department of Housing and Community Affairs,HCA 76 Licensing,M,76000,0,0,21
HHS,Department of Health and Human Services,HHS 60 Child Welfare Services,F,77604.84,0,0,21
COR,Correction and Rehabilitation,COR 42 DS MCCF Unit 3 Security,F,61765,4031.7,0,C3
COR,Correction and Rehabilitation,COR 42 DS MCCF Unit 3 Security,M,61765,9465.91,0,C3
COR,Correction and Rehabilitation,COR 42 DS MCCF Unit 1 Security,M,61765,0,0,C3
HHS,Department of Health and Human Services,HHS 60 Aging & Disability Services Division,F,102931,0,0,21
HHS,Department of Health and Human Services,HHS 60 Chief Operating Officer Division,F,120000,0,0,N25
DOT,Department of Transportation,DOT 50 Transportation Planning and Design Section,F,151410,0,0,28
POL,Department of Police,POL 47 FSB Traffic Division School Safety Section,F,23322,0,0,10
POL,Department of Police,POL 47 MSB Information Management and Technology Division Data Systems Section,M,97626,1408.08,0,19
HHS,Department of Health and Human Services,HHS 60 Children Youth and Family Services Division,M,80400,0,0,18
HHS,Department of Health and Human Services,HHS 60 Child Welfare Services,F,77604.84,223.87,0,21
HHS,Department of Health and Human Services,HHS 60 Office of Eligibility and Support Services,F,61992.91,0,0,17
DOT,Department of Transportation,DOT 50 Highway Services,M,55517,6726.33,0,15
HHS,Department of Health and Human Services,HHS 60 Child Welfare Services,F,77604.84,0,0,21
COR,Correction and Rehabilitation,COR 42 DS MCCF Unit 2 Security,M,61765,0,0,C3
COR,Correction and Rehabilitation,COR 42 MBHS Medical and Behavioral Health Services,F,96851,20918.6,0,24
PRO,Office of Procurement,PRO 35 Procurement Services Section,M,73873,0,0,16
COR,Correction and Rehabilitation,COR 42 DS MCCF Unit 2 Security,M,61765,6347.84,0,C3
DGS,Department of General Services,DGS 36 Fleet Management Administration,M,53671,0,0,12
HCA,Department of Housing and Community Affairs,HCA 76 Housing Code Enforcement,M,120000,0,0,N25
HCA,Department of Housing and Community Affairs,HCA 76 Community Development Neighborhood Revitalization,M,159000,0,0,M3
DEP,Department of Environmental Protection,DEP 80 Waste Reduction and Recycling,F,73000,0,0,18
HHS,Department of Health and Human Services,HHS 60 School Health Services,F,85339.88,0,0,21
TBS,Department of Technology and Enterprise Business Solutions,TBS 34 OBP Community Engagement (GF),M,110000,0,0,23
DOT,Department of Transportation,DOT 50 Highway Services,M,55517,800.73,0,15
DOT,Department of Transportation,DOT 50 Highway Services,M,55517,5685.39,0,15
DOT,Department of Transportation,DOT 50 Highway Services,M,49928,360.06,0,12
PRO,Office of Procurement,PRO 35 Procurement Division,M,83250,0,0,N18
DOT,Department of Transportation,DOT 50 Transit Silver Spring Ride On,F,83245,0,0,16
NDA,Non-Departmental Account,NDA 99 MCIB,F,83000,0,0,N21
OAS,Office of Animal Services,OAS 38 Animal Services Division,F,66409,1239.07,0,17
POL,Department of Police,POL 47 MSB Training and Education Division,M,70056,0,0,P1
ABS,Alcohol Beverage Services,ABS 85 Liquor and Wine Delivery Operations,M,55500,582.17,0,10
ABS,Alcohol Beverage Services,ABS 85 Beer Delivery Operations,M,56500,1895.68,0,10
DGS,Department of General Services,DGS 36 Fleet Management Fleet Services,M,78618,0,0,16
DOT,Department of Transportation,DOT 50 Transit Gaithersburg Ride On,M,65107,1339.85,0,T1
DOT,Department of Transportation,DOT 50 Transit Silver Spring Ride On,F,65107,1109.48,0,T1
TBS,Department of Technology and Enterprise Business Solutions,TBS 34 OPS Public Safety Data Systems,M,124211,0,0,N28
OMB,Office of Management and Budget,OMB 31 Office of Management and Budget,M,225000,0,0,EX3
POL,Department of Police,POL 47 MSB Training and Education Division,F,70056,0,0,P1
COR,Correction and Rehabilitation,COR 42 DS MCCF Unit 3 Security,M,61765,1470.34,0,C3
PIO,Office of Public Information,PIO 23 Web Content and Graphic Management,M,91361,0,0,N21
COR,Correction and Rehabilitation,COR 42 DS MCCF Unit 3 Security,M,61765,2138.46,0,C3
TBS,Department of Technology and Enterprise Business Solutions,TBS 34 OPS Public Safety Data Systems,M,128000,0,0,N28
DPS,Department of Permitting Services,DPS 75 Land Development Sediment and Stormwater Inspection,M,95000,3665.37,0,21
DGS,Department of General Services,DGS 36 Fleet Management Administration,M,76018,0,0,12
POL,Department of Police,POL 47 FSB Traffic Division School Safety Section,F,23322,0,0,10
HHS,Department of Health and Human Services,HHS 60 Office of Eligibility and Support Services,M,60975.23,0,0,17
REC,Department of Recreation,REC 72 Information Technology,M,87500,0,0,21
OAS,Office of Animal Services,OAS 38 Animal Services Division,F,77015,1023.72,0,17
DOT,Department of Transportation,DOT 50 Sign and Marking Shop,M,78500,0,0,N19
DOT,Department of Transportation,DOT 50 Traffic Engineering and Operations,F,70000,0,0,13
FIN,Department of Finance,FIN 32 Division of Fiscal Management,M,200829,0,0,M2
REC,Department of Recreation,REC 72 Youth Development,M,83500,0,0,21
HHS,Department of Health and Human Services,HHS 60 Children Youth and Family Services Division,F,70000,0,0,18
HHS,Department of Health and Human Services,HHS 60 Public Health Services Division,F,73268,0,0,13
HHS,Department of Health and Human Services,HHS 60 Children Youth and Family Services Division,F,84000,0,0,16
DEP,Department of Environmental Protection,DEP 80 Director,M,99600,0,0,N23
OHR,Office of Human Resources,OHR 33 Police Stress Management,F,91361,0,0,N21
TBS,Department of Technology and Enterprise Business Solutions,TBS 34 OBP Community Technology (GF),M,87497,0,0,20
HHS,Department of Health and Human Services,HHS 60 Behavioral Health and Crisis Services Division,F,100500,0,0,24
POL,Department of Police,POL 47 MSB Training and Education Division,M,70056,1212.56,0,P1
POL,Department of Police,POL 47 MSB Communications Division,F,55517,0,0,15
POL,Department of Police,POL 47 MSB Communications Division,F,55517,0,0,15
POL,Department of Police,POL 47 MSB Communications Division,F,55517,0,0,15
POL,Department of Police,POL 47 MSB Communications Division,M,55517,0,0,15
DOT,Department of Transportation,DOT 50 Highway Services,M,49928,4824.95,0,12
HHS,Department of Health and Human Services,HHS 60 Children Youth and Family Services Division,F,82400,0,0,18
POL,Department of Police,POL 47 MSB Communications Division,M,55517,0,0,15
POL,Department of Police,POL 47 MSB Communications Division,F,55517,0,0,15
POL,Department of Police,POL 47 MSB  Professional Accountability Division,M,120000,0,0,23
POL,Department of Police,POL 47 MSB Training and Education Division,M,70056,934.68,0,P1
POL,Department of Police,POL 47 MSB Communications Division,M,55517,0,0,15
HHS,Department of Health and Human Services,HHS 60 Office of Eligibility and Support Services,M,60975.23,0,0,17
POL,Department of Police,POL 47 MSB Communications Division,F,55517,0,0,15
POL,Department of Police,POL 47 MSB Training and Education Division,M,70056,808.36,0,P1
POL,Department of Police,POL 47 MSB Communications Division,F,55517,0,0,15
HHS,Department of Health and Human Services,HHS 60 Office of Eligibility and Support Services,F,63184,0,0,16
DOT,Department of Transportation,DOT 50 Transit Operations and Planning,M,116574,0,0,25
CCL,County Council,CCL 01 Council Central Staff,M,99672,0,0,N23
DGS,Department of General Services,DGS 36 Fleet Automotive Heavy Equipment,M,90149,0,0,16
DOT,Department of Transportation,DOT 50 Transit Services Information Technology,M,124211,0,0,N28
DOT,Department of Transportation,DOT 50 Traffic Engineering Studies Section,M,108273,0,0,25
POL,Department of Police,POL 47 MSB Communications Division,F,55517,160.15,0,15
HHS,Department of Health and Human Services,HHS 60 Director's Office Division,F,87746.98,0,0,21
COR,Correction and Rehabilitation,COR 42 DS MCCF Unit 1 Security,M,61765,2984.68,0,C3
POL,Department of Police,POL 47 MSB Communications Division,M,55517,0,0,15
DOT,Department of Transportation,DOT 50 Highway Services,M,55517,5685.37,0,15
DOT,Department of Transportation,DOT 50 Highway Services,M,49928,5491.12,0,12
POL,Department of Police,POL 47 FSB Traffic Division Vehicle Recovery Section,M,63000,386.19,0,16
POL,Department of Police,POL 47 MSB Training and Education Division,M,75047,460.05,0,P1
CEC,Community Engagement Cluster,CEC 16 Community Partnerships,F,64480,0,0,N28
OIG,Office of the Inspector General,OIG 06 Office of the Inspector General,F,154000,0,0,M3
LIB,Department of Public Libraries,LIB 71 Gaithersburg Library,F,125000,0,0,M3
FRS,Fire and Rescue Services,FRS 45 EMS Billing,M,100497,0,0,21
HHS,Department of Health and Human Services,HHS 60 Child Welfare Services,F,73586,0,0,16
HHS,Department of Health and Human Services,HHS 60 Public Health Services Division,F,93185.87,0,0,24
FRS,Fire and Rescue Services,FRS 45 Support Services Division,M,113754,0,0,26
DGS,Department of General Services,DGS 36 Fleet Management Fleet Services,M,54276,0,0,12
ABS,Alcohol Beverage Services,ABS 85 Retail Administration,M,173000,0,0,M2
COR,Correction and Rehabilitation,COR 42 MBHS Medical and Behavioral Health Services,M,102622,0,0,24
HHS,Department of Health and Human Services,HHS 60 Child Welfare Services,F,88867,0,0,23
DPS,Department of Permitting Services,DPS 75 Commercial Bldg/LS/Access/FPS,M,120000,0,0,24
DEP,Department of Environmental Protection,DEP 80 Climate Programs,M,153585,0,0,N28
DOT,Department of Transportation,DOT 50 Transportation Planning and Design Section,M,174642,0,0,M3
NDA,Non-Departmental Account,NDA 99 MCIB,F,103222,0,0,N23
DGS,Department of General Services,DGS 36 Property Management,M,115000,0,0,N24
CCL,County Council,CCL 01 Council Members and Staff,F,125000,0,0,LB3
HHS,Department of Health and Human Services,HHS 60 Child Welfare Services,F,117735,0,0,N26
CAT,County Attorney's Office,CAT 30 Finance and Procurement,F,170000,0,0,N32
POL,Department of Police,POL 47 MSB Information Management and Technology Division,F,89300,0,0,20
HHS,Department of Health and Human Services,HHS 60 Behavioral Health and Crisis Services Division,F,127623.42,0,0,26
HHS,Department of Health and Human Services,HHS 60 Behavioral Health and Crisis Services Division,M,55105,119.22,0,24
HHS,Department of Health and Human Services,HHS 60 Public Health Services Division,F,98000,0,0,24
HHS,Department of Health and Human Services,HHS 60 Public Health Services Division,F,90000,0,0,23
DGS,Department of General Services,DGS 36 Fleet Management Fleet Services,M,54276,0,0,12
POL,Department of Police,POL 47 MSB Training and Education Division,M,70056,0,0,P1
HHS,Department of Health and Human Services,HHS 60 Children Youth and Family Services Division,F,150000,0,0,M3
HHS,Department of Health and Human Services,HHS 60 Behavioral Health and Crisis Services Division,F,147500,0,0,M3
HCA,Department of Housing and Community Affairs,HCA 76 Housing Development,M,187000,0,0,M2
CUS,Community Use of Public Facilities,CUS 70 Silver Spring Civic Building,M,108823,0,0,N25
CUS,Community Use of Public Facilities,CUS 70 Director,F,175000,0,0,M1
OHR,Office of Human Resources,OHR 33 Professional Learning and Org Development,M,89500,0,0,N22
DOT,Department of Transportation,DOT 50 Traffic Engineering and Operations,F,70000,0,0,13
HHS,Department of Health and Human Services,HHS 60 Behavioral Health and Crisis Services Division,M,106000,0,0,25
OLO,Office of Legislative Oversight,OLO 03 Legislative Oversight Staff,M,91000,0,0,N21
HHS,Department of Health and Human Services,HHS 60 Social Services,F,67500,0,0,N17
HHS,Department of Health and Human Services,HHS 60 Director's Office Division,F,82555,0,0,N16
DGS,Department of General Services,DGS 36 Fleet Management Administration,M,76018,0,0,12
CCL,County Council,CCL 01 Council Members and Staff,M,65000,0,0,N18
HHS,Department of Health and Human Services,HHS 60 Public Health Services Division,F,89700,0,0,21
DGS,Department of General Services,DGS 36 Fleet Management Services,M,68047,0,0,12
LIB,Department of Public Libraries,LIB 71 Chevy Chase Library,M,85000,0,0,N20
COR,Correction and Rehabilitation,COR 42 DS MCCF Unit 2 Security,F,61765,222.8,0,C3
PRO,Office of Procurement,PRO 35 Procurement Services Section,M,99673,0,0,23
COR,Correction and Rehabilitation,COR 42 DS MCCF Unit 3 Security,M,61765,222.8,0,C3
DEP,Department of Environmental Protection,DEP 80 Director,F,250000,0,0,EX1
CCL,County Council,CCL 01 Council Central Staff,F,75500,0,0,N17
HHS,Department of Health and Human Services,HHS 60 Office of Eligibility and Support Services,F,60185,0,0,16
LIB,Department of Public Libraries,LIB 71 Gaithersburg Library,F,125000,0,0,M3
HHS,Department of Health and Human Services,HHS 60 School Health Services,F,102655.64,0,0,24
HHS,Department of Health and Human Services,HHS 60 Office of Eligibility and Support Services,M,60975.23,0,0,17
DPS,Department of Permitting Services,DPS 75 Commercial Electrical and FPS Inspections,M,95000,0,0,21
HHS,Department of Health and Human Services,HHS 60 School Health Services,F,85399.88,0,0,21
HHS,Department of Health and Human Services,HHS 60 Children Youth and Family Services Division,M,86463.5,0,0,18
OHR,Office of Human Resources,OHR 33 Talent Acquisition & Management,F,172000,0,0,M2
DGS,Department of General Services,DGS 36 Fleet Management Fleet Services,M,53671,0,0,12
OFR,Office of Food Systems Resilience,OFR 28 Food Systems Resilience,M,112946,0,0,23
CCL,County Council,CCL 01 Council Members and Staff,F,171100.73,0,0,
CUS,Community Use of Public Facilities,CUS 70 Core Services Team,M,80325,0,0,18
FRS,Fire and Rescue Services,FRS 45 Recruit Training,M,62102,0,0,F1
FRS,Fire and Rescue Services,FRS 45 Recruit Training,M,62102,0,0,F1
FRS,Fire and Rescue Services,FRS 45 Recruit Training,M,62102,0,0,F1
FRS,Fire and Rescue Services,FRS 45 Recruit Training,M,62102,0,0,F1
FRS,Fire and Rescue Services,FRS 45 Recruit Training,M,62102,0,0,F1
FRS,Fire and Rescue Services,FRS 45 Recruit Training,M,62102,0,0,F1
FRS,Fire and Rescue Services,FRS 45 Recruit Training,M,62102,0,0,F1
FRS,Fire and Rescue Services,FRS 45 Recruit Training,M,62102,0,0,F1
FRS,Fire and Rescue Services,FRS 45 Recruit Training,M,62102,0,0,F1
FRS,Fire and Rescue Services,FRS 45 Recruit Training,M,62102,0,0,F1
FRS,Fire and Rescue Services,FRS 45 Recruit Training,M,62102,0,0,F1
FRS,Fire and Rescue Services,FRS 45 Recruit Training,M,62102,0,0,F1
FRS,Fire and Rescue Services,FRS 45 Recruit Training,M,62102,0,0,F1
FRS,Fire and Rescue Services,FRS 45 Recruit Training,M,62102,0,0,F1
FRS,Fire and Rescue Services,FRS 45 Recruit Training,M,62102,0,0,F1
FRS,Fire and Rescue Services,FRS 45 Recruit Training,M,62102,0,0,F1
FRS,Fire and Rescue Services,FRS 45 Recruit Training,M,62102,0,0,F1
FRS,Fire and Rescue Services,FRS 45 Recruit Training,M,62102,0,0,F1
FRS,Fire and Rescue Services,FRS 45 Recruit Training,M,62102,0,0,F1
FRS,Fire and Rescue Services,FRS 45 Recruit Training,M,62102,0,0,F1
FRS,Fire and Rescue Services,FRS 45 Recruit Training,M,62102,0,0,F1
FRS,Fire and Rescue Services,FRS 45 Recruit Training,M,62102,0,0,F1
FRS,Fire and Rescue Services,FRS 45 Recruit Training,M,62102,0,0,F1
FRS,Fire and Rescue Services,FRS 45 Recruit Training,M,62102,0,0,F1
FRS,Fire and Rescue Services,FRS 45 Recruit Training,M,62102,0,0,F1
FRS,Fire and Rescue Services,FRS 45 Recruit Training,M,62102,0,0,F1
FRS,Fire and Rescue Services,FRS 45 Recruit Training,M,62102,0,0,F1
FRS,Fire and Rescue Services,FRS 45 Recruit Training,M,62102,0,0,F1
FRS,Fire and Rescue Services,FRS 45 Recruit Training,M,62102,0,0,F1
FRS,Fire and Rescue Services,FRS 45 Recruit Training,M,62102,0,0,F1
FRS,Fire and Rescue Services,FRS 45 Recruit Training,M,62102,0,0,F1
FRS,Fire and Rescue Services,FRS 45 Recruit Training,M,62102,0,0,F1
FRS,Fire and Rescue Services,FRS 45 Recruit Training,M,62102,0,0,F1
FRS,Fire and Rescue Services,FRS 45 Recruit Training,M,62102,0,0,F1
FRS,Fire and Rescue Services,FRS 45 Recruit Training,M,62102,0,0,F1
FRS,Fire and Rescue Services,FRS 45 Recruit Training,M,62102,0,0,F1
FRS,Fire and Rescue Services,FRS 45 Recruit Training,M,62102,0,0,F1
FRS,Fire and Rescue Services,FRS 45 Recruit Training,M,62102,0,0,F1
FRS,Fire and Rescue Services,FRS 45 Recruit Training,M,62102,0,0,F1
FRS,Fire and Rescue Services,FRS 45 Recruit Training,F,62102,0,0,F1
FRS,Fire and Rescue Services,FRS 45 Recruit Training,M,62102,0,0,F1
FRS,Fire and Rescue Services,FRS 45 Recruit Training,M,62102,0,0,F1
FRS,Fire and Rescue Services,FRS 45 Recruit Training,M,62102,0,0,F1
FRS,Fire and Rescue Services,FRS 45 Recruit Training,M,62102,0,0,F1
COR,Correction and Rehabilitation,COR 42 DS MCCF Unit 2 Security,M,61765,0,0,C3
FRS,Fire and Rescue Services,FRS 45 Recruit Training,M,62102,0,0,F1
FRS,Fire and Rescue Services,FRS 45 Recruit Training,F,62102,0,0,F1
FRS,Fire and Rescue Services,FRS 45 Recruit Training,M,62102,0,0,F1
FRS,Fire and Rescue Services,FRS 45 Recruit Training,M,62102,0,0,F1
DOT,Department of Transportation,DOT 50 Transit Services Information Technology,M,119207,0,0,23
LIB,Department of Public Libraries,LIB 71 Twinbrook Library,F,105000,0,0,N25
DOT,Department of Transportation,DOT 50 Transit Silver Spring Ride On,F,64374.84,0,0,9
LIB,Department of Public Libraries,LIB 71 Germantown Library,F,107500,0,0,N25
FRS,Fire and Rescue Services,FRS 45 Recruit Training,M,62102,0,0,F1
HHS,Department of Health and Human Services,HHS 60 Office of Eligibility and Support Services,M,60975.23,0,0,17
FRS,Fire and Rescue Services,FRS 45 Recruit Training,F,62102,0,0,F1
HHS,Department of Health and Human Services,HHS 60 Child Welfare Services,F,100000,0,0,23
FRS,Fire and Rescue Services,FRS 45 Recruit Training,M,62102,0,0,F1
FRS,Fire and Rescue Services,FRS 45 Recruit Training,M,62102,0,0,F1
FRS,Fire and Rescue Services,FRS 45 Recruit Training,M,62102,0,0,F1
FRS,Fire and Rescue Services,FRS 45 Recruit Training,M,62102,0,0,F1
FRS,Fire and Rescue Services,FRS 45 Recruit Training,M,62102,0,0,F1
HHS,Department of Health and Human Services,HHS 60 Office of Eligibility and Support Services,F,60975.23,0,0,17
ABS,Alcohol Beverage Services,ABS 85 Kingsview,M,28000,0,0,12
ABS,Alcohol Beverage Services,ABS 85 Muddy Branch,M,25550,0,0,12
ABS,Alcohol Beverage Services,ABS 85 Montrose,M,25500,0,0,12
COR,Correction and Rehabilitation,COR 42 DS MCCF Unit 2 Security,M,61765,0,0,C3
COR,Correction and Rehabilitation,COR 42 DS MCDC Custody and Security,M,61765,0,0,C3
COR,Correction and Rehabilitation,COR 42 DS MCCF Unit 1 Security,M,61765,0,0,C3
ABS,Alcohol Beverage Services,ABS 85 Hampden Lane,F,25550,0,0,12
ABS,Alcohol Beverage Services,ABS 85 Hampden Lane,M,25550,0,0,12
ABS,Alcohol Beverage Services,ABS 85 Downtown Rockville,M,26250,0,0,12
CCL,County Council,CCL 01 Council Members and Staff,M,105000,0,0,N22
